time_h1,time_hL,node,actual_h1,actual_hL,Persistence_h1,Persistence_hL,HistoricalAverage_h1,HistoricalAverage_hL,Ridge_h1,Ridge_hL
2018-02-17 04:15:00,2018-02-17 05:10:00,46,7.0,10.0,7.0,7.0,3.2,8.0,3.642479,8.09977
2018-02-17 04:15:00,2018-02-17 05:10:00,97,102.0,134.0,113.0,113.0,118.4,142.8,113.70105,138.12823
2018-02-17 04:15:00,2018-02-17 05:10:00,225,7.0,6.0,1.0,1.0,5.4,7.4,3.0978775,5.377777
2018-02-17 04:20:00,2018-02-17 05:15:00,46,2.0,6.0,7.0,7.0,4.6,6.0,4.6421204,5.8685837
2018-02-17 04:20:00,2018-02-17 05:15:00,97,101.0,133.0,102.0,102.0,115.6,155.8,110.52481,150.44443
2018-02-17 04:20:00,2018-02-17 05:15:00,225,12.0,7.0,7.0,7.0,6.0,8.2,4.400795,6.729065
2018-02-17 04:25:00,2018-02-17 05:20:00,46,10.0,11.0,2.0,2.0,5.0,8.4,3.9123077,7.349968
2018-02-17 04:25:00,2018-02-17 05:20:00,97,135.0,164.0,101.0,101.0,111.8,149.6,103.62302,142.332
2018-02-17 04:25:00,2018-02-17 05:20:00,225,8.0,4.0,12.0,12.0,6.8,7.0,7.2308884,7.1910477
2018-02-17 04:30:00,2018-02-17 05:25:00,46,2.0,16.0,10.0,10.0,4.4,12.8,5.5751266,13.404633
2018-02-17 04:30:00,2018-02-17 05:25:00,97,113.0,152.0,135.0,135.0,109.8,139.6,109.780365,138.75061
2018-02-17 04:30:00,2018-02-17 05:25:00,225,9.0,9.0,8.0,8.0,4.2,6.8,5.3195496,7.4325256
2018-02-17 04:35:00,2018-02-17 05:30:00,46,1.0,12.0,2.0,2.0,6.2,11.6,5.027916,10.582138
2018-02-17 04:35:00,2018-02-17 05:30:00,97,115.0,185.0,113.0,113.0,123.4,155.4,117.58478,149.3906
2018-02-17 04:35:00,2018-02-17 05:30:00,225,6.0,15.0,9.0,9.0,7.4,8.6,7.864769,8.7447815
2018-02-17 04:40:00,2018-02-17 05:35:00,46,15.0,8.0,1.0,1.0,5.6,15.2,4.0807266,13.824738
2018-02-17 04:40:00,2018-02-17 05:35:00,97,117.0,161.0,115.0,115.0,116.8,151.6,113.38846,147.75061
2018-02-17 04:40:00,2018-02-17 05:35:00,225,4.0,11.0,6.0,6.0,5.8,11.0,6.5022125,11.42971
2018-02-17 04:45:00,2018-02-17 05:40:00,46,1.0,12.0,15.0,15.0,4.6,16.6,7.1336823,18.36129
2018-02-17 04:45:00,2018-02-17 05:40:00,97,126.0,167.0,117.0,117.0,120.4,165.2,117.47812,162.05457
2018-02-17 04:45:00,2018-02-17 05:40:00,225,7.0,12.0,4.0,4.0,6.2,10.8,5.554657,10.114555
2018-02-17 04:50:00,2018-02-17 05:45:00,46,5.0,15.0,1.0,1.0,5.4,17.2,5.3450623,17.06099
2018-02-17 04:50:00,2018-02-17 05:45:00,97,136.0,163.0,126.0,126.0,121.4,172.2,120.101715,169.85611
2018-02-17 04:50:00,2018-02-17 05:45:00,225,3.0,21.0,7.0,7.0,7.4,12.4,7.1687927,12.090843
2018-02-17 04:55:00,2018-02-17 05:50:00,46,10.0,13.0,5.0,5.0,5.8,18.8,5.5828934,18.378532
2018-02-17 04:55:00,2018-02-17 05:50:00,97,117.0,150.0,136.0,136.0,115.8,170.4,120.78818,173.14941
2018-02-17 04:55:00,2018-02-17 05:50:00,225,10.0,15.0,3.0,3.0,4.8,16.2,4.9082413,16.207733
2018-02-17 05:00:00,2018-02-17 05:55:00,46,2.0,12.0,10.0,10.0,6.4,17.2,6.810463,17.386078
2018-02-17 05:00:00,2018-02-17 05:55:00,97,105.0,150.0,117.0,117.0,127.2,177.6,123.690704,174.18591
2018-02-17 05:00:00,2018-02-17 05:55:00,225,9.0,18.0,10.0,10.0,4.8,16.6,6.075287,17.4012
2018-02-17 05:05:00,2018-02-17 06:00:00,46,4.0,13.0,2.0,2.0,6.4,14.8,4.7769165,13.378471
2018-02-17 05:05:00,2018-02-17 06:00:00,97,134.0,166.0,105.0,105.0,121.6,165.4,108.79965,154.51273
2018-02-17 05:05:00,2018-02-17 06:00:00,225,7.0,24.0,9.0,9.0,6.8,17.0,7.57032,17.444454
2018-02-17 05:10:00,2018-02-17 06:05:00,46,10.0,22.0,4.0,4.0,8.0,15.8,5.4116974,13.432259
2018-02-17 05:10:00,2018-02-17 06:05:00,97,134.0,193.0,134.0,134.0,142.8,189.2,127.06003,175.48096
2018-02-17 05:10:00,2018-02-17 06:05:00,225,6.0,16.0,7.0,7.0,7.4,19.6,7.8264008,19.783005
2018-02-17 05:15:00,2018-02-17 06:10:00,46,6.0,21.0,10.0,10.0,6.0,19.6,5.423584,18.89125
2018-02-17 05:15:00,2018-02-17 06:10:00,97,133.0,225.0,134.0,134.0,155.8,193.2,139.58752,179.43756
2018-02-17 05:15:00,2018-02-17 06:10:00,225,7.0,22.0,6.0,6.0,8.2,16.6,7.4865417,15.889954
2018-02-17 05:20:00,2018-02-17 06:15:00,46,11.0,16.0,6.0,6.0,8.4,20.8,5.715889,18.33931
2018-02-17 05:20:00,2018-02-17 06:15:00,97,164.0,220.0,133.0,133.0,149.6,205.0,138.74332,195.33484
2018-02-17 05:20:00,2018-02-17 06:15:00,225,4.0,17.0,7.0,7.0,7.0,24.0,7.276619,23.924366
2018-02-17 05:25:00,2018-02-17 06:20:00,46,16.0,22.0,11.0,11.0,12.8,22.8,9.24025,19.548836
2018-02-17 05:25:00,2018-02-17 06:20:00,97,152.0,205.0,164.0,164.0,139.6,219.6,140.85617,219.08095
2018-02-17 05:25:00,2018-02-17 06:20:00,225,9.0,32.0,4.0,4.0,6.8,23.4,5.822891,22.388275
2018-02-17 05:30:00,2018-02-17 06:25:00,46,12.0,26.0,16.0,16.0,11.6,22.8,10.320511,21.522911
2018-02-17 05:30:00,2018-02-17 06:25:00,97,185.0,217.0,152.0,152.0,155.4,233.2,153.26102,230.37057
2018-02-17 05:30:00,2018-02-17 06:25:00,225,15.0,27.0,9.0,9.0,8.6,24.4,7.1674194,23.011265
2018-02-17 05:35:00,2018-02-17 06:30:00,46,8.0,15.0,12.0,12.0,15.2,23.6,12.2354355,20.951721
2018-02-17 05:35:00,2018-02-17 06:30:00,97,161.0,223.0,185.0,185.0,151.6,219.8,159.86154,224.97609
2018-02-17 05:35:00,2018-02-17 06:30:00,225,11.0,34.0,15.0,15.0,11.0,28.4,11.056564,28.138313
2018-02-17 05:40:00,2018-02-17 06:35:00,46,12.0,28.0,8.0,8.0,16.6,30.4,12.320602,26.584602
2018-02-17 05:40:00,2018-02-17 06:35:00,97,167.0,217.0,161.0,161.0,165.2,218.2,164.5711,217.07112
2018-02-17 05:40:00,2018-02-17 06:35:00,225,12.0,22.0,11.0,11.0,10.8,29.4,10.682579,29.028637
2018-02-17 05:45:00,2018-02-17 06:40:00,46,15.0,26.0,12.0,12.0,17.2,29.6,13.475975,26.541538
2018-02-17 05:45:00,2018-02-17 06:40:00,97,163.0,255.0,167.0,167.0,172.2,242.8,172.06601,241.7543
2018-02-17 05:45:00,2018-02-17 06:40:00,225,21.0,39.0,12.0,12.0,12.4,30.8,11.404739,29.69244
2018-02-17 05:50:00,2018-02-17 06:45:00,46,13.0,27.0,15.0,15.0,18.8,32.6,15.967209,30.1194
2018-02-17 05:50:00,2018-02-17 06:45:00,97,150.0,267.0,163.0,163.0,170.4,244.6,170.13159,243.5659
2018-02-17 05:50:00,2018-02-17 06:45:00,225,15.0,35.0,21.0,21.0,16.2,34.0,16.602432,34.037663
2018-02-17 05:55:00,2018-02-17 06:50:00,46,12.0,30.0,13.0,13.0,17.2,33.6,15.412636,31.937862
2018-02-17 05:55:00,2018-02-17 06:50:00,97,150.0,269.0,150.0,150.0,177.6,270.4,171.85782,265.3504
2018-02-17 05:55:00,2018-02-17 06:50:00,225,18.0,37.0,15.0,15.0,16.6,35.6,16.452553,35.170643
2018-02-17 06:00:00,2018-02-17 06:55:00,46,13.0,33.0,12.0,12.0,14.8,35.0,13.691078,33.989407
2018-02-17 06:00:00,2018-02-17 06:55:00,97,166.0,261.0,150.0,150.0,165.4,255.6,155.2359,247.17422
2018-02-17 06:00:00,2018-02-17 06:55:00,225,24.0,45.0,18.0,18.0,17.0,31.0,16.769932,30.59927
2018-02-17 06:05:00,2018-02-17 07:00:00,46,22.0,32.0,13.0,13.0,15.8,31.6,13.047493,29.272694
2018-02-17 06:05:00,2018-02-17 07:00:00,97,193.0,299.0,166.0,166.0,189.2,241.6,165.8251,222.66109
2018-02-17 06:05:00,2018-02-17 07:00:00,225,16.0,41.0,24.0,24.0,19.6,36.8,20.966255,37.66419
2018-02-17 06:10:00,2018-02-17 07:05:00,46,21.0,38.0,22.0,22.0,19.6,33.0,17.417725,30.90099
2018-02-17 06:10:00,2018-02-17 07:05:00,97,225.0,311.0,193.0,193.0,193.2,264.6,177.60114,250.63689
2018-02-17 06:10:00,2018-02-17 07:05:00,225,22.0,53.0,16.0,16.0,16.6,30.8,16.359207,30.492104
2018-02-17 06:15:00,2018-02-17 07:10:00,46,16.0,27.0,21.0,21.0,20.8,41.0,19.808167,39.787457
2018-02-17 06:15:00,2018-02-17 07:10:00,97,220.0,332.0,225.0,225.0,205.0,318.2,202.07736,313.4703
2018-02-17 06:15:00,2018-02-17 07:10:00,225,17.0,55.0,22.0,22.0,24.0,35.8,21.884796,33.845047
2018-02-17 06:20:00,2018-02-17 07:15:00,46,22.0,42.0,16.0,16.0,22.8,40.8,19.558746,37.947464
2018-02-17 06:20:00,2018-02-17 07:15:00,97,205.0,333.0,220.0,220.0,219.6,348.8,217.82233,345.25516
2018-02-17 06:20:00,2018-02-17 07:15:00,225,32.0,55.0,17.0,17.0,23.4,42.8,20.70007,40.51445
2018-02-17 06:25:00,2018-02-17 07:20:00,46,26.0,45.0,22.0,22.0,22.8,49.2,20.811272,47.175354
2018-02-17 06:25:00,2018-02-17 07:20:00,97,217.0,320.0,205.0,205.0,233.2,313.6,221.8943,304.0894
2018-02-17 06:25:00,2018-02-17 07:20:00,225,27.0,86.0,32.0,32.0,24.4,46.6,24.622322,46.397648
2018-02-17 06:30:00,2018-02-17 07:25:00,46,15.0,44.0,26.0,26.0,23.6,48.0,22.0755,46.44853
2018-02-17 06:30:00,2018-02-17 07:25:00,97,223.0,322.0,217.0,217.0,219.8,347.0,218.96748,344.8524
2018-02-17 06:30:00,2018-02-17 07:25:00,225,34.0,70.0,27.0,27.0,28.4,50.6,27.407211,49.44842
2018-02-17 06:35:00,2018-02-17 07:30:00,46,28.0,64.0,15.0,15.0,30.4,46.0,23.430023,40.298153
2018-02-17 06:35:00,2018-02-17 07:30:00,97,217.0,365.0,223.0,223.0,218.2,320.6,218.25623,319.90186
2018-02-17 06:35:00,2018-02-17 07:30:00,225,22.0,75.0,34.0,34.0,29.4,58.4,30.936928,59.318954
2018-02-17 06:40:00,2018-02-17 07:35:00,46,26.0,62.0,28.0,28.0,29.6,64.8,27.019356,62.24914
2018-02-17 06:40:00,2018-02-17 07:35:00,97,255.0,328.0,217.0,217.0,242.8,341.6,233.091,332.85986
2018-02-17 06:40:00,2018-02-17 07:35:00,225,39.0,71.0,22.0,22.0,30.8,52.6,28.546848,50.74967
2018-02-17 06:45:00,2018-02-17 07:40:00,46,27.0,71.0,26.0,26.0,32.6,61.8,29.045506,58.78779
2018-02-17 06:45:00,2018-02-17 07:40:00,97,267.0,388.0,255.0,255.0,244.6,396.4,246.47768,396.4074
2018-02-17 06:45:00,2018-02-17 07:40:00,225,35.0,79.0,39.0,39.0,34.0,63.0,35.186966,63.5869
2018-02-17 06:50:00,2018-02-17 07:45:00,46,30.0,70.0,27.0,27.0,33.6,66.2,30.612541,63.48057
2018-02-17 06:50:00,2018-02-17 07:45:00,97,269.0,400.0,267.0,267.0,270.4,376.4,269.15945,375.18927
2018-02-17 06:50:00,2018-02-17 07:45:00,225,37.0,76.0,35.0,35.0,35.6,64.2,38.14585,66.0308
2018-02-17 06:55:00,2018-02-17 07:50:00,46,33.0,90.0,30.0,30.0,35.0,69.8,33.15528,68.08603
2018-02-17 06:55:00,2018-02-17 07:50:00,97,261.0,423.0,269.0,269.0,255.6,387.0,266.77148,394.7882
2018-02-17 06:55:00,2018-02-17 07:50:00,225,45.0,75.0,37.0,37.0,31.0,60.4,35.34728,63.749866
2018-02-17 07:00:00,2018-02-17 07:55:00,46,32.0,80.0,33.0,33.0,31.6,73.6,32.446075,74.00634
2018-02-17 07:00:00,2018-02-17 07:55:00,97,299.0,373.0,261.0,261.0,241.6,396.8,252.13068,403.94733
2018-02-17 07:00:00,2018-02-17 07:55:00,225,41.0,95.0,45.0,45.0,36.8,64.8,42.104866,68.76199
2018-02-17 07:05:00,2018-02-17 08:00:00,46,38.0,80.0,32.0,32.0,33.0,58.4,30.80003,56.347805
2018-02-17 07:05:00,2018-02-17 08:00:00,97,311.0,379.0,299.0,299.0,264.6,374.0,263.80798,372.0862
2018-02-17 07:05:00,2018-02-17 08:00:00,225,53.0,77.0,41.0,41.0,30.8,67.0,38.079254,72.6443
2018-02-17 07:10:00,2018-02-17 08:05:00,46,27.0,74.0,38.0,38.0,41.0,66.2,37.03291,62.66012
2018-02-17 07:10:00,2018-02-17 08:05:00,97,332.0,365.0,311.0,311.0,318.2,392.8,301.14685,377.34775
2018-02-17 07:10:00,2018-02-17 08:05:00,225,55.0,96.0,53.0,53.0,35.8,70.0,43.51389,75.640854
2018-02-17 07:15:00,2018-02-17 08:10:00,46,42.0,58.0,27.0,27.0,40.8,74.6,34.108303,68.92558
2018-02-17 07:15:00,2018-02-17 08:10:00,97,333.0,415.0,332.0,332.0,348.8,403.4,335.11536,391.41794
2018-02-17 07:15:00,2018-02-17 08:10:00,225,55.0,58.0,55.0,55.0,42.8,75.8,49.31803,80.70512
2018-02-17 07:20:00,2018-02-17 08:15:00,46,45.0,86.0,42.0,42.0,49.2,69.8,41.096146,62.979218
2018-02-17 07:20:00,2018-02-17 08:15:00,97,320.0,458.0,333.0,333.0,313.6,416.6,319.8558,420.48502
2018-02-17 07:20:00,2018-02-17 08:15:00,225,86.0,84.0,55.0,55.0,46.6,81.0,51.715733,84.71034
2018-02-17 07:25:00,2018-02-17 08:20:00,46,44.0,65.0,45.0,45.0,48.0,73.2,42.01707,67.939384
2018-02-17 07:25:00,2018-02-17 08:20:00,97,322.0,420.0,320.0,320.0,347.0,410.6,338.29788,403.36102
2018-02-17 07:25:00,2018-02-17 08:20:00,225,70.0,88.0,86.0,86.0,50.6,76.8,63.153908,86.35022
2018-02-17 07:30:00,2018-02-17 08:25:00,46,64.0,74.0,44.0,44.0,46.0,86.8,40.22656,81.59083
2018-02-17 07:30:00,2018-02-17 08:25:00,97,365.0,404.0,322.0,322.0,320.6,459.4,322.46533,459.47284
2018-02-17 07:30:00,2018-02-17 08:25:00,225,75.0,106.0,70.0,70.0,58.4,85.6,69.52197,94.21962
2018-02-17 07:35:00,2018-02-17 08:30:00,46,62.0,80.0,64.0,64.0,64.8,78.2,56.78977,71.34337
2018-02-17 07:35:00,2018-02-17 08:30:00,97,328.0,469.0,365.0,365.0,341.6,428.8,336.71402,424.38965
2018-02-17 07:35:00,2018-02-17 08:30:00,225,71.0,73.0,75.0,75.0,52.6,97.0,68.7153,109.50895
2018-02-17 07:40:00,2018-02-17 08:35:00,46,71.0,65.0,62.0,62.0,61.8,91.2,58.966656,88.39706
2018-02-17 07:40:00,2018-02-17 08:35:00,97,388.0,444.0,328.0,328.0,396.4,469.6,367.2557,445.7927
2018-02-17 07:40:00,2018-02-17 08:35:00,225,79.0,117.0,71.0,71.0,63.0,98.6,73.999565,107.43197
2018-02-17 07:45:00,2018-02-17 08:40:00,46,70.0,95.0,71.0,71.0,66.2,109.2,67.642914,109.61277
2018-02-17 07:45:00,2018-02-17 08:40:00,97,400.0,421.0,388.0,388.0,376.4,459.0,369.97464,453.20493
2018-02-17 07:45:00,2018-02-17 08:40:00,225,76.0,113.0,79.0,79.0,64.2,103.0,77.76325,113.9184
2018-02-17 07:50:00,2018-02-17 08:45:00,46,90.0,94.0,70.0,70.0,69.8,98.8,71.430275,100.007904
2018-02-17 07:50:00,2018-02-17 08:45:00,97,423.0,465.0,400.0,400.0,387.0,409.0,382.4575,405.60394
2018-02-17 07:50:00,2018-02-17 08:45:00,225,75.0,139.0,76.0,76.0,60.4,115.6,76.28649,128.11148
2018-02-17 07:55:00,2018-02-17 08:50:00,46,80.0,115.0,90.0,90.0,73.6,94.4,82.51805,101.43414
2018-02-17 07:55:00,2018-02-17 08:50:00,97,373.0,451.0,423.0,423.0,396.8,413.8,405.2776,419.82675
2018-02-17 07:55:00,2018-02-17 08:50:00,225,95.0,145.0,75.0,75.0,64.8,116.8,77.65073,127.28554
2018-02-17 08:00:00,2018-02-17 08:55:00,46,80.0,88.0,80.0,80.0,58.4,88.2,73.251,99.94761
2018-02-17 08:00:00,2018-02-17 08:55:00,97,379.0,488.0,373.0,373.0,374.0,448.0,384.05957,454.82202
2018-02-17 08:00:00,2018-02-17 08:55:00,225,77.0,134.0,95.0,95.0,67.0,98.0,81.869095,110.10404
2018-02-17 08:05:00,2018-02-17 09:00:00,46,74.0,115.0,80.0,80.0,66.2,97.4,78.0952,106.77875
2018-02-17 08:05:00,2018-02-17 09:00:00,97,365.0,462.0,379.0,379.0,392.8,401.0,383.66022,394.08884
2018-02-17 08:05:00,2018-02-17 09:00:00,225,96.0,122.0,77.0,77.0,70.0,95.8,78.62467,102.81412
2018-02-17 08:10:00,2018-02-17 09:05:00,46,58.0,113.0,74.0,74.0,74.6,87.2,80.68125,92.44511
2018-02-17 08:10:00,2018-02-17 09:05:00,97,415.0,486.0,365.0,365.0,403.4,428.2,380.24792,409.05768
2018-02-17 08:10:00,2018-02-17 09:05:00,225,58.0,108.0,96.0,96.0,75.8,98.6,85.88507,106.41788
2018-02-17 08:15:00,2018-02-17 09:10:00,46,86.0,83.0,58.0,58.0,69.8,98.2,70.00832,98.55602
2018-02-17 08:15:00,2018-02-17 09:10:00,97,458.0,471.0,415.0,415.0,416.6,439.0,397.93674,423.3766
2018-02-17 08:15:00,2018-02-17 09:10:00,225,84.0,124.0,58.0,58.0,81.0,119.4,80.89543,119.26234
2018-02-17 08:20:00,2018-02-17 09:15:00,46,65.0,128.0,86.0,86.0,73.2,104.8,74.956,105.94539
2018-02-17 08:20:00,2018-02-17 09:15:00,97,420.0,511.0,458.0,458.0,410.6,452.4,410.5994,451.02127
2018-02-17 08:20:00,2018-02-17 09:15:00,225,88.0,168.0,84.0,84.0,76.8,124.4,77.93196,124.769875
2018-02-17 08:25:00,2018-02-17 09:20:00,46,74.0,110.0,65.0,65.0,86.8,109.8,78.85001,103.622475
2018-02-17 08:25:00,2018-02-17 09:20:00,97,404.0,560.0,420.0,420.0,459.4,452.0,439.45166,436.0769
2018-02-17 08:25:00,2018-02-17 09:20:00,225,106.0,142.0,88.0,88.0,85.6,123.4,82.25922,120.40555
2018-02-17 08:30:00,2018-02-17 09:25:00,46,80.0,137.0,74.0,74.0,78.2,108.0,70.96775,101.90707
2018-02-17 08:30:00,2018-02-17 09:25:00,97,469.0,575.0,404.0,404.0,428.8,489.6,415.44833,478.0895
2018-02-17 08:30:00,2018-02-17 09:25:00,225,73.0,130.0,106.0,106.0,97.0,128.2,94.85888,126.04194
2018-02-17 08:35:00,2018-02-17 09:30:00,46,65.0,101.0,80.0,80.0,91.2,110.4,77.78632,99.48365
2018-02-17 08:35:00,2018-02-17 09:30:00,97,444.0,559.0,469.0,469.0,469.6,481.2,461.68918,475.0271
2018-02-17 08:35:00,2018-02-17 09:30:00,225,117.0,193.0,73.0,73.0,98.6,115.8,87.929405,107.23169
2018-02-17 08:40:00,2018-02-17 09:35:00,46,95.0,84.0,65.0,65.0,109.2,118.2,87.21994,100.588455
2018-02-17 08:40:00,2018-02-17 09:35:00,97,421.0,585.0,444.0,444.0,459.0,503.8,468.01633,510.39725
2018-02-17 08:40:00,2018-02-17 09:35:00,225,113.0,164.0,117.0,117.0,103.0,145.8,101.85466,144.16304
2018-02-17 08:45:00,2018-02-17 09:40:00,46,94.0,128.0,95.0,95.0,98.8,111.4,90.06388,103.92003
2018-02-17 08:45:00,2018-02-17 09:40:00,97,465.0,575.0,421.0,421.0,409.0,534.4,436.33057,555.3757
2018-02-17 08:45:00,2018-02-17 09:40:00,225,139.0,152.0,113.0,113.0,115.6,152.2,115.563065,151.63895
2018-02-17 08:50:00,2018-02-17 09:45:00,46,115.0,135.0,94.0,94.0,94.4,109.6,90.87451,106.42808
2018-02-17 08:50:00,2018-02-17 09:45:00,97,451.0,575.0,465.0,465.0,413.8,576.4,448.73883,603.6259
2018-02-17 08:50:00,2018-02-17 09:45:00,225,145.0,191.0,139.0,139.0,116.8,138.2,128.32187,147.12622
2018-02-17 08:55:00,2018-02-17 09:50:00,46,88.0,128.0,115.0,115.0,88.2,123.4,96.805466,129.298
2018-02-17 08:55:00,2018-02-17 09:50:00,97,488.0,598.0,451.0,451.0,448.0,584.2,476.76373,607.50885
2018-02-17 08:55:00,2018-02-17 09:50:00,225,134.0,207.0,145.0,145.0,98.0,148.2,126.00818,169.88321
2018-02-17 09:00:00,2018-02-17 09:55:00,46,115.0,86.0,88.0,88.0,97.4,106.8,97.95522,107.13275
2018-02-17 09:00:00,2018-02-17 09:55:00,97,462.0,486.0,488.0,488.0,401.0,572.2,456.4089,615.61914
2018-02-17 09:00:00,2018-02-17 09:55:00,225,122.0,215.0,134.0,134.0,95.8,148.6,124.80162,171.72324
2018-02-17 09:05:00,2018-02-17 10:00:00,46,113.0,114.0,115.0,115.0,87.2,116.8,97.6163,124.62825
2018-02-17 09:05:00,2018-02-17 10:00:00,97,486.0,568.0,462.0,462.0,428.2,574.6,465.9097,605.0662
2018-02-17 09:05:00,2018-02-17 10:00:00,225,108.0,157.0,122.0,122.0,98.6,144.4,120.00903,161.16666
2018-02-17 09:10:00,2018-02-17 10:05:00,46,83.0,115.0,113.0,113.0,98.2,117.0,105.5776,122.59912
2018-02-17 09:10:00,2018-02-17 10:05:00,97,471.0,581.0,486.0,486.0,439.0,568.2,472.9665,594.9403
2018-02-17 09:10:00,2018-02-17 10:05:00,225,124.0,185.0,108.0,108.0,119.4,155.6,125.56274,161.1876
2018-02-17 09:15:00,2018-02-17 10:10:00,46,128.0,118.0,83.0,83.0,104.8,123.4,100.7197,120.12034
2018-02-17 09:15:00,2018-02-17 10:10:00,97,511.0,561.0,471.0,471.0,452.4,584.0,477.11438,602.46716
2018-02-17 09:15:00,2018-02-17 10:10:00,225,168.0,173.0,124.0,124.0,124.4,154.4,127.78093,157.53864
2018-02-17 09:20:00,2018-02-17 10:15:00,46,110.0,137.0,128.0,128.0,109.8,129.8,114.57121,133.43349
2018-02-17 09:20:00,2018-02-17 10:15:00,97,560.0,581.0,511.0,511.0,452.0,568.0,479.3538,589.1451
2018-02-17 09:20:00,2018-02-17 10:15:00,225,142.0,176.0,168.0,168.0,123.4,181.4,142.84222,196.40138
2018-02-17 09:25:00,2018-02-17 10:20:00,46,137.0,148.0,110.0,110.0,108.0,149.2,113.49501,153.61575
2018-02-17 09:25:00,2018-02-17 10:20:00,97,575.0,527.0,560.0,560.0,489.6,570.2,517.8571,591.5947
2018-02-17 09:25:00,2018-02-17 10:20:00,225,130.0,270.0,142.0,142.0,128.2,166.2,143.4198,178.5087
2018-02-17 09:30:00,2018-02-17 10:25:00,46,101.0,112.0,137.0,137.0,110.4,129.8,120.98135,138.03519
2018-02-17 09:30:00,2018-02-17 10:25:00,97,559.0,584.0,575.0,575.0,481.2,571.6,520.76544,601.27356
2018-02-17 09:30:00,2018-02-17 10:25:00,225,193.0,219.0,130.0,130.0,115.8,147.0,125.737976,155.40997
2018-02-17 09:35:00,2018-02-17 10:30:00,46,84.0,135.0,101.0,101.0,118.2,130.6,119.76148,132.4068
2018-02-17 09:35:00,2018-02-17 10:30:00,97,585.0,585.0,559.0,559.0,503.8,615.2,535.39465,638.38574
2018-02-17 09:35:00,2018-02-17 10:30:00,225,164.0,224.0,193.0,193.0,145.8,171.0,160.11569,181.77315
2018-02-17 09:40:00,2018-02-17 10:35:00,46,128.0,166.0,84.0,84.0,111.4,132.0,106.21039,128.4057
2018-02-17 09:40:00,2018-02-17 10:35:00,97,575.0,614.0,585.0,585.0,534.4,578.8,552.65607,593.0853
2018-02-17 09:40:00,2018-02-17 10:35:00,225,152.0,188.0,164.0,164.0,152.2,187.4,169.38037,200.61182
2018-02-17 09:45:00,2018-02-17 10:40:00,46,135.0,147.0,128.0,128.0,109.6,141.8,113.83318,144.66681
2018-02-17 09:45:00,2018-02-17 10:40:00,97,575.0,604.0,575.0,575.0,576.4,604.8,578.74274,606.1908
2018-02-17 09:45:00,2018-02-17 10:40:00,225,191.0,243.0,152.0,152.0,138.2,190.4,157.06888,204.85503
2018-02-17 09:50:00,2018-02-17 10:45:00,46,128.0,157.0,135.0,135.0,123.4,138.0,128.91014,142.22412
2018-02-17 09:50:00,2018-02-17 10:45:00,97,598.0,595.0,575.0,575.0,584.2,590.4,587.29224,593.3491
2018-02-17 09:50:00,2018-02-17 10:45:00,225,207.0,179.0,191.0,191.0,148.2,177.0,169.23865,194.14003
2018-02-17 09:55:00,2018-02-17 10:50:00,46,86.0,116.0,128.0,128.0,106.8,136.4,119.14705,145.92664
2018-02-17 09:55:00,2018-02-17 10:50:00,97,486.0,599.0,598.0,598.0,572.2,585.8,588.273,599.0995
2018-02-17 09:55:00,2018-02-17 10:50:00,225,215.0,250.0,207.0,207.0,148.6,173.6,179.9133,198.63574
2018-02-17 10:00:00,2018-02-17 10:55:00,46,114.0,124.0,86.0,86.0,116.8,146.0,111.01152,141.56625
2018-02-17 10:00:00,2018-02-17 10:55:00,97,568.0,593.0,486.0,486.0,574.6,591.4,560.517,582.01843
2018-02-17 10:00:00,2018-02-17 10:55:00,225,157.0,193.0,215.0,215.0,144.4,175.0,187.11061,208.3992
2018-02-17 10:05:00,2018-02-17 11:00:00,46,115.0,142.0,114.0,114.0,117.0,147.4,112.16223,143.3953
2018-02-17 10:05:00,2018-02-17 11:00:00,97,581.0,586.0,568.0,568.0,568.2,621.6,564.8341,619.1473
2018-02-17 10:05:00,2018-02-17 11:00:00,225,185.0,219.0,157.0,157.0,155.6,177.4,179.55322,197.53711
2018-02-17 10:10:00,2018-02-17 11:05:00,46,118.0,170.0,115.0,115.0,123.4,145.6,115.838425,139.23892
2018-02-17 10:10:00,2018-02-17 11:05:00,97,561.0,645.0,581.0,581.0,584.0,603.4,581.55743,602.39636
2018-02-17 10:10:00,2018-02-17 11:05:00,225,173.0,252.0,185.0,185.0,154.4,189.0,175.9007,206.69406
2018-02-17 10:15:00,2018-02-17 11:10:00,46,137.0,156.0,118.0,118.0,129.8,148.4,117.19648,137.85245
2018-02-17 10:15:00,2018-02-17 11:10:00,97,581.0,561.0,561.0,561.0,568.0,587.6,565.42255,585.62024
2018-02-17 10:15:00,2018-02-17 11:10:00,225,176.0,232.0,173.0,173.0,181.4,183.8,188.1878,189.73419
2018-02-17 10:20:00,2018-02-17 11:15:00,46,148.0,157.0,137.0,137.0,149.2,140.8,136.88736,131.01952
2018-02-17 10:20:00,2018-02-17 11:15:00,97,527.0,558.0,581.0,581.0,570.2,595.8,568.2182,593.3156
2018-02-17 10:20:00,2018-02-17 11:15:00,225,270.0,274.0,176.0,176.0,166.2,178.8,180.75784,191.04901
2018-02-17 10:25:00,2018-02-17 11:20:00,46,112.0,186.0,148.0,148.0,129.8,149.4,133.6489,151.8359
2018-02-17 10:25:00,2018-02-17 11:20:00,97,584.0,652.0,527.0,527.0,571.6,632.2,552.89435,616.93866
2018-02-17 10:25:00,2018-02-17 11:20:00,225,219.0,227.0,270.0,270.0,147.0,208.4,196.47675,246.98615
2018-02-17 10:30:00,2018-02-17 11:25:00,46,135.0,168.0,112.0,112.0,130.6,156.4,129.00156,154.70497
2018-02-17 10:30:00,2018-02-17 11:25:00,97,585.0,614.0,584.0,584.0,615.2,640.6,594.40985,622.6803
2018-02-17 10:30:00,2018-02-17 11:25:00,225,224.0,155.0,219.0,219.0,171.0,203.4,204.68915,230.14374
2018-02-17 10:35:00,2018-02-17 11:30:00,46,166.0,163.0,135.0,135.0,132.0,150.6,131.023,149.8227
2018-02-17 10:35:00,2018-02-17 11:30:00,97,614.0,624.0,585.0,585.0,578.8,526.6,563.5359,514.9287
2018-02-17 10:35:00,2018-02-17 11:30:00,225,188.0,240.0,224.0,224.0,187.4,189.8,216.45645,212.99475
2018-02-17 10:40:00,2018-02-17 11:35:00,46,147.0,144.0,166.0,166.0,141.8,146.6,146.01459,149.58759
2018-02-17 10:40:00,2018-02-17 11:35:00,97,604.0,571.0,614.0,614.0,604.8,648.0,602.80884,644.4525
2018-02-17 10:40:00,2018-02-17 11:35:00,225,243.0,285.0,188.0,188.0,190.4,202.2,211.64987,220.18594
2018-02-17 10:45:00,2018-02-17 11:40:00,46,157.0,177.0,147.0,147.0,138.0,150.6,144.80522,155.47064
2018-02-17 10:45:00,2018-02-17 11:40:00,97,595.0,659.0,604.0,604.0,590.4,613.4,599.569,619.8947
2018-02-17 10:45:00,2018-02-17 11:40:00,225,179.0,261.0,243.0,243.0,177.0,200.2,215.93628,231.40579
2018-02-17 10:50:00,2018-02-17 11:45:00,46,116.0,175.0,157.0,157.0,136.4,158.6,147.84956,167.29184
2018-02-17 10:50:00,2018-02-17 11:45:00,97,599.0,603.0,595.0,595.0,585.8,636.6,596.4406,644.1909
2018-02-17 10:50:00,2018-02-17 11:45:00,225,250.0,229.0,179.0,179.0,173.6,200.6,200.5314,222.15842
2018-02-17 10:55:00,2018-02-17 11:50:00,46,124.0,170.0,116.0,116.0,146.0,144.8,141.38873,142.27132
2018-02-17 10:55:00,2018-02-17 11:50:00,97,593.0,674.0,599.0,599.0,591.4,608.6,595.1057,611.95624
2018-02-17 10:55:00,2018-02-17 11:50:00,225,193.0,220.0,250.0,250.0,175.0,189.2,211.90283,219.2005
2018-02-17 11:00:00,2018-02-17 11:55:00,46,142.0,148.0,124.0,124.0,147.4,138.4,136.838,130.40024
2018-02-17 11:00:00,2018-02-17 11:55:00,97,586.0,626.0,593.0,593.0,621.6,580.6,606.9003,569.7977
2018-02-17 11:00:00,2018-02-17 11:55:00,225,219.0,236.0,193.0,193.0,177.4,188.8,201.83167,209.46643
2018-02-17 11:05:00,2018-02-17 12:00:00,46,170.0,151.0,142.0,142.0,145.6,152.8,140.55167,148.6767
2018-02-17 11:05:00,2018-02-17 12:00:00,97,645.0,651.0,586.0,586.0,603.4,613.4,602.5811,612.1769
2018-02-17 11:05:00,2018-02-17 12:00:00,225,252.0,227.0,219.0,219.0,189.0,226.6,214.50012,246.84262
2018-02-17 11:10:00,2018-02-17 12:05:00,46,156.0,152.0,170.0,170.0,148.4,159.2,153.73093,163.26865
2018-02-17 11:10:00,2018-02-17 12:05:00,97,561.0,660.0,645.0,645.0,587.6,584.8,605.1692,598.73645
2018-02-17 11:10:00,2018-02-17 12:05:00,225,232.0,218.0,252.0,252.0,183.8,198.0,220.84695,227.67075
2018-02-17 11:15:00,2018-02-17 12:10:00,46,157.0,196.0,156.0,156.0,140.8,159.6,148.4731,165.22977
2018-02-17 11:15:00,2018-02-17 12:10:00,97,558.0,587.0,561.0,561.0,595.8,591.8,585.78625,584.02454
2018-02-17 11:15:00,2018-02-17 12:10:00,225,274.0,156.0,232.0,232.0,178.8,190.2,210.43625,215.95724
2018-02-17 11:20:00,2018-02-17 12:15:00,46,186.0,162.0,157.0,157.0,149.4,166.2,153.32346,169.16885
2018-02-17 11:20:00,2018-02-17 12:15:00,97,652.0,622.0,558.0,558.0,632.2,589.8,598.0383,563.5925
2018-02-17 11:20:00,2018-02-17 12:15:00,225,227.0,249.0,274.0,274.0,208.4,183.2,238.77121,206.51257
2018-02-17 11:25:00,2018-02-17 12:20:00,46,168.0,182.0,186.0,186.0,156.4,161.4,169.4887,171.75653
2018-02-17 11:25:00,2018-02-17 12:20:00,97,614.0,714.0,652.0,652.0,640.6,612.4,638.89746,610.77295
2018-02-17 11:25:00,2018-02-17 12:20:00,225,155.0,187.0,227.0,227.0,203.4,189.6,233.9899,214.65878
2018-02-17 11:30:00,2018-02-17 12:25:00,46,163.0,191.0,168.0,168.0,150.6,162.0,167.2486,175.00616
2018-02-17 11:30:00,2018-02-17 12:25:00,97,624.0,713.0,614.0,614.0,526.6,651.6,564.8595,679.9008
2018-02-17 11:30:00,2018-02-17 12:25:00,225,240.0,206.0,155.0,155.0,189.8,217.2,202.57657,227.83224
2018-02-17 11:35:00,2018-02-17 12:30:00,46,144.0,210.0,163.0,163.0,146.6,175.2,163.94087,188.6172
2018-02-17 11:35:00,2018-02-17 12:30:00,97,571.0,681.0,624.0,624.0,648.0,640.0,637.524,630.92145
2018-02-17 11:35:00,2018-02-17 12:30:00,225,285.0,174.0,240.0,240.0,202.2,178.4,216.93137,191.28093
2018-02-17 11:40:00,2018-02-17 12:35:00,46,177.0,204.0,144.0,144.0,150.6,162.4,157.69328,168.88809
2018-02-17 11:40:00,2018-02-17 12:35:00,97,659.0,691.0,571.0,571.0,613.4,628.8,601.506,620.40515
2018-02-17 11:40:00,2018-02-17 12:35:00,225,261.0,205.0,285.0,285.0,200.2,199.2,235.55289,227.21829
2018-02-17 11:45:00,2018-02-17 12:40:00,46,175.0,218.0,177.0,177.0,158.6,164.8,170.58481,174.63809
2018-02-17 11:45:00,2018-02-17 12:40:00,97,603.0,700.0,659.0,659.0,636.6,657.8,644.456,663.632
2018-02-17 11:45:00,2018-02-17 12:40:00,225,229.0,213.0,261.0,261.0,200.6,194.0,243.5495,228.22873
2018-02-17 11:50:00,2018-02-17 12:45:00,46,170.0,215.0,175.0,175.0,144.8,160.2,166.87238,178.10645
2018-02-17 11:50:00,2018-02-17 12:45:00,97,674.0,728.0,603.0,603.0,608.6,671.8,631.0871,689.0641
2018-02-17 11:50:00,2018-02-17 12:45:00,225,220.0,192.0,229.0,229.0,189.2,184.6,225.95956,214.38983
2018-02-17 11:55:00,2018-02-17 12:50:00,46,148.0,209.0,170.0,170.0,138.4,147.2,158.36465,163.57642
2018-02-17 11:55:00,2018-02-17 12:50:00,97,626.0,711.0,674.0,674.0,580.6,650.6,628.26215,688.46643
2018-02-17 11:55:00,2018-02-17 12:50:00,225,236.0,202.0,220.0,220.0,188.8,171.6,214.1614,193.19742
2018-02-17 12:00:00,2018-02-17 12:55:00,46,151.0,199.0,148.0,148.0,152.8,159.0,157.81949,163.23361
2018-02-17 12:00:00,2018-02-17 12:55:00,97,651.0,707.0,626.0,626.0,613.4,610.8,638.4839,632.0554
2018-02-17 12:00:00,2018-02-17 12:55:00,225,227.0,178.0,236.0,236.0,226.6,205.0,243.88687,218.66553
2018-02-17 12:05:00,2018-02-17 13:00:00,46,152.0,164.0,151.0,151.0,159.2,152.8,156.1071,150.56337
2018-02-17 12:05:00,2018-02-17 13:00:00,97,660.0,680.0,651.0,651.0,584.8,641.0,627.66364,674.5036
2018-02-17 12:05:00,2018-02-17 13:00:00,225,218.0,112.0,227.0,227.0,198.0,193.4,227.23724,216.95297
2018-02-17 12:10:00,2018-02-17 13:05:00,46,196.0,193.0,152.0,152.0,159.6,154.0,154.54663,149.86038
2018-02-17 12:10:00,2018-02-17 13:05:00,97,587.0,685.0,660.0,660.0,591.8,680.0,644.4165,720.88
2018-02-17 12:10:00,2018-02-17 13:05:00,225,156.0,175.0,218.0,218.0,190.2,183.2,216.88705,205.59601
2018-02-17 12:15:00,2018-02-17 13:10:00,46,162.0,166.0,196.0,196.0,166.2,162.8,171.7551,166.7725
2018-02-17 12:15:00,2018-02-17 13:10:00,97,622.0,648.0,587.0,587.0,589.8,688.0,616.0719,709.5652
2018-02-17 12:15:00,2018-02-17 13:10:00,225,249.0,241.0,156.0,156.0,183.2,178.4,186.18709,181.8762
2018-02-17 12:20:00,2018-02-17 13:15:00,46,182.0,192.0,162.0,162.0,161.4,191.0,167.2149,194.97452
2018-02-17 12:20:00,2018-02-17 13:15:00,97,714.0,701.0,622.0,622.0,612.4,686.6,616.3038,689.1948
2018-02-17 12:20:00,2018-02-17 13:15:00,225,187.0,224.0,249.0,249.0,189.6,174.6,205.99931,187.82419
2018-02-17 12:25:00,2018-02-17 13:20:00,46,191.0,208.0,182.0,182.0,162.0,167.6,169.56967,173.61252
2018-02-17 12:25:00,2018-02-17 13:20:00,97,713.0,609.0,714.0,714.0,651.6,659.8,664.7353,670.62805
2018-02-17 12:25:00,2018-02-17 13:20:00,225,206.0,182.0,187.0,187.0,217.2,203.2,221.70584,207.49025
2018-02-17 12:30:00,2018-02-17 13:25:00,46,210.0,143.0,191.0,191.0,175.2,162.0,183.97182,169.13028
2018-02-17 12:30:00,2018-02-17 13:25:00,97,681.0,710.0,713.0,713.0,640.0,592.0,670.3914,616.16504
2018-02-17 12:30:00,2018-02-17 13:25:00,225,174.0,261.0,206.0,206.0,178.4,186.2,192.74997,197.49036
2018-02-17 12:35:00,2018-02-17 13:30:00,46,204.0,180.0,210.0,210.0,162.4,176.0,189.11034,196.99016
2018-02-17 12:35:00,2018-02-17 13:30:00,97,691.0,672.0,681.0,681.0,628.8,732.6,674.94037,767.2388
2018-02-17 12:35:00,2018-02-17 13:30:00,225,205.0,244.0,174.0,174.0,199.2,192.8,193.2103,188.10959
2018-02-17 12:40:00,2018-02-17 13:35:00,46,218.0,175.0,204.0,204.0,164.8,185.0,196.83614,210.05338
2018-02-17 12:40:00,2018-02-17 13:35:00,97,700.0,668.0,691.0,691.0,657.8,742.6,692.5007,770.011
2018-02-17 12:40:00,2018-02-17 13:35:00,225,213.0,246.0,205.0,205.0,194.0,172.2,195.41983,173.56789
2018-02-17 12:45:00,2018-02-17 13:40:00,46,215.0,184.0,218.0,218.0,160.2,169.0,200.56534,201.61395
2018-02-17 12:45:00,2018-02-17 13:40:00,97,728.0,640.0,700.0,700.0,671.8,692.4,703.92444,718.98267
2018-02-17 12:45:00,2018-02-17 13:40:00,225,192.0,200.0,213.0,213.0,184.6,184.8,199.77118,195.84665
2018-02-17 12:50:00,2018-02-17 13:45:00,46,209.0,162.0,215.0,215.0,147.2,174.4,194.10689,211.9364
2018-02-17 12:50:00,2018-02-17 13:45:00,97,711.0,687.0,728.0,728.0,650.6,648.2,699.62634,687.4617
2018-02-17 12:50:00,2018-02-17 13:45:00,225,202.0,240.0,192.0,192.0,171.6,194.2,185.45876,205.05588
2018-02-17 12:55:00,2018-02-17 13:50:00,46,199.0,174.0,209.0,209.0,159.0,154.2,199.77449,187.57678
2018-02-17 12:55:00,2018-02-17 13:50:00,97,707.0,635.0,711.0,711.0,610.8,703.4,679.8527,758.30426
2018-02-17 12:55:00,2018-02-17 13:50:00,225,178.0,265.0,202.0,202.0,205.0,189.6,205.63672,190.05428
2018-02-17 13:00:00,2018-02-17 13:55:00,46,164.0,153.0,199.0,199.0,152.8,157.2,192.7287,189.71555
2018-02-17 13:00:00,2018-02-17 13:55:00,97,680.0,714.0,707.0,707.0,641.0,677.2,690.0653,716.745
2018-02-17 13:00:00,2018-02-17 13:55:00,225,112.0,268.0,178.0,178.0,193.4,164.4,191.61633,163.63092
2018-02-17 13:05:00,2018-02-17 14:00:00,46,193.0,162.0,164.0,164.0,154.0,164.6,177.5599,184.39243
2018-02-17 13:05:00,2018-02-17 14:00:00,97,685.0,693.0,680.0,680.0,680.0,668.6,698.5785,684.4819
2018-02-17 13:05:00,2018-02-17 14:00:00,225,175.0,232.0,112.0,112.0,183.2,185.0,165.17026,171.03743
2018-02-17 13:10:00,2018-02-17 14:05:00,46,166.0,168.0,193.0,193.0,162.8,183.0,180.36037,197.1259
2018-02-17 13:10:00,2018-02-17 14:05:00,97,648.0,667.0,685.0,685.0,688.0,719.2,704.42285,733.4552
2018-02-17 13:10:00,2018-02-17 14:05:00,225,241.0,163.0,175.0,175.0,178.4,183.0,169.25116,176.07774
2018-02-17 13:15:00,2018-02-17 14:10:00,46,192.0,156.0,166.0,166.0,191.0,181.2,191.90579,183.06607
2018-02-17 13:15:00,2018-02-17 14:10:00,97,701.0,686.0,648.0,648.0,686.6,729.0,694.9328,736.8882
2018-02-17 13:15:00,2018-02-17 14:10:00,225,224.0,224.0,241.0,241.0,174.6,162.4,181.49814,167.03235
2018-02-17 13:20:00,2018-02-17 14:15:00,46,208.0,166.0,192.0,192.0,167.6,183.8,181.82272,195.41867
2018-02-17 13:20:00,2018-02-17 14:15:00,97,609.0,702.0,701.0,701.0,659.8,709.0,687.7606,731.2272
2018-02-17 13:20:00,2018-02-17 14:15:00,225,182.0,247.0,224.0,224.0,203.2,185.8,211.02866,191.06837
2018-02-17 13:25:00,2018-02-17 14:20:00,46,143.0,167.0,208.0,208.0,162.0,182.8,182.82144,199.26581
2018-02-17 13:25:00,2018-02-17 14:20:00,97,710.0,715.0,609.0,609.0,592.0,720.4,603.1036,728.6381
2018-02-17 13:25:00,2018-02-17 14:20:00,225,261.0,206.0,182.0,182.0,186.2,196.6,194.62537,202.9512
2018-02-17 13:30:00,2018-02-17 14:25:00,46,180.0,166.0,143.0,143.0,176.0,191.4,174.57431,190.52231
2018-02-17 13:30:00,2018-02-17 14:25:00,97,672.0,738.0,710.0,710.0,732.6,728.6,700.5083,702.88257
2018-02-17 13:30:00,2018-02-17 14:25:00,225,244.0,197.0,261.0,261.0,192.8,174.8,220.4011,196.9722
2018-02-17 13:35:00,2018-02-17 14:30:00,46,175.0,151.0,180.0,180.0,185.0,183.4,184.98782,183.35936
2018-02-17 13:35:00,2018-02-17 14:30:00,97,668.0,713.0,672.0,672.0,742.6,705.8,713.9018,683.3912
2018-02-17 13:35:00,2018-02-17 14:30:00,225,246.0,242.0,244.0,244.0,172.2,187.0,214.2489,219.33871
2018-02-17 13:40:00,2018-02-17 14:35:00,46,184.0,149.0,175.0,175.0,169.0,177.8,174.43726,182.32462
2018-02-17 13:40:00,2018-02-17 14:35:00,97,640.0,720.0,668.0,668.0,692.4,717.0,689.17365,713.95184
2018-02-17 13:40:00,2018-02-17 14:35:00,225,200.0,222.0,246.0,246.0,184.8,166.6,223.96744,197.48056
2018-02-17 13:45:00,2018-02-17 14:40:00,46,162.0,175.0,184.0,184.0,174.4,159.2,181.14125,164.40942
2018-02-17 13:45:00,2018-02-17 14:40:00,97,687.0,624.0,640.0,640.0,648.2,723.8,646.36566,721.13116
2018-02-17 13:45:00,2018-02-17 14:40:00,225,240.0,245.0,200.0,200.0,194.2,174.6,220.98709,197.28076
2018-02-17 13:50:00,2018-02-17 14:45:00,46,174.0,167.0,162.0,162.0,154.2,190.0,166.49612,199.10016
2018-02-17 13:50:00,2018-02-17 14:45:00,97,635.0,766.0,687.0,687.0,703.4,732.4,689.1929,720.66003
2018-02-17 13:50:00,2018-02-17 14:45:00,225,265.0,213.0,240.0,240.0,189.6,176.0,227.39944,207.22455
2018-02-17 13:55:00,2018-02-17 14:50:00,46,153.0,197.0,174.0,174.0,157.2,179.8,165.33322,186.3724
2018-02-17 13:55:00,2018-02-17 14:50:00,97,714.0,718.0,635.0,635.0,677.2,724.4,662.0999,711.1555
2018-02-17 13:55:00,2018-02-17 14:50:00,225,268.0,186.0,265.0,265.0,164.4,157.6,221.36649,203.37207
2018-02-17 14:00:00,2018-02-17 14:55:00,46,162.0,170.0,153.0,153.0,164.6,174.2,159.49895,169.99182
2018-02-17 14:00:00,2018-02-17 14:55:00,97,693.0,726.0,714.0,714.0,668.6,724.6,665.9638,721.23224
2018-02-17 14:00:00,2018-02-17 14:55:00,225,232.0,235.0,268.0,268.0,185.0,174.6,243.15955,222.08405
2018-02-17 14:05:00,2018-02-17 15:00:00,46,168.0,161.0,162.0,162.0,183.0,179.0,167.89774,166.71182
2018-02-17 14:05:00,2018-02-17 15:00:00,97,667.0,685.0,693.0,693.0,719.2,713.6,695.2096,693.9838
2018-02-17 14:05:00,2018-02-17 15:00:00,225,163.0,246.0,232.0,232.0,183.0,176.6,234.33472,218.68884
2018-02-17 14:10:00,2018-02-17 15:05:00,46,156.0,178.0,168.0,168.0,181.2,167.6,167.79424,157.00789
2018-02-17 14:10:00,2018-02-17 15:05:00,97,686.0,666.0,667.0,667.0,729.0,681.0,695.5496,654.5956
2018-02-17 14:10:00,2018-02-17 15:05:00,225,224.0,214.0,163.0,163.0,162.4,164.0,190.05768,187.50217
2018-02-17 14:15:00,2018-02-17 15:10:00,46,166.0,162.0,156.0,156.0,183.8,151.0,163.93002,135.15726
2018-02-17 14:15:00,2018-02-17 15:10:00,97,702.0,743.0,686.0,686.0,709.0,674.6,684.33594,654.11456
2018-02-17 14:15:00,2018-02-17 15:10:00,225,247.0,204.0,224.0,224.0,185.8,152.6,206.52142,169.9845
2018-02-17 14:20:00,2018-02-17 15:15:00,46,167.0,180.0,166.0,166.0,182.8,149.4,163.77362,133.73518
2018-02-17 14:20:00,2018-02-17 15:15:00,97,715.0,735.0,702.0,702.0,720.4,649.4,695.62646,630.30194
2018-02-17 14:20:00,2018-02-17 15:15:00,225,206.0,223.0,247.0,247.0,196.6,196.8,230.28687,223.96039
2018-02-17 14:25:00,2018-02-17 15:20:00,46,166.0,177.0,167.0,167.0,191.4,153.6,173.49178,139.49838
2018-02-17 14:25:00,2018-02-17 15:20:00,97,738.0,736.0,715.0,715.0,728.6,663.8,709.7626,647.2794
2018-02-17 14:25:00,2018-02-17 15:20:00,225,197.0,223.0,206.0,206.0,174.8,171.0,206.06853,196.35994
2018-02-17 14:30:00,2018-02-17 15:25:00,46,151.0,173.0,166.0,166.0,183.4,155.2,170.48557,144.45998
2018-02-17 14:30:00,2018-02-17 15:25:00,97,713.0,728.0,738.0,738.0,705.8,694.4,710.49634,696.9559
2018-02-17 14:30:00,2018-02-17 15:25:00,225,242.0,182.0,197.0,197.0,187.0,170.4,207.50029,187.73148
2018-02-17 14:35:00,2018-02-17 15:30:00,46,149.0,171.0,151.0,151.0,177.8,156.4,164.34161,145.4848
2018-02-17 14:35:00,2018-02-17 15:30:00,97,720.0,662.0,713.0,713.0,717.0,684.8,712.75464,681.46423
2018-02-17 14:35:00,2018-02-17 15:30:00,225,222.0,251.0,242.0,242.0,166.6,172.6,205.07733,203.63791
2018-02-17 14:40:00,2018-02-17 15:35:00,46,175.0,172.0,149.0,149.0,159.2,154.8,146.06332,144.10214
2018-02-17 14:40:00,2018-02-17 15:35:00,97,624.0,549.0,720.0,720.0,723.8,674.6,717.48926,669.76624
2018-02-17 14:40:00,2018-02-17 15:35:00,225,245.0,215.0,222.0,222.0,174.6,165.8,211.91101,195.4865
2018-02-17 14:45:00,2018-02-17 15:40:00,46,167.0,168.0,175.0,175.0,190.0,160.2,172.9538,146.39851
2018-02-17 14:45:00,2018-02-17 15:40:00,97,766.0,567.0,624.0,624.0,732.4,714.8,699.6448,689.4236
2018-02-17 14:45:00,2018-02-17 15:40:00,225,213.0,206.0,245.0,245.0,176.0,163.0,221.15451,198.64438
2018-02-17 14:50:00,2018-02-17 15:45:00,46,197.0,190.0,167.0,167.0,179.8,162.2,170.6883,154.6966
2018-02-17 14:50:00,2018-02-17 15:45:00,97,718.0,576.0,766.0,766.0,724.4,732.4,730.7393,737.5173
2018-02-17 14:50:00,2018-02-17 15:45:00,225,186.0,193.0,213.0,213.0,157.6,155.8,199.20953,189.46277
2018-02-17 14:55:00,2018-02-17 15:50:00,46,170.0,166.0,197.0,197.0,174.2,148.8,177.7746,151.59354
2018-02-17 14:55:00,2018-02-17 15:50:00,97,726.0,644.0,718.0,718.0,724.6,690.2,730.0403,695.38544
2018-02-17 14:55:00,2018-02-17 15:50:00,225,235.0,171.0,186.0,186.0,174.6,166.0,197.97258,184.9289
2018-02-17 15:00:00,2018-02-17 15:55:00,46,161.0,137.0,170.0,170.0,179.0,129.8,178.45865,129.95221
2018-02-17 15:00:00,2018-02-17 15:55:00,97,685.0,762.0,726.0,726.0,713.6,735.4,737.7697,754.82635
2018-02-17 15:00:00,2018-02-17 15:55:00,225,246.0,263.0,235.0,235.0,176.6,174.8,213.46396,204.10364
2018-02-17 15:05:00,2018-02-17 16:00:00,46,178.0,127.0,161.0,161.0,167.6,154.6,174.00641,159.6662
2018-02-17 15:05:00,2018-02-17 16:00:00,97,666.0,685.0,685.0,685.0,681.0,718.4,711.41327,743.9757
2018-02-17 15:05:00,2018-02-17 16:00:00,225,214.0,249.0,246.0,246.0,164.0,177.4,215.99442,219.51962
2018-02-17 15:10:00,2018-02-17 16:05:00,46,162.0,125.0,178.0,178.0,151.0,150.8,169.00687,165.1435
2018-02-17 15:10:00,2018-02-17 16:05:00,97,743.0,751.0,666.0,666.0,674.6,705.4,696.49805,724.3784
2018-02-17 15:10:00,2018-02-17 16:05:00,225,204.0,118.0,214.0,214.0,152.6,168.4,195.15636,202.3869
2018-02-17 15:15:00,2018-02-17 16:10:00,46,180.0,125.0,162.0,162.0,149.4,140.0,161.61896,150.15138
2018-02-17 15:15:00,2018-02-17 16:10:00,97,735.0,701.0,743.0,743.0,649.4,713.6,696.0172,749.37366
2018-02-17 15:15:00,2018-02-17 16:10:00,225,223.0,183.0,204.0,204.0,196.8,158.8,215.78818,174.98253
2018-02-17 15:20:00,2018-02-17 16:15:00,46,177.0,149.0,180.0,180.0,153.6,148.4,167.14253,159.0791
2018-02-17 15:20:00,2018-02-17 16:15:00,97,736.0,721.0,735.0,735.0,663.8,736.0,705.2372,768.4944
2018-02-17 15:20:00,2018-02-17 16:15:00,225,223.0,285.0,223.0,223.0,171.0,163.4,207.393,193.15933
2018-02-17 15:25:00,2018-02-17 16:20:00,46,173.0,128.0,177.0,177.0,155.2,147.2,168.99945,158.5784
2018-02-17 15:25:00,2018-02-17 16:20:00,97,728.0,718.0,736.0,736.0,694.4,748.8,728.2853,774.95154
2018-02-17 15:25:00,2018-02-17 16:20:00,225,182.0,149.0,223.0,223.0,170.4,160.8,209.41449,192.0881
2018-02-17 15:30:00,2018-02-17 16:25:00,46,171.0,133.0,173.0,173.0,156.4,136.2,169.52698,147.07796
2018-02-17 15:30:00,2018-02-17 16:25:00,97,662.0,721.0,728.0,728.0,684.8,730.2,719.6314,758.10913
2018-02-17 15:30:00,2018-02-17 16:25:00,225,251.0,164.0,182.0,182.0,172.6,166.2,198.6242,187.46672
2018-02-17 15:35:00,2018-02-17 16:30:00,46,172.0,131.0,171.0,171.0,154.8,141.6,167.4671,151.85431
2018-02-17 15:35:00,2018-02-17 16:30:00,97,549.0,663.0,662.0,662.0,674.6,761.2,689.16077,772.74
2018-02-17 15:35:00,2018-02-17 16:30:00,225,215.0,145.0,251.0,251.0,165.8,156.0,208.40698,190.49744
2018-02-17 15:40:00,2018-02-17 16:35:00,46,168.0,155.0,172.0,172.0,160.2,140.8,169.9296,148.92365
2018-02-17 15:40:00,2018-02-17 16:35:00,97,567.0,745.0,549.0,549.0,714.8,716.6,661.8168,676.7505
2018-02-17 15:40:00,2018-02-17 16:35:00,225,206.0,150.0,215.0,215.0,163.0,159.6,203.76569,192.2348
2018-02-17 15:45:00,2018-02-17 16:40:00,46,190.0,121.0,168.0,168.0,162.2,138.0,172.94156,146.87991
2018-02-17 15:45:00,2018-02-17 16:40:00,97,576.0,717.0,567.0,567.0,732.4,729.6,650.73224,665.6846
2018-02-17 15:45:00,2018-02-17 16:40:00,225,193.0,157.0,206.0,206.0,155.8,159.8,195.56305,191.51898
2018-02-17 15:50:00,2018-02-17 16:45:00,46,166.0,110.0,190.0,190.0,148.8,126.4,171.65164,144.66081
2018-02-17 15:50:00,2018-02-17 16:45:00,97,644.0,716.0,576.0,576.0,690.2,728.2,611.0651,665.433
2018-02-17 15:50:00,2018-02-17 16:45:00,225,171.0,151.0,193.0,193.0,166.0,149.2,192.37901,171.26172
2018-02-17 15:55:00,2018-02-17 16:50:00,46,137.0,124.0,166.0,166.0,129.8,136.2,155.11406,156.43158
2018-02-17 15:55:00,2018-02-17 16:50:00,97,762.0,716.0,644.0,644.0,735.4,740.8,652.7211,673.5857
2018-02-17 15:55:00,2018-02-17 16:50:00,225,263.0,146.0,171.0,171.0,174.8,140.6,183.61517,148.66333
2018-02-17 16:00:00,2018-02-17 16:55:00,46,127.0,141.0,137.0,137.0,154.6,136.4,158.91235,140.46803
2018-02-17 16:00:00,2018-02-17 16:55:00,97,685.0,679.0,762.0,762.0,718.4,700.4,685.5172,672.1429
2018-02-17 16:00:00,2018-02-17 16:55:00,225,249.0,155.0,263.0,263.0,177.4,128.0,209.11365,152.73369
2018-02-17 16:05:00,2018-02-17 17:00:00,46,125.0,118.0,127.0,127.0,150.8,133.8,148.00047,132.27124
2018-02-17 16:05:00,2018-02-17 17:00:00,97,751.0,706.0,685.0,685.0,705.4,687.6,673.63434,660.4217
2018-02-17 16:05:00,2018-02-17 17:00:00,225,118.0,136.0,249.0,249.0,168.4,134.6,215.67444,172.36626
2018-02-17 16:10:00,2018-02-17 17:05:00,46,125.0,117.0,125.0,125.0,140.0,141.6,135.36746,138.38623
2018-02-17 16:10:00,2018-02-17 17:05:00,97,701.0,699.0,751.0,751.0,713.6,706.4,698.2939,689.8481
2018-02-17 16:10:00,2018-02-17 17:05:00,225,183.0,161.0,118.0,118.0,158.8,149.4,175.6036,163.73032
2018-02-17 16:15:00,2018-02-17 17:10:00,46,149.0,140.0,125.0,125.0,148.4,136.8,135.8979,127.00671
2018-02-17 16:15:00,2018-02-17 17:10:00,97,721.0,658.0,701.0,701.0,736.0,708.0,709.95654,684.85645
2018-02-17 16:15:00,2018-02-17 17:10:00,225,285.0,156.0,183.0,183.0,163.4,136.4,176.03464,147.3064
2018-02-17 16:20:00,2018-02-17 17:15:00,46,128.0,107.0,149.0,149.0,147.2,128.0,141.18568,123.28668
2018-02-17 16:20:00,2018-02-17 17:15:00,97,718.0,645.0,721.0,721.0,748.8,700.4,725.1987,679.8076
2018-02-17 16:20:00,2018-02-17 17:15:00,225,149.0,143.0,285.0,285.0,160.8,143.6,206.44833,179.63074
2018-02-17 16:25:00,2018-02-17 17:20:00,46,133.0,140.0,128.0,128.0,136.2,119.2,129.78448,114.098976
2018-02-17 16:25:00,2018-02-17 17:20:00,97,721.0,666.0,718.0,718.0,730.2,684.0,713.80035,670.1851
2018-02-17 16:25:00,2018-02-17 17:20:00,225,164.0,146.0,149.0,149.0,166.2,136.6,188.1311,154.40656
2018-02-17 16:30:00,2018-02-17 17:25:00,46,131.0,108.0,133.0,133.0,141.6,131.0,134.20651,124.53189
2018-02-17 16:30:00,2018-02-17 17:25:00,97,663.0,689.0,721.0,721.0,761.2,708.2,744.8478,696.47784
2018-02-17 16:30:00,2018-02-17 17:25:00,225,145.0,149.0,164.0,164.0,156.0,142.0,172.35167,155.49767
2018-02-17 16:35:00,2018-02-17 17:30:00,46,155.0,113.0,131.0,131.0,140.8,119.4,133.36992,113.148766
2018-02-17 16:35:00,2018-02-17 17:30:00,97,745.0,693.0,663.0,663.0,716.6,701.6,707.20386,695.89886
2018-02-17 16:35:00,2018-02-17 17:30:00,225,150.0,134.0,145.0,145.0,159.6,126.6,162.41617,131.091
2018-02-17 16:40:00,2018-02-17 17:35:00,46,121.0,131.0,155.0,155.0,138.0,119.6,139.91095,120.45671
2018-02-17 16:40:00,2018-02-17 17:35:00,97,717.0,700.0,745.0,745.0,729.6,665.4,725.2682,664.0149
2018-02-17 16:40:00,2018-02-17 17:35:00,225,157.0,166.0,150.0,150.0,159.8,142.0,163.03348,144.47272
2018-02-17 16:45:00,2018-02-17 17:40:00,46,110.0,114.0,121.0,121.0,126.4,126.2,125.55238,124.72473
2018-02-17 16:45:00,2018-02-17 17:40:00,97,716.0,664.0,717.0,717.0,728.2,665.2,723.183,662.6666
2018-02-17 16:45:00,2018-02-17 17:40:00,225,151.0,123.0,157.0,157.0,149.2,123.2,158.42334,130.59782
2018-02-17 16:50:00,2018-02-17 17:45:00,46,124.0,121.0,110.0,110.0,136.2,126.0,124.91819,117.051445
2018-02-17 16:50:00,2018-02-17 17:45:00,97,716.0,702.0,716.0,716.0,740.8,642.0,732.4346,636.34827
2018-02-17 16:50:00,2018-02-17 17:45:00,225,146.0,143.0,151.0,151.0,140.6,133.8,151.01413,143.38362
2018-02-17 16:55:00,2018-02-17 17:50:00,46,141.0,103.0,124.0,124.0,136.4,120.2,126.27101,112.283966
2018-02-17 16:55:00,2018-02-17 17:50:00,97,679.0,774.0,716.0,716.0,700.4,659.8,711.1817,667.8008
2018-02-17 16:55:00,2018-02-17 17:50:00,225,155.0,145.0,146.0,146.0,128.0,132.6,136.38551,138.32758
2018-02-17 17:00:00,2018-02-17 17:55:00,46,118.0,109.0,141.0,141.0,133.8,109.4,128.5903,105.292725
2018-02-17 17:00:00,2018-02-17 17:55:00,97,706.0,713.0,679.0,679.0,687.6,653.6,690.02875,656.2343
2018-02-17 17:00:00,2018-02-17 17:55:00,225,136.0,133.0,155.0,155.0,134.6,138.4,141.69244,143.08688
2018-02-17 17:05:00,2018-02-17 18:00:00,46,117.0,114.0,118.0,118.0,141.6,116.8,131.39656,108.62691
2018-02-17 17:05:00,2018-02-17 18:00:00,97,699.0,759.0,706.0,706.0,706.4,634.0,698.46704,627.27765
2018-02-17 17:05:00,2018-02-17 18:00:00,225,161.0,134.0,136.0,136.0,149.4,109.4,147.57465,108.80288
2018-02-17 17:10:00,2018-02-17 18:05:00,46,140.0,98.0,117.0,117.0,136.8,118.2,128.23524,111.69347
2018-02-17 17:10:00,2018-02-17 18:05:00,97,658.0,724.0,699.0,699.0,708.0,659.8,703.8862,656.7709
2018-02-17 17:10:00,2018-02-17 18:05:00,225,156.0,117.0,161.0,161.0,136.4,127.0,142.94516,131.49475
2018-02-17 17:15:00,2018-02-17 18:10:00,46,107.0,108.0,140.0,140.0,128.0,126.4,130.25452,127.81557
2018-02-17 17:15:00,2018-02-17 18:10:00,97,645.0,773.0,658.0,658.0,700.4,685.4,691.2042,678.18884
2018-02-17 17:15:00,2018-02-17 18:10:00,225,143.0,117.0,156.0,156.0,143.6,121.8,147.45572,123.84818
2018-02-17 17:20:00,2018-02-17 18:15:00,46,140.0,106.0,107.0,107.0,119.2,112.4,116.323105,110.11442
2018-02-17 17:20:00,2018-02-17 18:15:00,97,666.0,765.0,645.0,645.0,684.0,678.8,668.233,666.59015
2018-02-17 17:20:00,2018-02-17 18:15:00,225,146.0,109.0,143.0,143.0,136.6,115.0,144.17583,121.241066
2018-02-17 17:25:00,2018-02-17 18:20:00,46,108.0,96.0,140.0,140.0,131.0,115.8,131.03516,115.55219
2018-02-17 17:25:00,2018-02-17 18:20:00,97,689.0,723.0,666.0,666.0,708.2,666.6,682.9656,647.4147
2018-02-17 17:25:00,2018-02-17 18:20:00,225,149.0,124.0,146.0,146.0,142.0,121.6,148.09814,126.480194
2018-02-17 17:30:00,2018-02-17 18:25:00,46,113.0,101.0,108.0,108.0,119.4,96.2,116.19405,94.13653
2018-02-17 17:30:00,2018-02-17 18:25:00,97,693.0,785.0,689.0,689.0,701.6,656.0,693.8745,650.37823
2018-02-17 17:30:00,2018-02-17 18:25:00,225,134.0,96.0,149.0,149.0,126.6,109.0,137.5642,118.16419
2018-02-17 17:35:00,2018-02-17 18:30:00,46,131.0,96.0,113.0,113.0,119.6,104.0,113.91725,99.11904
2018-02-17 17:35:00,2018-02-17 18:30:00,97,700.0,744.0,693.0,693.0,665.4,683.0,682.8829,695.80774
2018-02-17 17:35:00,2018-02-17 18:30:00,225,166.0,122.0,134.0,134.0,142.0,111.8,144.81349,114.17865
2018-02-17 17:40:00,2018-02-17 18:35:00,46,114.0,112.0,131.0,131.0,126.2,96.0,123.22035,93.56323
2018-02-17 17:40:00,2018-02-17 18:35:00,97,664.0,779.0,700.0,700.0,665.2,671.2,691.3714,691.8069
2018-02-17 17:40:00,2018-02-17 18:35:00,225,123.0,129.0,166.0,166.0,123.2,114.4,140.7566,128.18237
2018-02-17 17:45:00,2018-02-17 18:40:00,46,121.0,83.0,114.0,114.0,126.0,95.4,121.06815,91.88468
2018-02-17 17:45:00,2018-02-17 18:40:00,97,702.0,732.0,664.0,664.0,642.0,659.4,665.6302,678.04694
2018-02-17 17:45:00,2018-02-17 18:40:00,225,143.0,115.0,123.0,123.0,133.8,114.2,137.54543,117.67992
2018-02-17 17:50:00,2018-02-17 18:45:00,46,103.0,70.0,121.0,121.0,120.2,90.4,118.91051,89.14604
2018-02-17 17:50:00,2018-02-17 18:45:00,97,774.0,738.0,702.0,702.0,659.8,663.8,684.31964,682.70306
2018-02-17 17:50:00,2018-02-17 18:45:00,225,145.0,107.0,143.0,143.0,132.6,102.2,137.6471,106.5143
2018-02-17 17:55:00,2018-02-17 18:50:00,46,109.0,86.0,103.0,103.0,109.4,81.0,104.6323,77.40256
2018-02-17 17:55:00,2018-02-17 18:50:00,97,713.0,731.0,774.0,774.0,653.6,686.8,713.1262,732.9787
2018-02-17 17:55:00,2018-02-17 18:50:00,225,133.0,126.0,145.0,145.0,138.4,103.8,145.88458,110.097275
2018-02-17 18:00:00,2018-02-17 18:55:00,46,114.0,77.0,109.0,109.0,116.8,89.0,109.13549,82.76682
2018-02-17 18:00:00,2018-02-17 18:55:00,97,759.0,707.0,713.0,713.0,634.0,603.4,684.59863,644.00793
2018-02-17 18:00:00,2018-02-17 18:55:00,225,134.0,108.0,133.0,133.0,109.4,106.4,125.79355,119.59986
2018-02-17 18:05:00,2018-02-17 19:00:00,46,98.0,79.0,114.0,114.0,118.2,84.0,110.24657,77.53994
2018-02-17 18:05:00,2018-02-17 19:00:00,97,724.0,720.0,759.0,759.0,659.8,633.2,709.14954,671.8709
2018-02-17 18:05:00,2018-02-17 19:00:00,225,117.0,112.0,134.0,134.0,127.0,95.2,133.67787,100.5739
2018-02-17 18:10:00,2018-02-17 19:05:00,46,108.0,91.0,98.0,98.0,126.4,87.8,112.56496,76.912834
2018-02-17 18:10:00,2018-02-17 19:05:00,97,773.0,688.0,724.0,724.0,685.4,650.6,725.15405,683.1833
2018-02-17 18:10:00,2018-02-17 19:05:00,225,117.0,104.0,117.0,117.0,121.8,89.4,124.64337,92.34694
2018-02-17 18:15:00,2018-02-17 19:10:00,46,106.0,86.0,108.0,108.0,112.4,82.0,106.60621,77.543884
2018-02-17 18:15:00,2018-02-17 19:10:00,97,765.0,682.0,773.0,773.0,678.8,689.4,743.49164,740.6022
2018-02-17 18:15:00,2018-02-17 19:10:00,225,109.0,101.0,117.0,117.0,115.0,102.4,118.84606,105.459015
2018-02-17 18:20:00,2018-02-17 19:15:00,46,96.0,71.0,106.0,106.0,115.8,79.0,110.199585,74.650154
2018-02-17 18:20:00,2018-02-17 19:15:00,97,723.0,684.0,765.0,765.0,666.6,656.4,738.0813,714.044
2018-02-17 18:20:00,2018-02-17 19:15:00,225,124.0,96.0,109.0,109.0,121.6,98.4,119.74776,97.196
2018-02-17 18:25:00,2018-02-17 19:20:00,46,101.0,77.0,96.0,96.0,96.2,79.0,97.43405,79.980484
2018-02-17 18:25:00,2018-02-17 19:20:00,97,785.0,705.0,723.0,723.0,656.0,650.4,714.0251,698.5355
2018-02-17 18:25:00,2018-02-17 19:20:00,225,96.0,103.0,124.0,124.0,109.0,92.2,113.534874,95.89606
2018-02-17 18:30:00,2018-02-17 19:25:00,46,96.0,62.0,101.0,101.0,104.0,75.4,102.4888,74.28582
2018-02-17 18:30:00,2018-02-17 19:25:00,97,744.0,680.0,785.0,785.0,683.0,638.4,746.4005,689.9112
2018-02-17 18:30:00,2018-02-17 19:25:00,225,122.0,108.0,96.0,96.0,111.8,101.8,107.86728,98.75992
2018-02-17 18:35:00,2018-02-17 19:30:00,46,112.0,67.0,96.0,96.0,96.0,72.8,96.233406,73.05134
2018-02-17 18:35:00,2018-02-17 19:30:00,97,779.0,649.0,744.0,744.0,671.2,713.6,746.9691,774.46893
2018-02-17 18:35:00,2018-02-17 19:30:00,225,129.0,94.0,122.0,122.0,114.4,92.4,112.723755,90.909584
2018-02-17 18:40:00,2018-02-17 19:35:00,46,83.0,73.0,112.0,112.0,95.4,74.2,101.96977,79.23341
2018-02-17 18:40:00,2018-02-17 19:35:00,97,732.0,656.0,779.0,779.0,659.4,680.4,747.14,751.49524
2018-02-17 18:40:00,2018-02-17 19:35:00,225,115.0,90.0,129.0,129.0,114.2,88.8,120.35097,93.67125
2018-02-17 18:45:00,2018-02-17 19:40:00,46,70.0,67.0,83.0,83.0,90.4,68.2,93.150536,70.54727
2018-02-17 18:45:00,2018-02-17 19:40:00,97,738.0,693.0,732.0,732.0,663.8,689.8,735.2255,748.5099
2018-02-17 18:45:00,2018-02-17 19:40:00,225,107.0,95.0,115.0,115.0,102.2,84.2,110.81787,90.856224
2018-02-17 18:50:00,2018-02-17 19:45:00,46,86.0,56.0,70.0,70.0,81.0,64.2,79.190704,63.10723
2018-02-17 18:50:00,2018-02-17 19:45:00,97,731.0,643.0,738.0,738.0,686.8,674.8,751.6014,728.379
2018-02-17 18:50:00,2018-02-17 19:45:00,225,126.0,69.0,107.0,107.0,103.8,94.0,109.79758,98.486275
2018-02-17 18:55:00,2018-02-17 19:50:00,46,77.0,67.0,86.0,86.0,89.0,68.2,84.83725,64.90696
2018-02-17 18:55:00,2018-02-17 19:50:00,97,707.0,657.0,731.0,731.0,603.4,702.0,701.8587,780.65704
2018-02-17 18:55:00,2018-02-17 19:50:00,225,108.0,95.0,126.0,126.0,106.4,86.0,116.986496,94.608025
2018-02-17 19:00:00,2018-02-17 19:55:00,46,79.0,65.0,77.0,77.0,84.0,65.8,79.194756,61.95163
2018-02-17 19:00:00,2018-02-17 19:55:00,97,720.0,641.0,707.0,707.0,633.2,704.2,702.5276,760.156
2018-02-17 19:00:00,2018-02-17 19:55:00,225,112.0,75.0,108.0,108.0,95.2,86.2,107.97389,96.23652
2018-02-17 19:05:00,2018-02-17 20:00:00,46,91.0,46.0,79.0,79.0,87.8,70.0,82.493546,65.61948
2018-02-17 19:05:00,2018-02-17 20:00:00,97,688.0,646.0,720.0,720.0,650.6,707.2,704.0658,750.4967
2018-02-17 19:05:00,2018-02-17 20:00:00,225,104.0,98.0,112.0,112.0,89.4,88.0,103.0271,98.82352
2018-02-17 19:10:00,2018-02-17 20:05:00,46,86.0,53.0,91.0,91.0,82.0,67.8,82.248474,67.946014
2018-02-17 19:10:00,2018-02-17 20:05:00,97,682.0,691.0,688.0,688.0,689.4,657.6,710.7736,676.5041
2018-02-17 19:10:00,2018-02-17 20:05:00,225,101.0,109.0,104.0,104.0,102.4,87.8,108.108505,92.79809
2018-02-17 19:15:00,2018-02-17 20:10:00,46,71.0,65.0,86.0,86.0,79.0,62.2,80.95682,63.59524
2018-02-17 19:15:00,2018-02-17 20:10:00,97,684.0,652.0,682.0,682.0,656.4,662.4,685.6593,686.1178
2018-02-17 19:15:00,2018-02-17 20:10:00,225,96.0,80.0,101.0,101.0,98.4,83.8,104.05067,88.65364
2018-02-17 19:20:00,2018-02-17 20:15:00,46,77.0,60.0,71.0,71.0,79.0,69.8,79.086464,69.546585
2018-02-17 19:20:00,2018-02-17 20:15:00,97,705.0,645.0,684.0,684.0,650.4,644.4,675.6799,664.87537
2018-02-17 19:20:00,2018-02-17 20:15:00,225,103.0,73.0,96.0,96.0,92.2,80.0,96.06401,83.15605
2018-02-17 19:25:00,2018-02-17 20:20:00,46,62.0,67.0,77.0,77.0,75.4,72.0,77.4976,73.57626
2018-02-17 19:25:00,2018-02-17 20:20:00,97,680.0,623.0,705.0,705.0,638.4,656.4,660.4359,672.6651
2018-02-17 19:25:00,2018-02-17 20:20:00,225,108.0,82.0,103.0,103.0,101.8,82.8,104.272545,85.20356
2018-02-17 19:30:00,2018-02-17 20:25:00,46,67.0,68.0,62.0,62.0,72.8,65.2,70.618835,63.59456
2018-02-17 19:30:00,2018-02-17 20:25:00,97,649.0,641.0,680.0,680.0,713.6,621.6,696.4154,608.07446
2018-02-17 19:30:00,2018-02-17 20:25:00,225,94.0,60.0,108.0,108.0,92.4,86.4,101.42544,93.406265
2018-02-17 19:35:00,2018-02-17 20:30:00,46,73.0,50.0,67.0,67.0,74.2,66.4,70.93789,63.611504
2018-02-17 19:35:00,2018-02-17 20:30:00,97,656.0,638.0,649.0,649.0,680.4,605.0,660.198,588.86145
2018-02-17 19:35:00,2018-02-17 20:30:00,225,90.0,115.0,94.0,94.0,88.8,83.0,95.92628,88.6133
2018-02-17 19:40:00,2018-02-17 20:35:00,46,67.0,52.0,73.0,73.0,68.2,67.0,70.26074,68.697014
2018-02-17 19:40:00,2018-02-17 20:35:00,97,693.0,622.0,656.0,656.0,689.8,617.4,664.43866,596.81177
2018-02-17 19:40:00,2018-02-17 20:35:00,225,95.0,100.0,90.0,90.0,84.2,80.2,89.104164,84.16337
2018-02-17 19:45:00,2018-02-17 20:40:00,46,56.0,54.0,67.0,67.0,64.2,71.0,66.90459,73.12826
2018-02-17 19:45:00,2018-02-17 20:40:00,97,643.0,654.0,693.0,693.0,674.8,567.0,656.7035,552.07336
2018-02-17 19:45:00,2018-02-17 20:40:00,225,69.0,98.0,95.0,95.0,94.0,83.6,95.92615,85.21118
2018-02-17 19:50:00,2018-02-17 20:45:00,46,67.0,76.0,56.0,56.0,68.2,66.4,64.103,63.029003
2018-02-17 19:50:00,2018-02-17 20:45:00,97,657.0,579.0,643.0,643.0,702.0,615.6,666.41046,586.2
2018-02-17 19:50:00,2018-02-17 20:45:00,225,95.0,72.0,69.0,69.0,86.0,86.4,83.57203,84.3923
2018-02-17 19:55:00,2018-02-17 20:50:00,46,65.0,67.0,67.0,67.0,65.8,56.8,62.13338,53.929688
2018-02-17 19:55:00,2018-02-17 20:50:00,97,641.0,600.0,657.0,657.0,704.2,559.2,664.1212,528.0511
2018-02-17 19:55:00,2018-02-17 20:50:00,225,75.0,84.0,95.0,95.0,86.2,81.0,86.92162,81.50366
2018-02-17 20:00:00,2018-02-17 20:55:00,46,46.0,72.0,65.0,65.0,70.0,62.6,65.37309,58.603
2018-02-17 20:00:00,2018-02-17 20:55:00,97,646.0,680.0,641.0,641.0,707.2,589.2,671.19214,560.7036
2018-02-17 20:00:00,2018-02-17 20:55:00,225,98.0,65.0,75.0,75.0,88.0,80.2,83.03744,76.41181
2018-02-17 20:05:00,2018-02-17 21:00:00,46,53.0,66.0,46.0,46.0,67.8,60.4,58.603462,52.801945
2018-02-17 20:05:00,2018-02-17 21:00:00,97,691.0,319.0,646.0,646.0,657.6,589.6,646.64484,580.52545
2018-02-17 20:05:00,2018-02-17 21:00:00,225,109.0,84.0,98.0,98.0,87.8,83.6,89.18609,84.4057
2018-02-17 20:10:00,2018-02-17 21:05:00,46,65.0,77.0,53.0,53.0,62.2,58.2,52.89202,50.558987
2018-02-17 20:10:00,2018-02-17 21:05:00,97,652.0,715.0,691.0,691.0,662.4,597.0,667.4822,600.47644
2018-02-17 20:10:00,2018-02-17 21:05:00,225,80.0,82.0,109.0,109.0,83.8,74.8,93.16766,81.94203
2018-02-17 20:15:00,2018-02-17 21:10:00,46,60.0,59.0,65.0,65.0,69.8,68.6,60.867626,61.14727
2018-02-17 20:15:00,2018-02-17 21:10:00,97,645.0,678.0,652.0,652.0,644.4,559.8,650.4318,565.3197
2018-02-17 20:15:00,2018-02-17 21:10:00,225,73.0,89.0,80.0,80.0,80.0,74.0,84.72513,77.75465
2018-02-17 20:20:00,2018-02-17 21:15:00,46,67.0,76.0,60.0,60.0,72.0,56.6,62.244198,48.54766
2018-02-17 20:20:00,2018-02-17 21:15:00,97,623.0,684.0,645.0,645.0,656.4,585.6,661.63086,589.812
2018-02-17 20:20:00,2018-02-17 21:15:00,225,82.0,79.0,73.0,73.0,82.8,79.8,81.160324,78.21931
2018-02-17 20:25:00,2018-02-17 21:20:00,46,68.0,48.0,67.0,67.0,65.2,56.0,61.132164,52.447567
2018-02-17 20:25:00,2018-02-17 21:20:00,97,641.0,650.0,623.0,623.0,621.6,595.8,641.0323,611.7812
2018-02-17 20:25:00,2018-02-17 21:20:00,225,60.0,72.0,82.0,82.0,86.4,71.8,82.74569,69.05153
2018-02-17 20:30:00,2018-02-17 21:25:00,46,50.0,51.0,68.0,68.0,66.4,56.0,63.04965,53.1197
2018-02-17 20:30:00,2018-02-17 21:25:00,97,638.0,558.0,641.0,641.0,605.0,581.8,633.17224,604.91406
2018-02-17 20:30:00,2018-02-17 21:25:00,225,115.0,87.0,60.0,60.0,83.0,86.6,76.148285,80.995255
2018-02-17 20:35:00,2018-02-17 21:30:00,46,52.0,64.0,50.0,50.0,67.0,57.2,59.06022,50.587795
2018-02-17 20:35:00,2018-02-17 21:30:00,97,622.0,584.0,638.0,638.0,617.4,630.4,649.0292,655.4442
2018-02-17 20:35:00,2018-02-17 21:30:00,225,100.0,70.0,115.0,115.0,80.2,76.4,86.13973,80.7755
2018-02-17 20:40:00,2018-02-17 21:35:00,46,54.0,53.0,52.0,52.0,71.0,58.0,61.28521,50.131958
2018-02-17 20:40:00,2018-02-17 21:35:00,97,654.0,645.0,622.0,622.0,567.0,558.6,602.43634,587.981
2018-02-17 20:40:00,2018-02-17 21:35:00,225,98.0,63.0,100.0,100.0,83.6,70.2,89.45725,74.9027
2018-02-17 20:45:00,2018-02-17 21:40:00,46,76.0,58.0,54.0,54.0,66.4,59.2,59.508835,53.850033
2018-02-17 20:45:00,2018-02-17 21:40:00,97,579.0,584.0,654.0,654.0,615.6,580.2,646.5241,605.281
2018-02-17 20:45:00,2018-02-17 21:40:00,225,72.0,71.0,98.0,98.0,86.4,74.8,94.52817,81.12417
2018-02-17 20:50:00,2018-02-17 21:45:00,46,67.0,50.0,76.0,76.0,56.8,59.0,59.66718,60.849518
2018-02-17 20:50:00,2018-02-17 21:45:00,97,600.0,580.0,579.0,579.0,559.2,591.8,593.51245,619.3208
2018-02-17 20:50:00,2018-02-17 21:45:00,225,84.0,83.0,72.0,72.0,81.0,63.4,83.162636,65.29278
2018-02-17 20:55:00,2018-02-17 21:50:00,46,72.0,43.0,67.0,67.0,62.6,60.6,64.604706,61.92254
2018-02-17 20:55:00,2018-02-17 21:50:00,97,680.0,558.0,600.0,600.0,589.2,596.6,606.3787,610.45447
2018-02-17 20:55:00,2018-02-17 21:50:00,225,65.0,64.0,84.0,84.0,80.2,76.2,84.06074,79.411766
2018-02-17 21:00:00,2018-02-17 21:55:00,46,66.0,52.0,72.0,72.0,60.4,60.0,66.14448,64.55864
2018-02-17 21:00:00,2018-02-17 21:55:00,97,319.0,616.0,680.0,680.0,589.6,576.6,625.5863,605.0315
2018-02-17 21:00:00,2018-02-17 21:55:00,225,84.0,73.0,65.0,65.0,83.6,68.6,79.769936,65.574196
2018-02-17 21:05:00,2018-02-17 22:00:00,46,77.0,66.0,66.0,66.0,58.2,49.0,62.105003,52.154335
2018-02-17 21:05:00,2018-02-17 22:00:00,97,715.0,541.0,319.0,319.0,597.0,592.6,531.6598,543.0022
2018-02-17 21:05:00,2018-02-17 22:00:00,225,82.0,73.0,84.0,84.0,74.8,69.6,76.5462,70.98677
2018-02-17 21:10:00,2018-02-17 22:05:00,46,59.0,54.0,77.0,77.0,68.6,57.2,73.62568,60.986267
2018-02-17 21:10:00,2018-02-17 22:05:00,97,678.0,588.0,715.0,715.0,559.8,611.2,578.003,623.5414
2018-02-17 21:10:00,2018-02-17 22:05:00,225,89.0,57.0,82.0,82.0,74.0,66.4,76.39882,68.49498
2018-02-17 21:15:00,2018-02-17 22:10:00,46,76.0,55.0,59.0,59.0,56.6,60.0,64.34153,66.08061
2018-02-17 21:15:00,2018-02-17 22:10:00,97,684.0,528.0,678.0,678.0,585.6,583.6,612.652,604.57385
2018-02-17 21:15:00,2018-02-17 22:10:00,225,79.0,62.0,89.0,89.0,79.8,67.8,82.88469,70.32543
2018-02-17 21:20:00,2018-02-17 22:15:00,46,48.0,45.0,76.0,76.0,56.0,51.8,65.74591,59.642197
2018-02-17 21:20:00,2018-02-17 22:15:00,97,650.0,600.0,684.0,684.0,595.8,602.0,638.644,633.31445
2018-02-17 21:20:00,2018-02-17 22:15:00,225,72.0,57.0,79.0,79.0,71.8,59.8,74.890724,62.127174
2018-02-17 21:25:00,2018-02-17 22:20:00,46,51.0,38.0,48.0,48.0,56.0,45.0,57.358124,46.41388
2018-02-17 21:25:00,2018-02-17 22:20:00,97,558.0,564.0,650.0,650.0,581.8,600.0,626.31573,634.0878
2018-02-17 21:25:00,2018-02-17 22:20:00,225,87.0,56.0,72.0,72.0,86.6,60.8,81.97125,57.49224
2018-02-17 21:30:00,2018-02-17 22:25:00,46,64.0,37.0,51.0,51.0,57.2,48.6,55.50326,47.532356
2018-02-17 21:30:00,2018-02-17 22:25:00,97,584.0,652.0,558.0,558.0,630.4,602.6,633.6686,608.1649
2018-02-17 21:30:00,2018-02-17 22:25:00,225,70.0,60.0,87.0,87.0,76.4,66.0,79.67799,68.08303
2018-02-17 21:35:00,2018-02-17 22:30:00,46,53.0,51.0,64.0,64.0,58.0,44.4,57.93868,44.42894
2018-02-17 21:35:00,2018-02-17 22:30:00,97,645.0,552.0,584.0,584.0,558.6,620.0,590.4065,642.7589
2018-02-17 21:35:00,2018-02-17 22:30:00,225,63.0,67.0,70.0,70.0,70.2,62.2,72.6868,64.1007
2018-02-17 21:40:00,2018-02-17 22:35:00,46,58.0,43.0,53.0,53.0,59.2,47.4,56.019405,44.94634
2018-02-17 21:40:00,2018-02-17 22:35:00,97,584.0,598.0,645.0,645.0,580.2,580.8,608.18134,603.80914
2018-02-17 21:40:00,2018-02-17 22:35:00,225,71.0,59.0,63.0,63.0,74.8,58.4,72.02401,56.28835
2018-02-17 21:45:00,2018-02-17 22:40:00,46,50.0,46.0,58.0,58.0,59.0,44.0,54.91547,40.45423
2018-02-17 21:45:00,2018-02-17 22:40:00,97,580.0,580.0,584.0,584.0,591.8,592.4,604.3447,603.9091
2018-02-17 21:45:00,2018-02-17 22:40:00,225,83.0,68.0,71.0,71.0,63.4,71.0,65.91934,73.00866
2018-02-17 21:50:00,2018-02-17 22:45:00,46,43.0,46.0,50.0,50.0,60.6,41.6,53.730423,36.259888
2018-02-17 21:50:00,2018-02-17 22:45:00,97,558.0,576.0,580.0,580.0,596.6,535.6,593.44244,534.63043
2018-02-17 21:50:00,2018-02-17 22:45:00,225,64.0,42.0,83.0,83.0,76.2,60.6,76.963715,61.257805
2018-02-17 21:55:00,2018-02-17 22:50:00,46,52.0,27.0,43.0,43.0,60.0,36.6,51.197205,29.52008
2018-02-17 21:55:00,2018-02-17 22:50:00,97,616.0,591.0,558.0,558.0,576.6,496.6,563.0845,487.0372
2018-02-17 21:55:00,2018-02-17 22:50:00,225,73.0,56.0,64.0,64.0,68.6,59.8,69.69073,60.68534
2018-02-17 22:00:00,2018-02-17 22:55:00,46,66.0,31.0,52.0,52.0,49.0,35.2,45.059315,31.712929
2018-02-17 22:00:00,2018-02-17 22:55:00,97,541.0,551.0,616.0,616.0,592.6,595.8,599.5082,601.4082
2018-02-17 22:00:00,2018-02-17 22:55:00,225,73.0,55.0,73.0,73.0,69.6,55.8,70.25022,56.406307
2018-02-17 22:05:00,2018-02-17 23:00:00,46,54.0,30.0,66.0,66.0,57.2,32.8,54.024834,29.96431
2018-02-17 22:05:00,2018-02-17 23:00:00,97,588.0,594.0,541.0,541.0,611.2,609.2,585.4702,586.8572
2018-02-17 22:05:00,2018-02-17 23:00:00,225,57.0,57.0,73.0,73.0,66.4,57.8,69.475044,60.18338
2018-02-17 22:10:00,2018-02-17 23:05:00,46,55.0,26.0,54.0,54.0,60.0,35.4,57.132324,32.93123
2018-02-17 22:10:00,2018-02-17 23:05:00,97,528.0,594.0,588.0,588.0,583.6,579.4,568.35065,566.55505
2018-02-17 22:10:00,2018-02-17 23:05:00,225,62.0,44.0,57.0,57.0,67.8,63.0,67.58376,62.597084
2018-02-17 22:15:00,2018-02-17 23:10:00,46,45.0,31.0,55.0,55.0,51.8,30.8,52.897602,31.499538
2018-02-17 22:15:00,2018-02-17 23:10:00,97,600.0,584.0,528.0,528.0,602.0,606.0,562.7969,574.1055
2018-02-17 22:15:00,2018-02-17 23:10:00,225,57.0,60.0,62.0,62.0,59.8,59.2,61.48574,60.49314
2018-02-17 22:20:00,2018-02-17 23:15:00,46,38.0,29.0,45.0,45.0,45.0,31.8,46.64347,33.218666
2018-02-17 22:20:00,2018-02-17 23:15:00,97,564.0,605.0,600.0,600.0,600.0,568.2,576.65247,548.9845
2018-02-17 22:20:00,2018-02-17 23:15:00,225,56.0,46.0,57.0,57.0,60.8,44.6,57.05716,41.997005
2018-02-17 22:25:00,2018-02-17 23:20:00,46,37.0,34.0,38.0,38.0,48.6,31.2,45.337894,28.66447
2018-02-17 22:25:00,2018-02-17 23:20:00,97,652.0,543.0,564.0,564.0,602.6,569.0,581.87036,552.1191
2018-02-17 22:25:00,2018-02-17 23:20:00,225,60.0,57.0,56.0,56.0,66.0,42.6,58.425407,36.44701
2018-02-17 22:30:00,2018-02-17 23:25:00,46,51.0,23.0,37.0,37.0,44.4,30.4,40.160034,26.984459
2018-02-17 22:30:00,2018-02-17 23:25:00,97,552.0,647.0,652.0,652.0,620.0,544.0,619.7706,543.86835
2018-02-17 22:30:00,2018-02-17 23:25:00,225,67.0,50.0,60.0,60.0,62.2,50.4,58.6345,47.32824
2018-02-17 22:35:00,2018-02-17 23:30:00,46,43.0,33.0,51.0,51.0,47.4,29.6,45.567413,28.234734
2018-02-17 22:35:00,2018-02-17 23:30:00,97,598.0,542.0,552.0,552.0,580.8,498.6,576.53394,495.39572
2018-02-17 22:35:00,2018-02-17 23:30:00,225,59.0,47.0,67.0,67.0,58.4,43.8,56.963276,42.54888
2018-02-17 22:40:00,2018-02-17 23:35:00,46,46.0,20.0,43.0,43.0,44.0,29.0,43.4089,28.476353
2018-02-17 22:40:00,2018-02-17 23:35:00,97,580.0,479.0,598.0,598.0,592.4,475.0,596.9054,479.23438
2018-02-17 22:40:00,2018-02-17 23:35:00,225,68.0,30.0,59.0,59.0,71.0,34.2,62.624092,27.487797
2018-02-17 22:45:00,2018-02-17 23:40:00,46,46.0,23.0,46.0,46.0,41.6,29.0,43.981277,30.854675
2018-02-17 22:45:00,2018-02-17 23:40:00,97,576.0,487.0,580.0,580.0,535.6,498.4,566.49524,522.2496
2018-02-17 22:45:00,2018-02-17 23:40:00,225,42.0,47.0,68.0,68.0,60.6,49.8,60.700893,49.358276
2018-02-17 22:50:00,2018-02-17 23:45:00,46,27.0,19.0,46.0,46.0,36.6,23.6,41.634827,27.656834
2018-02-17 22:50:00,2018-02-17 23:45:00,97,591.0,444.0,576.0,576.0,496.6,549.8,529.9737,574.76935
2018-02-17 22:50:00,2018-02-17 23:45:00,225,56.0,27.0,42.0,42.0,59.8,44.0,54.741333,40.072582
2018-02-17 22:55:00,2018-02-17 23:50:00,46,31.0,21.0,27.0,27.0,35.2,24.0,35.171154,23.959023
2018-02-17 22:55:00,2018-02-17 23:50:00,97,551.0,444.0,591.0,591.0,595.8,513.4,580.02783,500.39807
2018-02-17 22:55:00,2018-02-17 23:50:00,225,55.0,39.0,56.0,56.0,55.8,47.8,53.10652,45.38096
2018-02-17 23:00:00,2018-02-17 23:55:00,46,30.0,23.0,31.0,31.0,32.8,23.6,31.581055,22.392105
2018-02-17 23:00:00,2018-02-17 23:55:00,97,594.0,419.0,551.0,551.0,609.2,491.2,578.1544,468.50305
2018-02-17 23:00:00,2018-02-17 23:55:00,225,57.0,38.0,55.0,55.0,57.8,40.2,53.030067,36.425022
2018-02-17 23:05:00,2018-02-18 00:00:00,46,26.0,14.0,30.0,30.0,35.4,21.4,32.21855,18.942177
2018-02-17 23:05:00,2018-02-18 00:00:00,97,594.0,483.0,594.0,594.0,579.4,434.6,563.963,422.88464
2018-02-17 23:05:00,2018-02-18 00:00:00,225,44.0,35.0,57.0,57.0,63.0,39.4,58.477318,35.970936
2018-02-17 23:10:00,2018-02-18 00:05:00,46,31.0,16.0,26.0,26.0,30.8,19.0,27.161167,15.994881
2018-02-17 23:10:00,2018-02-18 00:05:00,97,584.0,419.0,594.0,594.0,606.0,402.2,591.81396,392.3026
2018-02-17 23:10:00,2018-02-18 00:05:00,225,60.0,30.0,44.0,44.0,59.2,33.4,55.278336,30.460377
2018-02-17 23:15:00,2018-02-18 00:10:00,46,29.0,20.0,31.0,31.0,31.8,17.2,28.20948,14.238258
2018-02-17 23:15:00,2018-02-18 00:10:00,97,605.0,471.0,584.0,584.0,568.2,484.6,582.1637,494.73016
2018-02-17 23:15:00,2018-02-18 00:10:00,225,46.0,25.0,60.0,60.0,44.6,35.2,50.454887,39.90645
2018-02-17 23:20:00,2018-02-18 00:15:00,46,34.0,23.0,29.0,29.0,31.2,16.4,27.694935,13.596901
2018-02-17 23:20:00,2018-02-18 00:15:00,97,543.0,400.0,605.0,605.0,569.0,448.4,592.8898,468.19547
2018-02-17 23:20:00,2018-02-18 00:15:00,225,57.0,26.0,46.0,46.0,42.6,29.6,45.256966,31.65089
2018-02-17 23:25:00,2018-02-18 00:20:00,46,23.0,18.0,34.0,34.0,30.4,18.6,29.155914,17.267021
2018-02-17 23:25:00,2018-02-18 00:20:00,97,647.0,422.0,543.0,543.0,544.0,486.6,570.97986,508.45605
2018-02-17 23:25:00,2018-02-18 00:20:00,225,50.0,26.0,57.0,57.0,50.4,27.4,52.13612,28.684456
2018-02-17 23:30:00,2018-02-18 00:25:00,46,33.0,11.0,23.0,23.0,29.6,17.0,25.848125,13.746979
2018-02-17 23:30:00,2018-02-18 00:25:00,97,542.0,419.0,647.0,647.0,498.6,449.6,571.8725,508.26617
2018-02-17 23:30:00,2018-02-18 00:25:00,225,47.0,28.0,50.0,50.0,43.8,27.2,48.03273,30.467937
2018-02-17 23:35:00,2018-02-18 00:30:00,46,20.0,18.0,33.0,33.0,29.0,17.4,27.830647,16.22654
2018-02-17 23:35:00,2018-02-18 00:30:00,97,479.0,369.0,542.0,542.0,475.0,432.8,532.6127,479.5122
2018-02-17 23:35:00,2018-02-18 00:30:00,225,30.0,28.0,47.0,47.0,34.2,28.0,39.24214,31.86047
2018-02-17 23:40:00,2018-02-18 00:35:00,46,23.0,7.0,20.0,20.0,29.0,19.0,25.92648,16.373962
2018-02-17 23:40:00,2018-02-18 00:35:00,97,487.0,399.0,479.0,479.0,498.4,411.4,511.125,423.22516
2018-02-17 23:40:00,2018-02-18 00:35:00,225,47.0,33.0,30.0,30.0,49.8,27.2,42.53065,21.403824
2018-02-17 23:45:00,2018-02-18 00:40:00,46,19.0,14.0,23.0,23.0,23.6,11.8,21.954529,10.396034
2018-02-17 23:45:00,2018-02-18 00:40:00,97,444.0,337.0,487.0,487.0,549.8,438.6,535.61304,429.3719
2018-02-17 23:45:00,2018-02-18 00:40:00,225,27.0,30.0,47.0,47.0,44.0,27.8,41.787716,26.202843
2018-02-17 23:50:00,2018-02-18 00:45:00,46,21.0,5.0,19.0,19.0,24.0,11.8,21.316025,9.697441
2018-02-17 23:50:00,2018-02-18 00:45:00,97,444.0,394.0,444.0,444.0,513.4,413.0,498.23242,403.47882
2018-02-17 23:50:00,2018-02-18 00:45:00,225,39.0,32.0,27.0,27.0,47.8,26.4,39.62183,20.029423
2018-02-17 23:55:00,2018-02-18 00:50:00,46,23.0,15.0,21.0,21.0,23.6,14.8,21.436218,13.033455
2018-02-17 23:55:00,2018-02-18 00:50:00,97,419.0,353.0,444.0,444.0,491.2,408.0,482.1984,401.90305
2018-02-17 23:55:00,2018-02-18 00:50:00,225,38.0,31.0,39.0,39.0,40.2,25.8,36.95523,23.175137
2018-02-18 00:00:00,2018-02-18 00:55:00,46,14.0,17.0,23.0,23.0,21.4,14.0,21.341782,13.767593
2018-02-18 00:00:00,2018-02-18 00:55:00,97,483.0,339.0,419.0,419.0,434.6,367.0,428.4654,363.5839
2018-02-18 00:00:00,2018-02-18 00:55:00,225,35.0,23.0,38.0,38.0,39.4,26.8,37.857544,25.521492
2018-02-18 00:05:00,2018-02-18 01:00:00,46,16.0,11.0,14.0,14.0,19.0,15.0,17.693169,13.689529
2018-02-18 00:05:00,2018-02-18 01:00:00,97,419.0,354.0,483.0,483.0,402.2,350.0,406.98776,351.9094
2018-02-18 00:05:00,2018-02-18 01:00:00,225,30.0,24.0,35.0,35.0,33.4,20.8,33.55492,20.75589
2018-02-18 00:10:00,2018-02-18 01:05:00,46,20.0,13.0,16.0,16.0,17.2,12.2,15.335846,10.326492
2018-02-18 00:10:00,2018-02-18 01:05:00,97,471.0,359.0,419.0,419.0,484.6,353.0,444.06802,318.64697
2018-02-18 00:10:00,2018-02-18 01:05:00,225,25.0,24.0,30.0,30.0,35.2,18.2,33.118896,16.111649
2018-02-18 00:15:00,2018-02-18 01:10:00,46,23.0,10.0,20.0,20.0,16.4,11.0,15.374275,9.729294
2018-02-18 00:15:00,2018-02-18 01:10:00,97,400.0,305.0,471.0,471.0,448.4,357.2,430.26028,339.8735
2018-02-18 00:15:00,2018-02-18 01:10:00,225,26.0,26.0,25.0,25.0,29.6,20.6,28.25533,19.348404
2018-02-18 00:20:00,2018-02-18 01:15:00,46,18.0,15.0,23.0,23.0,18.6,11.6,18.48014,10.915512
2018-02-18 00:20:00,2018-02-18 01:15:00,97,422.0,284.0,400.0,400.0,486.6,332.2,439.67255,293.9149
2018-02-18 00:20:00,2018-02-18 01:15:00,225,26.0,19.0,26.0,26.0,27.4,21.0,25.775467,19.195633
2018-02-18 00:25:00,2018-02-18 01:20:00,46,11.0,11.0,18.0,18.0,17.0,10.6,17.103294,10.243362
2018-02-18 00:25:00,2018-02-18 01:20:00,97,419.0,317.0,422.0,422.0,449.6,351.0,420.60132,325.2496
2018-02-18 00:25:00,2018-02-18 01:20:00,225,28.0,23.0,26.0,26.0,27.2,16.4,24.500282,13.879967
2018-02-18 00:30:00,2018-02-18 01:25:00,46,18.0,8.0,11.0,11.0,17.4,10.6,14.539291,7.967903
2018-02-18 00:30:00,2018-02-18 01:25:00,97,369.0,293.0,419.0,419.0,432.8,329.2,416.189,314.40475
2018-02-18 00:30:00,2018-02-18 01:25:00,225,28.0,13.0,28.0,28.0,28.0,18.6,25.401978,16.130287
2018-02-18 00:35:00,2018-02-18 01:30:00,46,7.0,16.0,18.0,18.0,19.0,10.2,17.667145,8.806145
2018-02-18 00:35:00,2018-02-18 01:30:00,97,399.0,341.0,369.0,369.0,411.4,332.0,388.26172,313.1043
2018-02-18 00:35:00,2018-02-18 01:30:00,225,33.0,17.0,28.0,28.0,27.2,17.8,25.517658,16.144814
2018-02-18 00:40:00,2018-02-18 01:35:00,46,14.0,7.0,7.0,7.0,11.8,8.4,10.419624,6.9503555
2018-02-18 00:40:00,2018-02-18 01:35:00,97,337.0,343.0,399.0,399.0,438.6,301.8,406.81042,275.92645
2018-02-18 00:40:00,2018-02-18 01:35:00,225,30.0,15.0,33.0,33.0,27.8,17.2,27.627232,16.542824
2018-02-18 00:45:00,2018-02-18 01:40:00,46,5.0,9.0,14.0,14.0,11.8,6.2,10.296799,4.608803
2018-02-18 00:45:00,2018-02-18 01:40:00,97,394.0,384.0,337.0,337.0,413.0,270.2,374.99475,240.86504
2018-02-18 00:45:00,2018-02-18 01:40:00,225,32.0,14.0,30.0,30.0,26.4,17.0,27.764336,17.730503
2018-02-18 00:50:00,2018-02-18 01:45:00,46,15.0,7.0,5.0,5.0,14.8,5.0,9.087021,0.1861496
2018-02-18 00:50:00,2018-02-18 01:45:00,97,353.0,345.0,394.0,394.0,408.0,275.6,389.04532,259.5758
2018-02-18 00:50:00,2018-02-18 01:45:00,225,31.0,14.0,32.0,32.0,25.8,14.8,27.853935,16.044907
2018-02-18 00:55:00,2018-02-18 01:50:00,46,17.0,7.0,15.0,15.0,14.0,8.4,10.6877365,5.2434845
2018-02-18 00:55:00,2018-02-18 01:50:00,97,339.0,340.0,353.0,353.0,367.0,249.6,358.59906,242.46945
2018-02-18 00:55:00,2018-02-18 01:50:00,225,23.0,16.0,31.0,31.0,26.8,15.8,30.042732,18.044868
2018-02-18 01:00:00,2018-02-18 01:55:00,46,11.0,8.0,17.0,17.0,15.0,6.8,13.570145,5.167824
2018-02-18 01:00:00,2018-02-18 01:55:00,97,354.0,365.0,339.0,339.0,350.0,284.8,340.59094,275.51837
2018-02-18 01:00:00,2018-02-18 01:55:00,225,24.0,5.0,23.0,23.0,20.8,14.4,24.890995,17.440773
2018-02-18 01:05:00,2018-02-18 02:00:00,46,13.0,6.0,11.0,11.0,12.2,9.8,11.334564,8.660347
2018-02-18 01:05:00,2018-02-18 02:00:00,97,359.0,352.0,354.0,354.0,353.0,287.4,343.97983,278.67676
2018-02-18 01:05:00,2018-02-18 02:00:00,225,24.0,18.0,24.0,24.0,18.2,11.0,21.955368,13.81781
2018-02-18 01:10:00,2018-02-18 02:05:00,46,10.0,6.0,13.0,13.0,11.0,7.2,10.49115,6.287384
2018-02-18 01:10:00,2018-02-18 02:05:00,97,305.0,356.0,359.0,359.0,357.2,300.4,351.0105,293.87494
2018-02-18 01:10:00,2018-02-18 02:05:00,225,26.0,19.0,24.0,24.0,20.6,16.6,23.36253,18.619766
2018-02-18 01:15:00,2018-02-18 02:10:00,46,15.0,4.0,10.0,10.0,11.6,5.4,9.998726,3.7452316
2018-02-18 01:15:00,2018-02-18 02:10:00,97,284.0,313.0,305.0,305.0,332.2,288.6,322.92914,280.0447
2018-02-18 01:15:00,2018-02-18 02:10:00,225,19.0,13.0,26.0,26.0,21.0,15.0,24.384087,17.494785
2018-02-18 01:20:00,2018-02-18 02:15:00,46,11.0,9.0,15.0,15.0,10.6,5.0,11.165657,4.943611
2018-02-18 01:20:00,2018-02-18 02:15:00,97,317.0,345.0,284.0,284.0,351.0,312.6,324.43414,290.89453
2018-02-18 01:20:00,2018-02-18 02:15:00,225,23.0,15.0,19.0,19.0,16.4,12.6,19.186375,14.640144
2018-02-18 01:25:00,2018-02-18 02:20:00,46,8.0,3.0,11.0,11.0,10.6,4.8,10.975845,4.762123
2018-02-18 01:25:00,2018-02-18 02:20:00,97,293.0,324.0,317.0,317.0,329.2,317.8,319.61597,309.1997
2018-02-18 01:25:00,2018-02-18 02:20:00,225,13.0,21.0,23.0,23.0,18.6,14.0,20.524525,15.301201
2018-02-18 01:30:00,2018-02-18 02:25:00,46,16.0,4.0,8.0,8.0,10.2,5.6,9.788506,4.958687
2018-02-18 01:30:00,2018-02-18 02:25:00,97,341.0,273.0,293.0,293.0,332.0,299.6,321.7379,291.05145
2018-02-18 01:30:00,2018-02-18 02:25:00,225,17.0,18.0,13.0,13.0,17.8,15.2,17.388168,14.627548
2018-02-18 01:35:00,2018-02-18 02:30:00,46,7.0,3.0,16.0,16.0,8.4,5.6,11.155006,7.437294
2018-02-18 01:35:00,2018-02-18 02:30:00,97,343.0,318.0,341.0,341.0,301.8,288.4,319.8401,301.4596
2018-02-18 01:35:00,2018-02-18 02:30:00,225,15.0,10.0,17.0,17.0,17.2,10.0,16.287682,8.977081
2018-02-18 01:40:00,2018-02-18 02:35:00,46,9.0,4.0,7.0,7.0,6.2,4.2,7.7747345,5.124016
2018-02-18 01:40:00,2018-02-18 02:35:00,97,384.0,295.0,343.0,343.0,270.2,320.2,313.3085,353.02194
2018-02-18 01:40:00,2018-02-18 02:35:00,225,14.0,16.0,15.0,15.0,17.0,10.0,15.477348,8.493538
2018-02-18 01:45:00,2018-02-18 02:40:00,46,7.0,8.0,9.0,9.0,5.0,5.8,6.6371155,6.7062073
2018-02-18 01:45:00,2018-02-18 02:40:00,97,345.0,302.0,384.0,384.0,275.6,291.4,331.7414,333.87805
2018-02-18 01:45:00,2018-02-18 02:40:00,225,14.0,6.0,14.0,14.0,14.8,10.4,13.254547,8.812958
2018-02-18 01:50:00,2018-02-18 02:45:00,46,7.0,8.0,7.0,7.0,8.4,3.6,7.18515,2.3188858
2018-02-18 01:50:00,2018-02-18 02:45:00,97,340.0,298.0,345.0,345.0,249.6,260.8,306.6475,304.4254
2018-02-18 01:50:00,2018-02-18 02:45:00,225,16.0,16.0,14.0,14.0,15.8,9.4,13.76799,7.3584213
2018-02-18 01:55:00,2018-02-18 02:50:00,46,8.0,1.0,7.0,7.0,6.8,3.4,5.5039597,1.9589157
2018-02-18 01:55:00,2018-02-18 02:50:00,97,365.0,248.0,340.0,340.0,284.8,253.6,319.87994,280.64322
2018-02-18 01:55:00,2018-02-18 02:50:00,225,5.0,10.0,16.0,16.0,14.4,11.6,13.944145,10.852394
2018-02-18 02:00:00,2018-02-18 02:55:00,46,6.0,3.0,8.0,8.0,9.8,5.25,8.156143,3.5033875
2018-02-18 02:00:00,2018-02-18 02:55:00,97,352.0,212.0,365.0,365.0,287.4,224.0,323.39288,251.50276
2018-02-18 02:00:00,2018-02-18 02:55:00,225,18.0,11.0,5.0,5.0,11.0,8.0,7.5821915,4.9172134
2018-02-18 02:05:00,2018-02-18 03:00:00,46,6.0,4.0,6.0,6.0,7.2,5.6,6.402733,4.621582
2018-02-18 02:05:00,2018-02-18 03:00:00,97,356.0,219.0,352.0,352.0,300.4,203.0,329.11288,225.08847
2018-02-18 02:05:00,2018-02-18 03:00:00,225,19.0,8.0,18.0,18.0,16.6,9.2,13.329231,6.1284485
2018-02-18 02:10:00,2018-02-18 03:05:00,46,4.0,2.0,6.0,6.0,5.4,6.2,5.269493,5.6655807
2018-02-18 02:10:00,2018-02-18 03:05:00,97,313.0,207.0,356.0,356.0,288.6,264.2,326.68884,292.9883
2018-02-18 02:10:00,2018-02-18 03:05:00,225,13.0,12.0,19.0,19.0,15.0,5.4,14.162994,4.2975082
2018-02-18 02:15:00,2018-02-18 03:10:00,46,9.0,5.0,4.0,4.0,5.0,4.6,3.865776,3.2790604
2018-02-18 02:15:00,2018-02-18 03:10:00,97,345.0,195.0,313.0,313.0,312.6,191.6,319.35443,198.4007
2018-02-18 02:15:00,2018-02-18 03:10:00,225,15.0,6.0,13.0,13.0,12.6,9.8,12.460617,9.194702
2018-02-18 02:20:00,2018-02-18 03:15:00,46,3.0,5.0,9.0,9.0,4.8,3.8,4.857086,3.3911285
2018-02-18 02:20:00,2018-02-18 03:15:00,97,324.0,180.0,345.0,345.0,317.8,187.0,325.96954,193.56985
2018-02-18 02:20:00,2018-02-18 03:15:00,225,21.0,10.0,15.0,15.0,14.0,6.6,13.233437,5.6055603
2018-02-18 02:25:00,2018-02-18 03:20:00,46,4.0,9.0,3.0,3.0,5.6,4.0,4.244179,2.5091019
2018-02-18 02:25:00,2018-02-18 03:20:00,97,273.0,163.0,324.0,324.0,299.6,196.2,314.49353,207.8263
2018-02-18 02:25:00,2018-02-18 03:20:00,225,18.0,11.0,21.0,21.0,15.2,8.6,17.05341,9.801033
2018-02-18 02:30:00,2018-02-18 03:25:00,46,3.0,4.0,4.0,4.0,5.6,4.4,3.9116669,2.5866547
2018-02-18 02:30:00,2018-02-18 03:25:00,97,318.0,154.0,273.0,273.0,288.4,170.0,284.95212,167.4841
2018-02-18 02:30:00,2018-02-18 03:25:00,225,10.0,11.0,18.0,18.0,10.0,6.8,14.416412,9.869881
2018-02-18 02:35:00,2018-02-18 03:30:00,46,4.0,4.0,3.0,3.0,4.2,5.2,2.7493057,3.6340866
2018-02-18 02:35:00,2018-02-18 03:30:00,97,295.0,147.0,318.0,318.0,320.2,147.2,310.91055,139.95438
2018-02-18 02:35:00,2018-02-18 03:30:00,225,16.0,7.0,10.0,10.0,10.0,7.4,12.197006,8.898399
2018-02-18 02:40:00,2018-02-18 03:35:00,46,8.0,5.0,4.0,4.0,5.8,4.25,3.7047653,2.1678314
2018-02-18 02:40:00,2018-02-18 03:35:00,97,302.0,157.0,295.0,295.0,291.4,176.6,296.82947,180.49341
2018-02-18 02:40:00,2018-02-18 03:35:00,225,6.0,8.0,16.0,16.0,10.4,7.6,13.130653,9.575432
2018-02-18 02:45:00,2018-02-18 03:40:00,46,8.0,3.0,8.0,8.0,3.6,3.2,3.6440277,2.7342987
2018-02-18 02:45:00,2018-02-18 03:40:00,97,298.0,102.0,302.0,302.0,260.8,153.4,283.95105,171.14307
2018-02-18 02:45:00,2018-02-18 03:40:00,225,16.0,5.0,6.0,6.0,9.4,5.8,9.385719,5.621208
2018-02-18 02:50:00,2018-02-18 03:45:00,46,1.0,7.0,8.0,8.0,3.4,2.2,3.763794,2.0336533
2018-02-18 02:50:00,2018-02-18 03:45:00,97,248.0,125.0,298.0,298.0,253.6,138.2,282.87076,161.26218
2018-02-18 02:50:00,2018-02-18 03:45:00,225,10.0,10.0,16.0,16.0,11.6,6.2,12.7990265,6.8318176
2018-02-18 02:55:00,2018-02-18 03:50:00,46,3.0,5.0,1.0,1.0,5.25,3.2,3.1042862,1.0434341
2018-02-18 02:55:00,2018-02-18 03:50:00,97,212.0,115.0,248.0,248.0,224.0,150.0,251.79912,171.75513
2018-02-18 02:55:00,2018-02-18 03:50:00,225,11.0,2.0,10.0,10.0,8.0,5.6,9.824532,6.913376
2018-02-18 03:00:00,2018-02-18 03:55:00,46,4.0,7.0,3.0,3.0,5.6,2.2,2.963646,-0.29610443
2018-02-18 03:00:00,2018-02-18 03:55:00,97,219.0,92.0,212.0,212.0,203.0,127.0,214.06294,135.2945
2018-02-18 03:00:00,2018-02-18 03:55:00,225,8.0,6.0,11.0,11.0,9.2,6.4,10.16848,6.8606186
2018-02-18 03:05:00,2018-02-18 04:00:00,46,2.0,1.0,4.0,4.0,6.2,4.6,3.9012604,2.3417435
2018-02-18 03:05:00,2018-02-18 04:00:00,97,207.0,92.0,219.0,219.0,264.2,118.6,250.37398,108.01083
2018-02-18 03:05:00,2018-02-18 04:00:00,225,12.0,5.0,8.0,8.0,5.4,5.2,6.394005,5.5921936
2018-02-18 03:10:00,2018-02-18 04:05:00,46,5.0,5.0,2.0,2.0,4.6,3.2,2.4784698,1.1024475
2018-02-18 03:10:00,2018-02-18 04:05:00,97,195.0,99.0,207.0,207.0,191.6,89.0,200.78824,96.434906
2018-02-18 03:10:00,2018-02-18 04:05:00,225,6.0,4.0,12.0,12.0,9.8,6.2,9.987099,6.0560684
2018-02-18 03:15:00,2018-02-18 04:10:00,46,5.0,2.0,5.0,5.0,3.8,3.25,2.4199371,1.6903534
2018-02-18 03:15:00,2018-02-18 04:10:00,97,180.0,99.0,195.0,195.0,187.0,135.0,192.62778,137.96869
2018-02-18 03:15:00,2018-02-18 04:10:00,225,10.0,9.0,6.0,6.0,6.6,5.6,6.4759827,5.098839
2018-02-18 03:20:00,2018-02-18 04:15:00,46,9.0,4.0,5.0,5.0,4.0,4.0,3.0079727,2.8160248
2018-02-18 03:20:00,2018-02-18 04:15:00,97,163.0,91.0,180.0,180.0,196.2,112.6,192.47397,109.2818
2018-02-18 03:20:00,2018-02-18 04:15:00,225,11.0,5.0,10.0,10.0,8.6,4.8,7.9310684,3.8888702
2018-02-18 03:25:00,2018-02-18 04:20:00,46,4.0,4.0,9.0,9.0,4.4,3.4,4.675255,3.1205978
2018-02-18 03:25:00,2018-02-18 04:20:00,97,154.0,98.0,163.0,163.0,170.0,102.0,168.93451,100.662445
2018-02-18 03:25:00,2018-02-18 04:20:00,225,11.0,3.0,11.0,11.0,6.8,4.2,7.5379333,4.390259
2018-02-18 03:30:00,2018-02-18 04:25:00,46,4.0,2.0,4.0,4.0,5.2,1.5,4.547081,0.59119415
2018-02-18 03:30:00,2018-02-18 04:25:00,97,147.0,90.0,154.0,154.0,147.2,104.4,143.18753,99.37332
2018-02-18 03:30:00,2018-02-18 04:25:00,225,7.0,4.0,11.0,11.0,7.4,3.8,8.418442,4.2598495
2018-02-18 03:35:00,2018-02-18 04:30:00,46,5.0,4.0,4.0,4.0,4.25,4.4,4.05085,3.8307495
2018-02-18 03:35:00,2018-02-18 04:30:00,97,157.0,112.0,147.0,147.0,176.6,96.6,157.61987,80.30762
2018-02-18 03:35:00,2018-02-18 04:30:00,225,8.0,6.0,7.0,7.0,7.6,3.8,7.743614,3.5363007
2018-02-18 03:40:00,2018-02-18 04:35:00,46,3.0,3.0,5.0,5.0,3.2,2.8,3.4893417,2.6042938
2018-02-18 03:40:00,2018-02-18 04:35:00,97,102.0,112.0,157.0,157.0,153.4,95.4,147.79898,89.04181
2018-02-18 03:40:00,2018-02-18 04:35:00,225,5.0,4.0,8.0,8.0,5.8,4.4,6.6832733,4.834198
2018-02-18 03:45:00,2018-02-18 04:40:00,46,7.0,2.0,3.0,3.0,2.2,5.0,2.4740982,4.769676
2018-02-18 03:45:00,2018-02-18 04:40:00,97,125.0,79.0,102.0,102.0,138.2,91.6,121.1239,76.529205
2018-02-18 03:45:00,2018-02-18 04:40:00,225,10.0,7.0,5.0,5.0,6.2,6.6,5.825371,5.901184
2018-02-18 03:50:00,2018-02-18 04:45:00,46,5.0,4.0,7.0,7.0,3.2,3.6,4.01519,3.8612366
2018-02-18 03:50:00,2018-02-18 04:45:00,97,115.0,113.0,125.0,125.0,150.0,102.0,132.03534,86.304016
2018-02-18 03:50:00,2018-02-18 04:45:00,225,2.0,7.0,10.0,10.0,5.6,5.6,6.4742584,5.931328
2018-02-18 03:55:00,2018-02-18 04:50:00,46,7.0,8.0,5.0,5.0,2.2,4.4,2.9209747,4.599846
2018-02-18 03:55:00,2018-02-18 04:50:00,97,92.0,95.0,115.0,115.0,127.0,114.2,120.10602,107.17758
2018-02-18 03:55:00,2018-02-18 04:50:00,225,6.0,3.0,2.0,2.0,6.4,5.2,4.977951,3.798317
2018-02-18 04:00:00,2018-02-18 04:55:00,46,1.0,6.0,7.0,7.0,4.6,3.25,4.9817963,3.1468048
2018-02-18 04:00:00,2018-02-18 04:55:00,97,92.0,109.0,92.0,92.0,118.6,85.4,105.4516,73.70096
2018-02-18 04:00:00,2018-02-18 04:55:00,225,5.0,8.0,6.0,6.0,5.2,4.8,4.369873,3.8355942
2018-02-18 04:05:00,2018-02-18 05:00:00,46,5.0,5.0,1.0,1.0,3.2,6.25,3.006401,5.7012405
2018-02-18 04:05:00,2018-02-18 05:00:00,97,99.0,87.0,92.0,92.0,89.0,90.2,78.06372,79.49246
2018-02-18 04:05:00,2018-02-18 05:00:00,225,4.0,9.0,5.0,5.0,6.2,5.2,4.8624115,3.7729187
2018-02-18 04:10:00,2018-02-18 05:05:00,46,2.0,4.0,5.0,5.0,3.25,4.0,3.0454712,3.4582825
2018-02-18 04:10:00,2018-02-18 05:05:00,97,99.0,94.0,99.0,99.0,135.0,102.4,107.97302,79.43384
2018-02-18 04:10:00,2018-02-18 05:05:00,225,9.0,4.0,4.0,4.0,5.6,6.0,4.5350037,4.812729
2018-02-18 04:15:00,2018-02-18 05:10:00,46,4.0,3.0,2.0,2.0,4.0,4.6,2.8175888,3.2613907
2018-02-18 04:15:00,2018-02-18 05:10:00,97,91.0,109.0,99.0,99.0,112.6,100.0,98.96591,87.01654
2018-02-18 04:15:00,2018-02-18 05:10:00,225,5.0,2.0,9.0,9.0,4.8,6.6,5.3942413,6.6136475
2018-02-18 04:20:00,2018-02-18 05:15:00,46,4.0,5.0,4.0,4.0,3.4,6.4,2.9289093,5.5623474
2018-02-18 04:20:00,2018-02-18 05:15:00,97,98.0,102.0,91.0,91.0,102.0,112.4,91.8176,102.23117
2018-02-18 04:20:00,2018-02-18 05:15:00,225,3.0,4.0,5.0,5.0,4.2,4.4,4.1949005,4.061096
2018-02-18 04:25:00,2018-02-18 05:20:00,46,2.0,4.0,4.0,4.0,1.5,4.8,1.5932465,4.4507675
2018-02-18 04:25:00,2018-02-18 05:20:00,97,90.0,108.0,98.0,98.0,104.4,98.6,93.02695,88.06665
2018-02-18 04:25:00,2018-02-18 05:20:00,225,4.0,6.0,3.0,3.0,3.8,9.2,3.556755,8.51767
2018-02-18 04:30:00,2018-02-18 05:25:00,46,4.0,6.0,2.0,2.0,4.4,8.2,2.9774475,6.6419144
2018-02-18 04:30:00,2018-02-18 05:25:00,97,112.0,130.0,90.0,90.0,96.6,130.0,90.62509,122.90259
2018-02-18 04:30:00,2018-02-18 05:25:00,225,6.0,8.0,4.0,4.0,3.8,9.2,3.3594131,8.466263
2018-02-18 04:35:00,2018-02-18 05:30:00,46,3.0,12.0,4.0,4.0,2.8,9.8,2.2863083,8.879639
2018-02-18 04:35:00,2018-02-18 05:30:00,97,112.0,97.0,112.0,112.0,95.4,104.8,94.631195,102.15207
2018-02-18 04:35:00,2018-02-18 05:30:00,225,4.0,6.0,6.0,6.0,4.4,9.8,3.8887405,8.986832
2018-02-18 04:40:00,2018-02-18 05:35:00,46,2.0,12.0,3.0,3.0,5.0,11.8,3.7264786,10.348885
2018-02-18 04:40:00,2018-02-18 05:35:00,97,79.0,86.0,112.0,112.0,91.6,100.6,94.518005,101.30911
2018-02-18 04:40:00,2018-02-18 05:35:00,225,7.0,10.0,4.0,4.0,6.6,9.2,4.8971405,7.474121
2018-02-18 04:45:00,2018-02-18 05:40:00,46,4.0,15.0,2.0,2.0,3.6,10.6,2.2671432,9.076118
2018-02-18 04:45:00,2018-02-18 05:40:00,97,113.0,117.0,79.0,79.0,102.0,112.2,91.66766,102.37073
2018-02-18 04:45:00,2018-02-18 05:40:00,225,7.0,11.0,7.0,7.0,5.6,10.6,5.192238,9.874397
2018-02-18 04:50:00,2018-02-18 05:45:00,46,8.0,10.0,4.0,4.0,4.4,11.2,3.1965485,9.788567
2018-02-18 04:50:00,2018-02-18 05:45:00,97,95.0,99.0,113.0,113.0,114.2,121.0,110.46399,116.401886
2018-02-18 04:50:00,2018-02-18 05:45:00,225,3.0,9.0,7.0,7.0,5.2,9.8,5.6804657,9.835243
2018-02-18 04:55:00,2018-02-18 05:50:00,46,6.0,16.0,8.0,8.0,3.25,11.4,3.7396011,11.269119
2018-02-18 04:55:00,2018-02-18 05:50:00,97,109.0,124.0,95.0,95.0,85.4,128.8,92.523254,132.91779
2018-02-18 04:55:00,2018-02-18 05:50:00,225,8.0,17.0,3.0,3.0,4.8,11.6,4.355568,10.8333435
2018-02-18 05:00:00,2018-02-18 05:55:00,46,5.0,13.0,6.0,6.0,6.25,11.6,6.0990295,11.022949
2018-02-18 05:00:00,2018-02-18 05:55:00,97,87.0,75.0,109.0,109.0,90.2,124.2,94.34375,125.822815
2018-02-18 05:00:00,2018-02-18 05:55:00,225,9.0,13.0,8.0,8.0,5.2,12.4,5.4558105,12.178673
2018-02-18 05:05:00,2018-02-18 06:00:00,46,4.0,12.0,5.0,5.0,4.0,12.4,4.3750153,12.2168045
2018-02-18 05:05:00,2018-02-18 06:00:00,97,94.0,114.0,87.0,87.0,102.4,118.8,94.13153,111.062164
2018-02-18 05:05:00,2018-02-18 06:00:00,225,4.0,13.0,9.0,9.0,6.0,11.6,6.4746475,11.601883
2018-02-18 05:10:00,2018-02-18 06:05:00,46,3.0,8.0,4.0,4.0,4.6,12.8,3.9355774,11.84816
2018-02-18 05:10:00,2018-02-18 06:05:00,97,109.0,164.0,94.0,94.0,100.0,127.4,91.65158,119.34903
2018-02-18 05:10:00,2018-02-18 06:05:00,225,2.0,8.0,4.0,4.0,6.6,11.6,5.659836,10.431892
2018-02-18 05:15:00,2018-02-18 06:10:00,46,5.0,12.0,3.0,3.0,6.4,11.2,4.072853,8.923058
2018-02-18 05:15:00,2018-02-18 06:10:00,97,102.0,171.0,109.0,109.0,112.4,153.4,107.08685,147.08511
2018-02-18 05:15:00,2018-02-18 06:10:00,225,4.0,15.0,2.0,2.0,4.4,19.2,3.2785492,17.842087
2018-02-18 05:20:00,2018-02-18 06:15:00,46,4.0,19.0,5.0,5.0,4.8,14.2,3.045227,12.260498
2018-02-18 05:20:00,2018-02-18 06:15:00,97,108.0,135.0,102.0,102.0,98.6,167.6,96.94754,164.38867
2018-02-18 05:20:00,2018-02-18 06:15:00,225,6.0,14.0,4.0,4.0,9.2,18.4,5.7128677,15.310936
2018-02-18 05:25:00,2018-02-18 06:20:00,46,6.0,14.0,4.0,4.0,8.2,14.0,4.2758255,10.442223
2018-02-18 05:25:00,2018-02-18 06:20:00,97,130.0,177.0,108.0,108.0,130.0,164.2,118.92206,154.04132
2018-02-18 05:25:00,2018-02-18 06:20:00,225,8.0,16.0,6.0,6.0,9.2,15.2,5.696274,12.032982
2018-02-18 05:30:00,2018-02-18 06:25:00,46,12.0,13.0,6.0,6.0,9.8,17.0,5.5354843,13.081696
2018-02-18 05:30:00,2018-02-18 06:25:00,97,97.0,143.0,130.0,130.0,104.8,162.2,111.70169,165.96716
2018-02-18 05:30:00,2018-02-18 06:25:00,225,6.0,22.0,8.0,8.0,9.8,20.6,7.318489,18.130047
2018-02-18 05:35:00,2018-02-18 06:30:00,46,12.0,14.0,12.0,12.0,11.8,16.6,8.914711,13.786606
2018-02-18 05:35:00,2018-02-18 06:30:00,97,86.0,187.0,97.0,97.0,100.6,163.2,102.33557,162.82599
2018-02-18 05:35:00,2018-02-18 06:30:00,225,10.0,28.0,6.0,6.0,9.2,20.6,6.8336105,18.322079
2018-02-18 05:40:00,2018-02-18 06:35:00,46,15.0,23.0,12.0,12.0,10.6,23.4,10.083748,22.379929
2018-02-18 05:40:00,2018-02-18 06:35:00,97,117.0,145.0,86.0,86.0,112.2,174.4,102.77884,165.37106
2018-02-18 05:40:00,2018-02-18 06:35:00,225,11.0,33.0,10.0,10.0,10.6,22.0,8.90905,20.148262
2018-02-18 05:45:00,2018-02-18 06:40:00,46,10.0,15.0,15.0,15.0,11.2,20.0,11.784981,19.937035
2018-02-18 05:45:00,2018-02-18 06:40:00,97,99.0,203.0,117.0,117.0,121.0,166.8,109.7486,156.33792
2018-02-18 05:45:00,2018-02-18 06:40:00,225,9.0,23.0,11.0,11.0,9.8,25.4,9.31868,24.466187
2018-02-18 05:50:00,2018-02-18 06:45:00,46,16.0,29.0,10.0,10.0,11.4,20.0,11.061935,19.282272
2018-02-18 05:50:00,2018-02-18 06:45:00,97,124.0,186.0,99.0,99.0,128.8,167.0,111.10266,151.49039
2018-02-18 05:50:00,2018-02-18 06:45:00,225,17.0,25.0,9.0,9.0,11.6,30.4,10.600334,29.108513
2018-02-18 05:55:00,2018-02-18 06:50:00,46,13.0,22.0,16.0,16.0,11.6,19.6,12.726074,20.031677
2018-02-18 05:55:00,2018-02-18 06:50:00,97,75.0,194.0,124.0,124.0,124.2,188.6,115.944824,179.63614
2018-02-18 05:55:00,2018-02-18 06:50:00,225,13.0,22.0,17.0,17.0,12.4,26.2,13.002373,26.207203
2018-02-18 06:00:00,2018-02-18 06:55:00,46,12.0,23.0,13.0,13.0,12.4,21.2,13.376633,21.545639
2018-02-18 06:00:00,2018-02-18 06:55:00,97,114.0,200.0,75.0,75.0,118.8,195.6,98.53125,178.01785
2018-02-18 06:00:00,2018-02-18 06:55:00,225,13.0,40.0,13.0,13.0,11.6,27.6,12.247482,27.661625
2018-02-18 06:05:00,2018-02-18 07:00:00,46,8.0,17.0,12.0,12.0,12.8,27.8,13.991493,28.300373
2018-02-18 06:05:00,2018-02-18 07:00:00,97,164.0,219.0,114.0,114.0,127.4,186.8,101.4509,164.12747
2018-02-18 06:05:00,2018-02-18 07:00:00,225,8.0,21.0,13.0,13.0,11.6,27.8,11.3927765,27.180794
2018-02-18 06:10:00,2018-02-18 07:05:00,46,12.0,29.0,8.0,8.0,11.2,27.8,10.816017,27.164303
2018-02-18 06:10:00,2018-02-18 07:05:00,97,171.0,224.0,164.0,164.0,153.4,205.2,132.7716,185.85117
2018-02-18 06:10:00,2018-02-18 07:05:00,225,15.0,30.0,8.0,8.0,19.2,29.4,14.417221,25.304867
2018-02-18 06:15:00,2018-02-18 07:10:00,46,19.0,25.0,12.0,12.0,14.2,26.0,12.027466,23.961548
2018-02-18 06:15:00,2018-02-18 07:10:00,97,135.0,227.0,171.0,171.0,167.6,264.4,160.67432,255.69836
2018-02-18 06:15:00,2018-02-18 07:10:00,225,14.0,37.0,15.0,15.0,18.4,26.6,14.966614,23.55362
2018-02-18 06:20:00,2018-02-18 07:15:00,46,14.0,26.0,19.0,19.0,14.0,23.0,13.367989,22.038963
2018-02-18 06:20:00,2018-02-18 07:15:00,97,177.0,249.0,135.0,135.0,164.2,243.2,154.19989,233.27115
2018-02-18 06:20:00,2018-02-18 07:15:00,225,16.0,44.0,14.0,14.0,15.2,24.2,11.978249,21.205776
2018-02-18 06:25:00,2018-02-18 07:20:00,46,13.0,29.0,14.0,14.0,17.0,32.6,15.391151,30.749035
2018-02-18 06:25:00,2018-02-18 07:20:00,97,143.0,258.0,177.0,177.0,162.2,281.6,165.51794,281.98306
2018-02-18 06:25:00,2018-02-18 07:20:00,225,22.0,43.0,16.0,16.0,20.6,29.0,15.754318,24.653461
2018-02-18 06:30:00,2018-02-18 07:25:00,46,14.0,30.0,13.0,13.0,16.6,29.8,13.514557,26.837852
2018-02-18 06:30:00,2018-02-18 07:25:00,97,187.0,223.0,143.0,143.0,163.2,246.4,158.7261,241.81017
2018-02-18 06:30:00,2018-02-18 07:25:00,225,28.0,41.0,22.0,22.0,20.6,26.8,17.403687,23.765965
2018-02-18 06:35:00,2018-02-18 07:30:00,46,23.0,29.0,14.0,14.0,23.4,27.4,17.1493,22.051758
2018-02-18 06:35:00,2018-02-18 07:30:00,97,145.0,296.0,187.0,187.0,174.4,247.8,178.40073,249.33505
2018-02-18 06:35:00,2018-02-18 07:30:00,225,33.0,35.0,28.0,28.0,22.0,34.2,20.993275,32.712402
2018-02-18 06:40:00,2018-02-18 07:35:00,46,15.0,43.0,23.0,23.0,20.0,33.6,18.503876,31.733067
2018-02-18 06:40:00,2018-02-18 07:35:00,97,203.0,259.0,145.0,145.0,166.8,258.2,166.29129,256.57104
2018-02-18 06:40:00,2018-02-18 07:35:00,225,23.0,65.0,33.0,33.0,25.4,29.2,25.20031,28.459034
2018-02-18 06:45:00,2018-02-18 07:40:00,46,29.0,34.0,15.0,15.0,20.0,36.8,18.097404,34.71193
2018-02-18 06:45:00,2018-02-18 07:40:00,97,186.0,287.0,203.0,203.0,167.0,280.6,176.84976,286.7129
2018-02-18 06:45:00,2018-02-18 07:40:00,225,25.0,44.0,23.0,23.0,30.4,34.4,27.945549,32.061028
2018-02-18 06:50:00,2018-02-18 07:45:00,46,22.0,40.0,29.0,29.0,19.6,40.8,21.382797,41.522522
2018-02-18 06:50:00,2018-02-18 07:45:00,97,194.0,290.0,186.0,186.0,188.6,285.6,188.40976,283.43262
2018-02-18 06:50:00,2018-02-18 07:45:00,225,22.0,39.0,25.0,25.0,26.2,40.8,26.283146,40.397507
2018-02-18 06:55:00,2018-02-18 07:50:00,46,23.0,38.0,22.0,22.0,21.2,38.0,20.700531,37.1331
2018-02-18 06:55:00,2018-02-18 07:50:00,97,200.0,287.0,194.0,194.0,195.6,266.4,192.04596,262.65466
2018-02-18 06:55:00,2018-02-18 07:50:00,225,40.0,34.0,22.0,22.0,27.6,38.0,26.103691,36.598373
2018-02-18 07:00:00,2018-02-18 07:55:00,46,17.0,40.0,23.0,23.0,27.8,41.8,25.13234,39.187252
2018-02-18 07:00:00,2018-02-18 07:55:00,97,219.0,288.0,200.0,200.0,186.8,274.8,183.26166,269.79974
2018-02-18 07:00:00,2018-02-18 07:55:00,225,21.0,60.0,40.0,40.0,27.8,48.0,32.236588,51.02806
2018-02-18 07:05:00,2018-02-18 08:00:00,46,29.0,39.0,17.0,17.0,27.8,39.4,24.018448,36.083214
2018-02-18 07:05:00,2018-02-18 08:00:00,97,224.0,287.0,219.0,219.0,205.2,260.6,189.37924,245.83388
2018-02-18 07:05:00,2018-02-18 08:00:00,225,30.0,55.0,21.0,21.0,29.4,44.0,30.18871,44.584457
2018-02-18 07:10:00,2018-02-18 08:05:00,46,25.0,36.0,29.0,29.0,26.0,42.8,25.855148,42.248478
2018-02-18 07:10:00,2018-02-18 08:05:00,97,227.0,247.0,224.0,224.0,264.4,259.6,230.31068,230.26471
2018-02-18 07:10:00,2018-02-18 08:05:00,225,37.0,68.0,30.0,30.0,26.6,48.6,29.988808,51.05844
2018-02-18 07:15:00,2018-02-18 08:10:00,46,26.0,54.0,25.0,25.0,23.0,47.2,23.230598,46.718452
2018-02-18 07:15:00,2018-02-18 08:10:00,97,249.0,323.0,227.0,227.0,243.2,277.4,220.78761,257.73508
2018-02-18 07:15:00,2018-02-18 08:10:00,225,44.0,57.0,37.0,37.0,24.2,49.4,30.752563,54.26129
2018-02-18 07:20:00,2018-02-18 08:15:00,46,29.0,49.0,26.0,26.0,32.6,43.6,28.785671,40.243416
2018-02-18 07:20:00,2018-02-18 08:15:00,97,258.0,303.0,249.0,249.0,281.6,304.0,257.50458,282.91745
2018-02-18 07:20:00,2018-02-18 08:15:00,225,43.0,62.0,44.0,44.0,29.0,53.8,37.249203,59.881844
2018-02-18 07:25:00,2018-02-18 08:20:00,46,30.0,58.0,29.0,29.0,29.8,57.0,29.534634,56.1878
2018-02-18 07:25:00,2018-02-18 08:20:00,97,223.0,347.0,258.0,258.0,246.4,309.4,247.05476,308.11005
2018-02-18 07:25:00,2018-02-18 08:20:00,225,41.0,58.0,43.0,43.0,26.8,56.6,36.9481,64.04089
2018-02-18 07:30:00,2018-02-18 08:25:00,46,29.0,49.0,30.0,30.0,27.4,55.0,27.581692,54.63173
2018-02-18 07:30:00,2018-02-18 08:25:00,97,296.0,332.0,223.0,223.0,247.8,303.0,236.4544,292.54535
2018-02-18 07:30:00,2018-02-18 08:25:00,225,35.0,81.0,41.0,41.0,34.2,51.8,40.543465,56.67038
2018-02-18 07:35:00,2018-02-18 08:30:00,46,43.0,69.0,29.0,29.0,33.6,61.0,30.79876,58.07503
2018-02-18 07:35:00,2018-02-18 08:30:00,97,259.0,324.0,296.0,296.0,258.2,303.8,258.9848,303.00323
2018-02-18 07:35:00,2018-02-18 08:30:00,225,65.0,60.0,35.0,35.0,29.2,61.2,35.77701,65.90095
2018-02-18 07:40:00,2018-02-18 08:35:00,46,34.0,63.0,43.0,43.0,36.8,56.2,36.05076,55.134953
2018-02-18 07:40:00,2018-02-18 08:35:00,97,287.0,337.0,259.0,259.0,280.6,323.6,272.39374,315.62195
2018-02-18 07:40:00,2018-02-18 08:35:00,225,44.0,94.0,65.0,65.0,34.4,61.8,46.47209,70.81004
2018-02-18 07:45:00,2018-02-18 08:40:00,46,40.0,61.0,34.0,34.0,40.8,66.2,38.7594,63.961685
2018-02-18 07:45:00,2018-02-18 08:40:00,97,290.0,394.0,287.0,287.0,285.6,333.6,289.5904,335.34543
2018-02-18 07:45:00,2018-02-18 08:40:00,225,39.0,104.0,44.0,44.0,40.8,77.4,49.42182,83.781944
2018-02-18 07:50:00,2018-02-18 08:45:00,46,38.0,62.0,40.0,40.0,38.0,63.0,38.72532,63.037033
2018-02-18 07:50:00,2018-02-18 08:45:00,97,287.0,333.0,290.0,290.0,266.4,323.4,281.96576,334.9549
2018-02-18 07:50:00,2018-02-18 08:45:00,225,34.0,74.0,39.0,39.0,38.0,76.0,43.415466,80.10676
2018-02-18 07:55:00,2018-02-18 08:50:00,46,40.0,59.0,38.0,38.0,41.8,72.8,41.892155,72.36235
2018-02-18 07:55:00,2018-02-18 08:50:00,97,288.0,312.0,287.0,287.0,274.8,336.4,290.0871,347.80438
2018-02-18 07:55:00,2018-02-18 08:50:00,225,60.0,93.0,34.0,34.0,48.0,73.2,44.89747,70.73093
2018-02-18 08:00:00,2018-02-18 08:55:00,46,39.0,70.0,40.0,40.0,39.4,76.6,40.829872,77.25224
2018-02-18 08:00:00,2018-02-18 08:55:00,97,287.0,337.0,288.0,288.0,260.6,334.6,282.62695,350.59216
2018-02-18 08:00:00,2018-02-18 08:55:00,225,55.0,83.0,60.0,60.0,44.0,76.0,49.04357,79.69694
2018-02-18 08:05:00,2018-02-18 09:00:00,46,36.0,65.0,39.0,39.0,42.8,79.0,41.66115,77.51379
2018-02-18 08:05:00,2018-02-18 09:00:00,97,247.0,347.0,287.0,287.0,259.6,323.8,276.05396,336.08633
2018-02-18 08:05:00,2018-02-18 09:00:00,225,68.0,103.0,55.0,55.0,48.6,69.0,52.37184,71.539986
2018-02-18 08:10:00,2018-02-18 09:05:00,46,54.0,78.0,36.0,36.0,47.2,71.4,42.02531,67.0583
2018-02-18 08:10:00,2018-02-18 09:05:00,97,323.0,321.0,247.0,247.0,277.4,329.0,267.78622,320.44867
2018-02-18 08:10:00,2018-02-18 09:05:00,225,57.0,92.0,68.0,68.0,49.4,68.4,56.347137,73.48745
2018-02-18 08:15:00,2018-02-18 09:10:00,46,49.0,68.0,54.0,54.0,43.6,75.0,42.94084,73.78987
2018-02-18 08:15:00,2018-02-18 09:10:00,97,303.0,362.0,323.0,323.0,304.0,373.8,300.9094,369.25494
2018-02-18 08:15:00,2018-02-18 09:10:00,225,62.0,120.0,57.0,57.0,53.8,81.4,58.30773,84.42466
2018-02-18 08:20:00,2018-02-18 09:15:00,46,58.0,88.0,49.0,49.0,57.0,71.6,51.081394,66.38709
2018-02-18 08:20:00,2018-02-18 09:15:00,97,347.0,413.0,303.0,303.0,309.4,372.6,307.32236,369.5293
2018-02-18 08:20:00,2018-02-18 09:15:00,225,58.0,102.0,62.0,62.0,56.6,88.6,61.91674,92.22418
2018-02-18 08:25:00,2018-02-18 09:20:00,46,49.0,101.0,58.0,58.0,55.0,82.4,53.563946,80.43522
2018-02-18 08:25:00,2018-02-18 09:20:00,97,332.0,415.0,347.0,347.0,303.0,395.2,319.5882,406.3221
2018-02-18 08:25:00,2018-02-18 09:20:00,225,81.0,119.0,58.0,58.0,51.8,83.8,56.46913,86.992165
2018-02-18 08:30:00,2018-02-18 09:25:00,46,69.0,60.0,49.0,49.0,61.0,85.8,56.06126,81.34548
2018-02-18 08:30:00,2018-02-18 09:25:00,97,324.0,396.0,332.0,332.0,303.8,416.2,320.04657,426.90475
2018-02-18 08:30:00,2018-02-18 09:25:00,225,60.0,127.0,81.0,81.0,61.2,96.8,68.00215,101.63461
2018-02-18 08:35:00,2018-02-18 09:30:00,46,63.0,96.0,69.0,69.0,56.2,76.8,55.858257,75.86199
2018-02-18 08:35:00,2018-02-18 09:30:00,97,337.0,465.0,324.0,324.0,323.6,431.8,333.19702,438.08765
2018-02-18 08:35:00,2018-02-18 09:30:00,225,94.0,119.0,60.0,60.0,61.8,98.8,62.995644,99.15896
2018-02-18 08:40:00,2018-02-18 09:35:00,46,61.0,84.0,63.0,63.0,66.2,96.4,64.73019,94.36399
2018-02-18 08:40:00,2018-02-18 09:35:00,97,394.0,468.0,337.0,337.0,333.6,410.6,342.80676,416.46658
2018-02-18 08:40:00,2018-02-18 09:35:00,225,104.0,164.0,94.0,94.0,77.4,110.6,83.26458,114.72171
2018-02-18 08:45:00,2018-02-18 09:40:00,46,62.0,93.0,61.0,61.0,63.0,90.0,60.957756,87.90207
2018-02-18 08:45:00,2018-02-18 09:40:00,97,333.0,483.0,394.0,394.0,323.4,433.0,356.69827,457.81934
2018-02-18 08:45:00,2018-02-18 09:40:00,225,74.0,171.0,104.0,104.0,76.0,116.0,92.147255,128.39774
2018-02-18 08:50:00,2018-02-18 09:45:00,46,59.0,83.0,62.0,62.0,72.8,98.6,66.97156,93.47834
2018-02-18 08:50:00,2018-02-18 09:45:00,97,312.0,487.0,333.0,333.0,336.4,457.6,359.53415,474.66135
2018-02-18 08:50:00,2018-02-18 09:45:00,225,93.0,133.0,74.0,74.0,73.2,124.8,86.628975,135.35014
2018-02-18 08:55:00,2018-02-18 09:50:00,46,70.0,87.0,59.0,59.0,76.6,96.8,67.88592,89.688675
2018-02-18 08:55:00,2018-02-18 09:50:00,97,337.0,526.0,312.0,312.0,334.6,476.0,349.33755,486.94562
2018-02-18 08:55:00,2018-02-18 09:50:00,225,83.0,150.0,93.0,93.0,76.0,123.4,91.90829,135.76257
2018-02-18 09:00:00,2018-02-18 09:55:00,46,65.0,104.0,70.0,70.0,79.0,91.4,72.8168,86.19974
2018-02-18 09:00:00,2018-02-18 09:55:00,97,347.0,486.0,337.0,337.0,323.8,480.2,339.46832,491.87158
2018-02-18 09:00:00,2018-02-18 09:55:00,225,103.0,157.0,83.0,83.0,69.0,114.4,84.73975,127.18446
2018-02-18 09:05:00,2018-02-18 10:00:00,46,78.0,97.0,65.0,65.0,71.4,82.8,67.275894,79.36321
2018-02-18 09:05:00,2018-02-18 10:00:00,97,321.0,551.0,347.0,347.0,329.0,427.4,330.74747,428.3251
2018-02-18 09:05:00,2018-02-18 10:00:00,225,92.0,147.0,103.0,103.0,68.4,121.2,87.68007,135.84714
2018-02-18 09:10:00,2018-02-18 10:05:00,46,68.0,103.0,78.0,78.0,75.0,88.6,72.80417,86.26226
2018-02-18 09:10:00,2018-02-18 10:05:00,97,362.0,451.0,321.0,321.0,373.8,461.2,347.41403,438.1025
2018-02-18 09:10:00,2018-02-18 10:05:00,225,120.0,160.0,92.0,92.0,81.4,118.2,92.71146,127.091385
2018-02-18 09:15:00,2018-02-18 10:10:00,46,88.0,105.0,68.0,68.0,71.6,96.0,68.90086,93.186714
2018-02-18 09:15:00,2018-02-18 10:10:00,97,413.0,550.0,362.0,362.0,372.6,444.4,348.9638,424.18735
2018-02-18 09:15:00,2018-02-18 10:10:00,225,102.0,178.0,120.0,120.0,88.6,123.8,104.33742,136.08554
2018-02-18 09:20:00,2018-02-18 10:15:00,46,101.0,116.0,88.0,88.0,82.4,97.2,79.60832,94.257515
2018-02-18 09:20:00,2018-02-18 10:15:00,97,415.0,505.0,413.0,413.0,395.2,463.2,376.59515,445.37668
2018-02-18 09:20:00,2018-02-18 10:15:00,225,119.0,160.0,102.0,102.0,83.8,126.2,97.781456,136.85947
2018-02-18 09:25:00,2018-02-18 10:20:00,46,60.0,128.0,101.0,101.0,85.8,108.6,90.01279,111.10835
2018-02-18 09:25:00,2018-02-18 10:20:00,97,396.0,499.0,415.0,415.0,416.2,436.0,394.989,416.4342
2018-02-18 09:25:00,2018-02-18 10:20:00,225,127.0,196.0,119.0,119.0,96.8,131.6,107.85133,139.80461
2018-02-18 09:30:00,2018-02-18 10:25:00,46,96.0,98.0,60.0,60.0,76.8,108.4,72.95518,104.85603
2018-02-18 09:30:00,2018-02-18 10:25:00,97,465.0,534.0,396.0,396.0,431.8,533.4,415.02423,516.7821
2018-02-18 09:30:00,2018-02-18 10:25:00,225,119.0,149.0,127.0,127.0,98.8,138.4,112.95055,149.08621
2018-02-18 09:35:00,2018-02-18 10:30:00,46,84.0,119.0,96.0,96.0,96.4,119.2,92.49622,115.45968
2018-02-18 09:35:00,2018-02-18 10:30:00,97,468.0,537.0,465.0,465.0,410.6,490.0,417.39044,493.14532
2018-02-18 09:35:00,2018-02-18 10:30:00,225,164.0,187.0,119.0,119.0,110.6,137.2,117.082794,141.97049
2018-02-18 09:40:00,2018-02-18 10:35:00,46,93.0,116.0,84.0,84.0,90.0,100.0,86.2265,97.058914
2018-02-18 09:40:00,2018-02-18 10:35:00,97,483.0,573.0,468.0,468.0,433.0,497.6,437.43054,498.22446
2018-02-18 09:40:00,2018-02-18 10:35:00,225,171.0,197.0,164.0,164.0,116.0,149.0,134.73007,162.90686
2018-02-18 09:45:00,2018-02-18 10:40:00,46,83.0,127.0,93.0,93.0,98.6,121.0,96.63842,118.81854
2018-02-18 09:45:00,2018-02-18 10:40:00,97,487.0,586.0,483.0,483.0,457.6,523.4,467.36264,529.0538
2018-02-18 09:45:00,2018-02-18 10:40:00,225,133.0,183.0,171.0,171.0,124.8,135.8,150.26361,156.09178
2018-02-18 09:50:00,2018-02-18 10:45:00,46,87.0,140.0,83.0,83.0,96.8,109.4,94.65202,107.72327
2018-02-18 09:50:00,2018-02-18 10:45:00,97,526.0,595.0,487.0,487.0,476.0,504.0,488.4378,513.8653
2018-02-18 09:50:00,2018-02-18 10:45:00,225,150.0,229.0,133.0,133.0,123.4,151.6,146.27667,169.6596
2018-02-18 09:55:00,2018-02-18 10:50:00,46,104.0,147.0,87.0,87.0,91.4,123.0,93.09867,124.24926
2018-02-18 09:55:00,2018-02-18 10:50:00,97,486.0,541.0,526.0,526.0,480.2,561.4,521.32733,593.0281
2018-02-18 09:55:00,2018-02-18 10:50:00,225,157.0,226.0,150.0,150.0,114.4,160.6,143.91696,184.15228
2018-02-18 10:00:00,2018-02-18 10:55:00,46,97.0,125.0,104.0,104.0,82.8,119.6,92.04752,126.24479
2018-02-18 10:00:00,2018-02-18 10:55:00,97,551.0,557.0,486.0,486.0,427.4,523.6,480.94455,566.02606
2018-02-18 10:00:00,2018-02-18 10:55:00,225,147.0,218.0,157.0,157.0,121.2,157.2,149.7395,180.28583
2018-02-18 10:05:00,2018-02-18 11:00:00,46,103.0,98.0,97.0,97.0,88.6,111.0,92.44331,113.71224
2018-02-18 10:05:00,2018-02-18 11:00:00,97,451.0,574.0,551.0,551.0,461.2,483.2,514.14886,526.0373
2018-02-18 10:05:00,2018-02-18 11:00:00,225,160.0,248.0,147.0,147.0,118.2,133.8,143.23813,154.12479
2018-02-18 10:10:00,2018-02-18 11:05:00,46,105.0,110.0,103.0,103.0,96.0,110.4,98.00853,111.515564
2018-02-18 10:10:00,2018-02-18 11:05:00,97,550.0,583.0,451.0,451.0,444.4,533.0,483.74258,564.2908
2018-02-18 10:10:00,2018-02-18 11:05:00,225,178.0,218.0,160.0,160.0,123.8,155.8,149.19489,175.95433
2018-02-18 10:15:00,2018-02-18 11:10:00,46,116.0,136.0,105.0,105.0,97.2,116.0,98.19911,116.154175
2018-02-18 10:15:00,2018-02-18 11:10:00,97,505.0,540.0,550.0,550.0,463.2,536.6,511.85342,574.3936
2018-02-18 10:15:00,2018-02-18 11:10:00,225,160.0,252.0,178.0,178.0,126.2,156.0,157.12927,180.89935
2018-02-18 10:20:00,2018-02-18 11:15:00,46,128.0,99.0,116.0,116.0,108.6,117.6,108.98081,117.13114
2018-02-18 10:20:00,2018-02-18 11:15:00,97,499.0,611.0,505.0,505.0,436.0,577.6,482.62283,613.15515
2018-02-18 10:20:00,2018-02-18 11:15:00,225,196.0,249.0,160.0,160.0,131.6,151.6,156.13849,171.03198
2018-02-18 10:25:00,2018-02-18 11:20:00,46,98.0,144.0,128.0,128.0,108.4,132.8,116.5712,138.59142
2018-02-18 10:25:00,2018-02-18 11:20:00,97,534.0,582.0,499.0,499.0,533.4,539.0,530.36694,537.59296
2018-02-18 10:25:00,2018-02-18 11:20:00,225,149.0,215.0,196.0,196.0,138.4,141.2,167.70752,164.40689
2018-02-18 10:30:00,2018-02-18 11:25:00,46,119.0,156.0,98.0,98.0,119.2,112.4,115.36966,109.50987
2018-02-18 10:30:00,2018-02-18 11:25:00,97,537.0,552.0,534.0,534.0,490.0,539.2,509.70752,553.8867
2018-02-18 10:30:00,2018-02-18 11:25:00,225,187.0,242.0,149.0,149.0,137.2,157.8,157.71707,174.39893
2018-02-18 10:35:00,2018-02-18 11:30:00,46,116.0,137.0,119.0,119.0,100.0,113.2,105.68537,117.38241
2018-02-18 10:35:00,2018-02-18 11:30:00,97,573.0,579.0,537.0,537.0,497.6,542.0,516.9684,556.71655
2018-02-18 10:35:00,2018-02-18 11:30:00,225,197.0,221.0,187.0,187.0,149.0,151.0,171.39786,168.45833
2018-02-18 10:40:00,2018-02-18 11:35:00,46,127.0,130.0,116.0,116.0,121.0,121.0,120.30176,120.21901
2018-02-18 10:40:00,2018-02-18 11:35:00,97,586.0,582.0,573.0,573.0,523.4,541.8,547.96484,559.329
2018-02-18 10:40:00,2018-02-18 11:35:00,225,183.0,219.0,197.0,197.0,135.8,157.6,168.95477,183.43979
2018-02-18 10:45:00,2018-02-18 11:40:00,46,140.0,134.0,127.0,127.0,109.4,129.6,117.931816,135.88118
2018-02-18 10:45:00,2018-02-18 11:40:00,97,595.0,621.0,586.0,586.0,504.0,559.6,543.1883,589.1371
2018-02-18 10:45:00,2018-02-18 11:40:00,225,229.0,208.0,183.0,183.0,151.6,173.4,178.1748,194.65822
2018-02-18 10:50:00,2018-02-18 11:45:00,46,147.0,110.0,140.0,140.0,123.0,126.6,131.77446,133.32712
2018-02-18 10:50:00,2018-02-18 11:45:00,97,541.0,610.0,595.0,595.0,561.4,559.0,589.4101,580.4156
2018-02-18 10:50:00,2018-02-18 11:45:00,225,226.0,234.0,229.0,229.0,160.6,177.6,199.30771,208.07356
2018-02-18 10:55:00,2018-02-18 11:50:00,46,125.0,129.0,147.0,147.0,119.6,133.2,136.17694,146.20453
2018-02-18 10:55:00,2018-02-18 11:50:00,97,557.0,581.0,541.0,541.0,523.6,620.0,569.03925,654.83575
2018-02-18 10:55:00,2018-02-18 11:50:00,225,218.0,300.0,226.0,226.0,157.2,173.6,207.00206,213.62689
2018-02-18 11:00:00,2018-02-18 11:55:00,46,98.0,156.0,125.0,125.0,111.0,125.4,127.82768,138.65953
2018-02-18 11:00:00,2018-02-18 11:55:00,97,574.0,615.0,557.0,557.0,483.2,543.2,528.8732,579.36
2018-02-18 11:00:00,2018-02-18 11:55:00,225,248.0,250.0,218.0,218.0,133.8,166.8,192.7365,213.70798
2018-02-18 11:05:00,2018-02-18 12:00:00,46,110.0,132.0,98.0,98.0,110.4,122.4,115.924286,127.049416
2018-02-18 11:05:00,2018-02-18 12:00:00,97,583.0,622.0,574.0,574.0,533.0,565.4,561.0272,587.6347
2018-02-18 11:05:00,2018-02-18 12:00:00,225,218.0,156.0,248.0,248.0,155.8,156.4,214.31937,203.35144
2018-02-18 11:10:00,2018-02-18 12:05:00,46,136.0,152.0,110.0,110.0,116.0,129.8,116.564865,130.32556
2018-02-18 11:10:00,2018-02-18 12:05:00,97,540.0,587.0,583.0,583.0,536.6,561.0,561.47394,579.93365
2018-02-18 11:10:00,2018-02-18 12:05:00,225,252.0,273.0,218.0,218.0,156.0,178.2,214.28891,225.1018
2018-02-18 11:15:00,2018-02-18 12:10:00,46,99.0,147.0,136.0,136.0,117.6,123.0,121.2903,125.70929
2018-02-18 11:15:00,2018-02-18 12:10:00,97,611.0,650.0,540.0,540.0,577.6,498.8,575.23627,498.2321
2018-02-18 11:15:00,2018-02-18 12:10:00,225,249.0,216.0,252.0,252.0,151.6,164.4,220.8854,219.97913
2018-02-18 11:20:00,2018-02-18 12:15:00,46,144.0,147.0,99.0,99.0,132.8,127.0,124.47893,120.36818
2018-02-18 11:20:00,2018-02-18 12:15:00,97,582.0,596.0,611.0,611.0,539.0,523.6,570.6511,548.25635
2018-02-18 11:20:00,2018-02-18 12:15:00,225,215.0,217.0,249.0,249.0,141.2,161.0,214.02618,219.53476
2018-02-18 11:25:00,2018-02-18 12:20:00,46,156.0,160.0,144.0,144.0,112.4,147.6,124.42407,156.63953
2018-02-18 11:25:00,2018-02-18 12:20:00,97,552.0,640.0,582.0,582.0,539.2,577.8,572.5087,602.6863
2018-02-18 11:25:00,2018-02-18 12:20:00,225,242.0,243.0,215.0,215.0,157.8,167.0,215.95398,214.58636
2018-02-18 11:30:00,2018-02-18 12:25:00,46,137.0,129.0,156.0,156.0,113.2,142.0,130.73738,155.33304
2018-02-18 11:30:00,2018-02-18 12:25:00,97,579.0,588.0,552.0,552.0,542.0,601.8,566.26294,619.5739
2018-02-18 11:30:00,2018-02-18 12:25:00,225,221.0,214.0,242.0,242.0,151.0,159.8,212.2633,209.1448
2018-02-18 11:35:00,2018-02-18 12:30:00,46,130.0,167.0,137.0,137.0,121.0,118.2,130.96082,125.6432
2018-02-18 11:35:00,2018-02-18 12:30:00,97,582.0,634.0,579.0,579.0,541.8,531.6,555.59564,542.33606
2018-02-18 11:35:00,2018-02-18 12:30:00,225,219.0,190.0,221.0,221.0,157.6,149.6,206.94492,189.97989
2018-02-18 11:40:00,2018-02-18 12:35:00,46,134.0,157.0,130.0,130.0,129.6,132.4,134.64774,135.83926
2018-02-18 11:40:00,2018-02-18 12:35:00,97,621.0,617.0,582.0,582.0,559.6,641.6,573.97687,651.0576
2018-02-18 11:40:00,2018-02-18 12:35:00,225,208.0,239.0,219.0,219.0,173.4,165.2,213.19614,197.4578
2018-02-18 11:45:00,2018-02-18 12:40:00,46,110.0,140.0,134.0,134.0,126.6,142.6,133.63063,147.96617
2018-02-18 11:45:00,2018-02-18 12:40:00,97,610.0,616.0,621.0,621.0,559.0,618.0,585.4085,636.9801
2018-02-18 11:45:00,2018-02-18 12:40:00,225,234.0,176.0,208.0,208.0,177.6,183.0,211.56396,210.53232
2018-02-18 11:50:00,2018-02-18 12:45:00,46,129.0,153.0,110.0,110.0,133.2,142.6,131.8864,141.1753
2018-02-18 11:50:00,2018-02-18 12:45:00,97,581.0,638.0,610.0,610.0,620.0,638.0,640.0161,653.8076
2018-02-18 11:50:00,2018-02-18 12:45:00,225,300.0,238.0,234.0,234.0,173.6,169.2,214.46478,202.46536
2018-02-18 11:55:00,2018-02-18 12:50:00,46,156.0,149.0,129.0,129.0,125.4,144.6,129.31119,147.62207
2018-02-18 11:55:00,2018-02-18 12:50:00,97,615.0,618.0,581.0,581.0,543.2,648.0,588.9685,684.2198
2018-02-18 11:55:00,2018-02-18 12:50:00,225,250.0,191.0,300.0,300.0,166.8,161.8,233.89905,214.82971
2018-02-18 12:00:00,2018-02-18 12:55:00,46,132.0,123.0,156.0,156.0,122.4,133.6,134.16037,143.22018
2018-02-18 12:00:00,2018-02-18 12:55:00,97,622.0,682.0,615.0,615.0,565.4,603.4,606.1155,636.0388
2018-02-18 12:00:00,2018-02-18 12:55:00,225,156.0,159.0,250.0,250.0,156.4,161.4,222.837,214.18701
2018-02-18 12:05:00,2018-02-18 13:00:00,46,152.0,162.0,132.0,132.0,129.8,133.4,136.22461,138.34755
2018-02-18 12:05:00,2018-02-18 13:00:00,97,587.0,723.0,622.0,622.0,561.0,598.4,619.0554,644.224
2018-02-18 12:05:00,2018-02-18 13:00:00,225,273.0,198.0,156.0,156.0,178.2,159.8,208.6965,185.40004
2018-02-18 12:10:00,2018-02-18 13:05:00,46,147.0,157.0,152.0,152.0,123.0,141.4,136.90674,151.62952
2018-02-18 12:10:00,2018-02-18 13:05:00,97,650.0,684.0,587.0,587.0,498.8,683.6,578.6681,745.27997
2018-02-18 12:10:00,2018-02-18 13:05:00,225,216.0,187.0,273.0,273.0,164.4,178.6,222.13007,224.45871
2018-02-18 12:15:00,2018-02-18 13:10:00,46,147.0,156.0,147.0,147.0,127.0,134.6,137.30199,142.79146
2018-02-18 12:15:00,2018-02-18 13:10:00,97,596.0,682.0,650.0,650.0,523.6,653.0,590.4673,704.7939
2018-02-18 12:15:00,2018-02-18 13:10:00,225,217.0,135.0,216.0,216.0,161.0,162.2,210.91922,202.53232
2018-02-18 12:20:00,2018-02-18 13:15:00,46,160.0,135.0,147.0,147.0,147.6,141.0,150.15256,142.44287
2018-02-18 12:20:00,2018-02-18 13:15:00,97,640.0,705.0,596.0,596.0,577.8,702.0,611.4196,727.7982
2018-02-18 12:20:00,2018-02-18 13:15:00,225,243.0,241.0,217.0,217.0,167.0,162.4,212.45557,198.88387
2018-02-18 12:25:00,2018-02-18 13:20:00,46,129.0,146.0,160.0,160.0,142.0,132.0,153.79909,140.95093
2018-02-18 12:25:00,2018-02-18 13:20:00,97,588.0,678.0,640.0,640.0,601.8,653.4,633.90576,678.79315
2018-02-18 12:25:00,2018-02-18 13:20:00,225,214.0,263.0,243.0,243.0,159.8,168.4,213.80246,212.13806
2018-02-18 12:30:00,2018-02-18 13:25:00,46,167.0,133.0,129.0,129.0,118.2,135.2,131.63766,145.90456
2018-02-18 12:30:00,2018-02-18 13:25:00,97,634.0,635.0,588.0,588.0,531.6,631.2,564.42957,656.5663
2018-02-18 12:30:00,2018-02-18 13:25:00,225,190.0,205.0,214.0,214.0,149.6,146.0,197.2602,185.07123
2018-02-18 12:35:00,2018-02-18 13:30:00,46,157.0,133.0,167.0,167.0,132.4,141.4,146.63168,152.19171
2018-02-18 12:35:00,2018-02-18 13:30:00,97,617.0,636.0,634.0,634.0,641.6,641.8,636.42957,636.93115
2018-02-18 12:35:00,2018-02-18 13:30:00,225,239.0,146.0,190.0,190.0,165.2,164.4,196.32959,188.63072
2018-02-18 12:40:00,2018-02-18 13:35:00,46,140.0,128.0,157.0,157.0,142.6,133.8,152.70927,141.8923
2018-02-18 12:40:00,2018-02-18 13:35:00,97,616.0,698.0,617.0,617.0,618.0,667.0,621.18756,667.7221
2018-02-18 12:40:00,2018-02-18 13:35:00,225,176.0,255.0,239.0,239.0,183.0,155.0,216.21078,182.38863
2018-02-18 12:45:00,2018-02-18 13:40:00,46,153.0,150.0,140.0,140.0,142.6,130.0,148.62628,135.1156
2018-02-18 12:45:00,2018-02-18 13:40:00,97,638.0,631.0,616.0,616.0,638.0,632.8,627.0952,623.7858
2018-02-18 12:45:00,2018-02-18 13:40:00,225,238.0,190.0,176.0,176.0,169.2,166.4,194.65431,187.13031
2018-02-18 12:50:00,2018-02-18 13:45:00,46,149.0,162.0,153.0,153.0,144.6,151.8,154.26907,159.28156
2018-02-18 12:50:00,2018-02-18 13:45:00,97,618.0,713.0,638.0,638.0,648.0,650.8,644.3894,646.917
2018-02-18 12:50:00,2018-02-18 13:45:00,225,191.0,216.0,238.0,238.0,161.8,164.4,200.21393,193.90582
2018-02-18 12:55:00,2018-02-18 13:50:00,46,123.0,132.0,149.0,149.0,133.6,119.2,143.90741,127.7825
2018-02-18 12:55:00,2018-02-18 13:50:00,97,682.0,688.0,618.0,618.0,603.4,638.2,610.50354,642.75104
2018-02-18 12:55:00,2018-02-18 13:50:00,225,159.0,173.0,191.0,191.0,161.4,150.4,191.31982,174.88211
2018-02-18 13:00:00,2018-02-18 13:55:00,46,162.0,137.0,123.0,123.0,133.4,140.4,136.99008,142.95523
2018-02-18 13:00:00,2018-02-18 13:55:00,97,723.0,694.0,682.0,682.0,598.4,664.2,617.2677,676.04553
2018-02-18 13:00:00,2018-02-18 13:55:00,225,198.0,179.0,159.0,159.0,159.8,161.6,176.85657,176.03922
2018-02-18 13:05:00,2018-02-18 14:00:00,46,157.0,149.0,162.0,162.0,141.4,135.4,148.41905,140.85063
2018-02-18 13:05:00,2018-02-18 14:00:00,97,684.0,711.0,723.0,723.0,683.6,625.0,687.0121,626.62006
2018-02-18 13:05:00,2018-02-18 14:00:00,225,187.0,170.0,198.0,198.0,178.6,170.4,191.90262,180.41019
2018-02-18 13:10:00,2018-02-18 14:05:00,46,156.0,160.0,157.0,157.0,134.6,147.4,147.8871,157.65524
2018-02-18 13:10:00,2018-02-18 14:05:00,97,682.0,710.0,684.0,684.0,653.0,680.2,670.50085,691.816
2018-02-18 13:10:00,2018-02-18 14:05:00,225,135.0,199.0,187.0,187.0,162.2,163.8,182.33945,180.34808
2018-02-18 13:15:00,2018-02-18 14:10:00,46,135.0,146.0,156.0,156.0,141.0,142.8,153.5945,152.36142
2018-02-18 13:15:00,2018-02-18 14:10:00,97,705.0,733.0,682.0,682.0,702.0,664.2,708.9126,669.5392
2018-02-18 13:15:00,2018-02-18 14:10:00,225,241.0,205.0,135.0,135.0,162.4,145.2,163.00302,145.91278
2018-02-18 13:20:00,2018-02-18 14:15:00,46,146.0,142.0,135.0,135.0,132.0,126.4,139.66962,132.66052
2018-02-18 13:20:00,2018-02-18 14:15:00,97,678.0,737.0,705.0,705.0,653.4,635.0,689.9093,664.1574
2018-02-18 13:20:00,2018-02-18 14:15:00,225,263.0,205.0,241.0,241.0,168.4,152.8,191.5604,170.7146
2018-02-18 13:25:00,2018-02-18 14:20:00,46,133.0,142.0,146.0,146.0,135.2,141.4,143.32428,147.83192
2018-02-18 13:25:00,2018-02-18 14:20:00,97,635.0,732.0,678.0,678.0,631.2,664.0,675.8895,699.0104
2018-02-18 13:25:00,2018-02-18 14:20:00,225,205.0,165.0,263.0,263.0,146.0,142.8,197.70706,183.08855
2018-02-18 13:30:00,2018-02-18 14:25:00,46,133.0,94.0,133.0,133.0,141.4,134.2,143.143,135.24112
2018-02-18 13:30:00,2018-02-18 14:25:00,97,636.0,744.0,635.0,635.0,641.8,684.4,664.63165,702.55597
2018-02-18 13:30:00,2018-02-18 14:25:00,225,146.0,159.0,205.0,205.0,164.4,150.6,204.28337,181.42972
2018-02-18 13:35:00,2018-02-18 14:30:00,46,128.0,132.0,133.0,133.0,133.8,134.2,136.7248,136.38666
2018-02-18 13:35:00,2018-02-18 14:30:00,97,698.0,718.0,636.0,636.0,667.0,688.8,675.021,696.35156
2018-02-18 13:35:00,2018-02-18 14:30:00,225,255.0,122.0,146.0,146.0,155.0,163.4,175.60638,179.93343
2018-02-18 13:40:00,2018-02-18 14:35:00,46,150.0,134.0,128.0,128.0,130.0,134.4,128.96231,133.57343
2018-02-18 13:40:00,2018-02-18 14:35:00,97,631.0,806.0,698.0,698.0,632.8,666.0,663.44006,690.5392
2018-02-18 13:40:00,2018-02-18 14:35:00,225,190.0,227.0,255.0,255.0,166.4,156.4,204.62486,187.35977
2018-02-18 13:45:00,2018-02-18 14:40:00,46,162.0,130.0,150.0,150.0,151.8,138.0,149.53558,136.0022
2018-02-18 13:45:00,2018-02-18 14:40:00,97,713.0,725.0,631.0,631.0,650.8,688.2,661.38873,696.2913
2018-02-18 13:45:00,2018-02-18 14:40:00,225,216.0,213.0,190.0,190.0,164.4,154.4,196.75415,179.60295
2018-02-18 13:50:00,2018-02-18 14:45:00,46,132.0,126.0,162.0,162.0,119.2,124.6,134.87749,136.30782
2018-02-18 13:50:00,2018-02-18 14:45:00,97,688.0,759.0,713.0,713.0,638.2,675.4,669.9301,699.8651
2018-02-18 13:50:00,2018-02-18 14:45:00,225,173.0,154.0,216.0,216.0,150.4,140.4,191.51321,173.42105
2018-02-18 13:55:00,2018-02-18 14:50:00,46,137.0,130.0,132.0,132.0,140.4,125.6,141.22949,126.15675
2018-02-18 13:55:00,2018-02-18 14:50:00,97,694.0,729.0,688.0,688.0,664.2,677.6,687.3613,695.1455
2018-02-18 13:55:00,2018-02-18 14:50:00,225,179.0,168.0,173.0,173.0,161.6,154.4,186.38487,175.76927
2018-02-18 14:00:00,2018-02-18 14:55:00,46,149.0,119.0,137.0,137.0,135.4,133.0,135.3419,132.35178
2018-02-18 14:00:00,2018-02-18 14:55:00,97,711.0,740.0,694.0,694.0,625.0,646.8,657.2833,670.63806
2018-02-18 14:00:00,2018-02-18 14:55:00,225,170.0,168.0,179.0,179.0,170.4,145.2,186.80527,159.26111
2018-02-18 14:05:00,2018-02-18 15:00:00,46,160.0,144.0,149.0,149.0,147.4,115.8,145.09846,113.835205
2018-02-18 14:05:00,2018-02-18 15:00:00,97,710.0,770.0,711.0,711.0,680.2,630.2,697.4335,642.85486
2018-02-18 14:05:00,2018-02-18 15:00:00,225,199.0,189.0,170.0,170.0,163.8,134.6,180.98834,148.51604
2018-02-18 14:10:00,2018-02-18 15:05:00,46,146.0,125.0,160.0,160.0,142.8,128.0,151.29327,134.03305
2018-02-18 14:10:00,2018-02-18 15:05:00,97,733.0,747.0,710.0,710.0,664.2,633.6,695.83997,658.1401
2018-02-18 14:10:00,2018-02-18 15:05:00,225,205.0,182.0,199.0,199.0,145.2,150.8,176.59839,176.52625
2018-02-18 14:15:00,2018-02-18 15:10:00,46,142.0,109.0,146.0,146.0,126.4,132.2,139.97238,142.62932
2018-02-18 14:15:00,2018-02-18 15:10:00,97,737.0,734.0,733.0,733.0,635.0,652.0,685.6342,689.88947
2018-02-18 14:15:00,2018-02-18 15:10:00,225,205.0,145.0,205.0,205.0,152.8,139.2,181.88199,161.84175
2018-02-18 14:20:00,2018-02-18 15:15:00,46,142.0,138.0,142.0,142.0,141.4,128.8,146.53003,133.05916
2018-02-18 14:20:00,2018-02-18 15:15:00,97,732.0,716.0,737.0,737.0,664.0,625.4,702.15186,655.23254
2018-02-18 14:20:00,2018-02-18 15:15:00,225,165.0,151.0,205.0,205.0,142.8,136.8,176.98807,163.22992
2018-02-18 14:25:00,2018-02-18 15:20:00,46,94.0,144.0,142.0,142.0,134.2,131.8,142.46179,138.32416
2018-02-18 14:25:00,2018-02-18 15:20:00,97,744.0,687.0,732.0,732.0,684.4,656.4,719.1498,683.70935
2018-02-18 14:25:00,2018-02-18 15:20:00,225,159.0,127.0,165.0,165.0,150.6,146.2,172.35033,163.47913
2018-02-18 14:30:00,2018-02-18 15:25:00,46,132.0,133.0,94.0,94.0,134.2,130.0,126.831894,124.55615
2018-02-18 14:30:00,2018-02-18 15:25:00,97,718.0,749.0,744.0,744.0,688.8,619.4,726.8705,650.1489
2018-02-18 14:30:00,2018-02-18 15:25:00,225,122.0,187.0,159.0,159.0,163.4,134.6,173.16736,143.31534
2018-02-18 14:35:00,2018-02-18 15:30:00,46,134.0,104.0,132.0,132.0,134.4,124.0,129.82008,120.51396
2018-02-18 14:35:00,2018-02-18 15:30:00,97,806.0,783.0,718.0,718.0,666.0,627.0,707.4345,659.88745
2018-02-18 14:35:00,2018-02-18 15:30:00,225,227.0,143.0,122.0,122.0,156.4,134.8,151.88908,131.28644
2018-02-18 14:40:00,2018-02-18 15:35:00,46,130.0,122.0,134.0,134.0,138.0,116.4,134.00299,113.310555
2018-02-18 14:40:00,2018-02-18 15:35:00,97,725.0,762.0,806.0,806.0,688.2,690.8,756.39923,744.19507
2018-02-18 14:40:00,2018-02-18 15:35:00,225,213.0,148.0,227.0,227.0,154.4,148.2,179.10416,167.35724
2018-02-18 14:45:00,2018-02-18 15:40:00,46,126.0,114.0,130.0,130.0,124.6,132.0,127.52733,133.56116
2018-02-18 14:45:00,2018-02-18 15:40:00,97,759.0,721.0,725.0,725.0,675.4,680.4,737.6561,730.37573
2018-02-18 14:45:00,2018-02-18 15:40:00,225,154.0,149.0,213.0,213.0,140.4,144.0,177.7008,173.05573
2018-02-18 14:50:00,2018-02-18 15:45:00,46,130.0,116.0,126.0,126.0,125.6,122.2,126.28082,122.4906
2018-02-18 14:50:00,2018-02-18 15:45:00,97,729.0,754.0,759.0,759.0,677.6,656.8,747.65265,713.55884
2018-02-18 14:50:00,2018-02-18 15:45:00,225,168.0,126.0,154.0,154.0,154.4,141.6,174.83444,158.29562
2018-02-18 14:55:00,2018-02-18 15:50:00,46,119.0,106.0,130.0,130.0,133.0,108.2,130.35141,106.18938
2018-02-18 14:55:00,2018-02-18 15:50:00,97,740.0,778.0,729.0,729.0,646.8,669.4,726.8148,734.0894
2018-02-18 14:55:00,2018-02-18 15:50:00,225,168.0,174.0,168.0,168.0,145.2,129.4,166.61354,146.94711
2018-02-18 15:00:00,2018-02-18 15:55:00,46,144.0,94.0,119.0,119.0,115.8,103.6,115.00883,102.16464
2018-02-18 15:00:00,2018-02-18 15:55:00,97,770.0,759.0,740.0,740.0,630.2,688.4,719.5513,759.76025
2018-02-18 15:00:00,2018-02-18 15:55:00,225,189.0,175.0,168.0,168.0,134.6,133.2,157.91283,152.06055
2018-02-18 15:05:00,2018-02-18 16:00:00,46,125.0,112.0,144.0,144.0,128.0,115.2,128.53572,114.61387
2018-02-18 15:05:00,2018-02-18 16:00:00,97,747.0,781.0,770.0,770.0,633.6,673.6,728.8781,749.11835
2018-02-18 15:05:00,2018-02-18 16:00:00,225,182.0,123.0,189.0,189.0,150.8,142.6,175.99301,161.60182
2018-02-18 15:10:00,2018-02-18 16:05:00,46,109.0,113.0,125.0,125.0,132.2,111.2,129.39548,108.598
2018-02-18 15:10:00,2018-02-18 16:05:00,97,734.0,767.0,747.0,747.0,652.0,685.6,736.6755,753.77124
2018-02-18 15:10:00,2018-02-18 16:05:00,225,145.0,132.0,182.0,182.0,139.2,140.4,169.47313,164.48584
2018-02-18 15:15:00,2018-02-18 16:10:00,46,138.0,119.0,109.0,109.0,128.8,109.4,120.26349,102.3951
2018-02-18 15:15:00,2018-02-18 16:10:00,97,716.0,787.0,734.0,734.0,625.4,642.0,707.8382,708.1411
2018-02-18 15:15:00,2018-02-18 16:10:00,225,151.0,163.0,145.0,145.0,136.8,124.6,153.27313,138.56697
2018-02-18 15:20:00,2018-02-18 16:15:00,46,144.0,126.0,138.0,138.0,131.8,112.2,128.51743,109.22371
2018-02-18 15:20:00,2018-02-18 16:15:00,97,687.0,693.0,716.0,716.0,656.4,660.0,721.851,712.52124
2018-02-18 15:20:00,2018-02-18 16:15:00,225,127.0,130.0,151.0,151.0,146.2,117.6,156.33002,126.14868
2018-02-18 15:25:00,2018-02-18 16:20:00,46,133.0,133.0,144.0,144.0,130.0,117.0,136.14093,121.79414
2018-02-18 15:25:00,2018-02-18 16:20:00,97,749.0,703.0,687.0,687.0,619.4,624.0,679.77,672.393
2018-02-18 15:25:00,2018-02-18 16:20:00,225,187.0,157.0,127.0,127.0,134.6,144.6,143.31009,151.64299
2018-02-18 15:30:00,2018-02-18 16:25:00,46,104.0,118.0,133.0,133.0,124.0,105.6,131.67462,111.29527
2018-02-18 15:30:00,2018-02-18 16:25:00,97,783.0,746.0,749.0,749.0,627.0,635.4,684.5266,680.14465
2018-02-18 15:30:00,2018-02-18 16:25:00,225,143.0,113.0,187.0,187.0,134.8,127.8,153.60016,142.73657
2018-02-18 15:35:00,2018-02-18 16:30:00,46,122.0,113.0,104.0,104.0,116.4,99.0,115.44244,98.47065
2018-02-18 15:35:00,2018-02-18 16:30:00,97,762.0,716.0,783.0,783.0,690.8,667.2,738.2183,703.2822
2018-02-18 15:35:00,2018-02-18 16:30:00,225,148.0,163.0,143.0,143.0,148.2,119.6,149.66696,120.52616
2018-02-18 15:40:00,2018-02-18 16:35:00,46,114.0,111.0,122.0,122.0,132.0,103.6,127.405754,100.12135
2018-02-18 15:40:00,2018-02-18 16:35:00,97,721.0,701.0,762.0,762.0,680.4,643.2,738.41223,688.99304
2018-02-18 15:40:00,2018-02-18 16:35:00,225,149.0,137.0,148.0,148.0,144.0,128.6,147.6133,131.16808
2018-02-18 15:45:00,2018-02-18 16:40:00,46,116.0,113.0,114.0,114.0,122.2,109.4,123.809074,110.45004
2018-02-18 15:45:00,2018-02-18 16:40:00,97,754.0,750.0,721.0,721.0,656.8,623.8,708.9708,665.0056
2018-02-18 15:45:00,2018-02-18 16:40:00,225,126.0,156.0,149.0,149.0,141.6,124.0,149.7042,130.49509
2018-02-18 15:50:00,2018-02-18 16:45:00,46,106.0,97.0,116.0,116.0,108.2,98.4,114.3513,103.18365
2018-02-18 15:50:00,2018-02-18 16:45:00,97,778.0,720.0,754.0,754.0,669.4,634.6,720.24097,674.8302
2018-02-18 15:50:00,2018-02-18 16:45:00,225,174.0,123.0,126.0,126.0,129.4,127.4,134.9602,131.65637
2018-02-18 15:55:00,2018-02-18 16:50:00,46,94.0,108.0,106.0,106.0,103.6,103.8,105.892136,105.59806
2018-02-18 15:55:00,2018-02-18 16:50:00,97,759.0,641.0,778.0,778.0,688.4,648.8,747.32855,694.7169
2018-02-18 15:55:00,2018-02-18 16:50:00,225,175.0,119.0,174.0,174.0,133.2,112.4,144.73451,120.90645
2018-02-18 16:00:00,2018-02-18 16:55:00,46,112.0,97.0,94.0,94.0,115.2,105.6,106.356476,98.460236
2018-02-18 16:00:00,2018-02-18 16:55:00,97,781.0,669.0,759.0,759.0,673.6,645.4,740.26263,697.8963
2018-02-18 16:00:00,2018-02-18 16:55:00,225,123.0,140.0,175.0,175.0,142.6,123.6,157.08862,134.74294
2018-02-18 16:05:00,2018-02-18 17:00:00,46,113.0,104.0,112.0,112.0,111.2,98.4,107.53639,95.037506
2018-02-18 16:05:00,2018-02-18 17:00:00,97,767.0,606.0,781.0,781.0,685.6,599.8,755.03564,656.3268
2018-02-18 16:05:00,2018-02-18 17:00:00,225,132.0,121.0,123.0,123.0,140.4,114.2,146.77094,119.292274
2018-02-18 16:10:00,2018-02-18 17:05:00,46,119.0,122.0,113.0,113.0,109.4,104.0,108.32641,102.72537
2018-02-18 16:10:00,2018-02-18 17:05:00,97,787.0,499.0,767.0,767.0,642.0,637.8,733.4408,710.7934
2018-02-18 16:10:00,2018-02-18 17:05:00,225,163.0,105.0,132.0,132.0,124.6,117.6,135.57918,126.457
2018-02-18 16:15:00,2018-02-18 17:10:00,46,126.0,122.0,119.0,119.0,112.2,107.6,111.9155,106.627014
2018-02-18 16:15:00,2018-02-18 17:10:00,97,693.0,660.0,787.0,787.0,660.0,601.6,754.4374,677.3367
2018-02-18 16:15:00,2018-02-18 17:10:00,225,130.0,125.0,163.0,163.0,117.6,111.2,134.54541,124.6865
2018-02-18 16:20:00,2018-02-18 17:15:00,46,133.0,114.0,126.0,126.0,117.0,101.0,120.127396,102.93343
2018-02-18 16:20:00,2018-02-18 17:15:00,97,703.0,655.0,693.0,693.0,624.0,645.8,710.8074,715.499
2018-02-18 16:20:00,2018-02-18 17:15:00,225,157.0,110.0,130.0,130.0,144.6,115.4,147.00208,117.33788
2018-02-18 16:25:00,2018-02-18 17:20:00,46,118.0,100.0,133.0,133.0,105.6,105.8,120.505264,117.01105
2018-02-18 16:25:00,2018-02-18 17:20:00,97,746.0,613.0,703.0,703.0,635.4,614.8,694.90015,663.4675
2018-02-18 16:25:00,2018-02-18 17:20:00,225,113.0,118.0,157.0,157.0,127.8,111.2,142.1935,122.24434
2018-02-18 16:30:00,2018-02-18 17:25:00,46,113.0,79.0,118.0,118.0,99.0,94.4,114.05072,106.147316
2018-02-18 16:30:00,2018-02-18 17:25:00,97,716.0,637.0,746.0,746.0,667.2,644.2,724.11304,689.6031
2018-02-18 16:30:00,2018-02-18 17:25:00,225,163.0,93.0,113.0,113.0,119.6,111.0,126.03101,116.80095
2018-02-18 16:35:00,2018-02-18 17:30:00,46,111.0,73.0,113.0,113.0,103.6,94.2,113.11461,101.60886
2018-02-18 16:35:00,2018-02-18 17:30:00,97,701.0,584.0,716.0,716.0,643.2,645.2,710.287,698.7538
2018-02-18 16:35:00,2018-02-18 17:30:00,225,137.0,139.0,163.0,163.0,128.6,103.8,140.66821,113.07347
2018-02-18 16:40:00,2018-02-18 17:35:00,46,113.0,88.0,111.0,111.0,109.4,83.6,114.94602,88.24135
2018-02-18 16:40:00,2018-02-18 17:35:00,97,750.0,649.0,701.0,701.0,623.8,647.4,690.59094,700.75757
2018-02-18 16:40:00,2018-02-18 17:35:00,225,156.0,127.0,137.0,137.0,124.0,115.2,137.34778,125.43146
2018-02-18 16:45:00,2018-02-18 17:40:00,46,97.0,100.0,113.0,113.0,98.4,91.8,108.04036,99.27808
2018-02-18 16:45:00,2018-02-18 17:40:00,97,720.0,628.0,750.0,750.0,634.6,636.0,702.40533,690.14325
2018-02-18 16:45:00,2018-02-18 17:40:00,225,123.0,99.0,156.0,156.0,127.4,109.4,145.48468,123.990105
2018-02-18 16:50:00,2018-02-18 17:45:00,46,108.0,106.0,97.0,97.0,103.8,87.0,105.34043,88.39038
2018-02-18 16:50:00,2018-02-18 17:45:00,97,641.0,644.0,720.0,720.0,648.8,644.6,710.1432,692.78906
2018-02-18 16:50:00,2018-02-18 17:45:00,225,119.0,125.0,123.0,123.0,112.4,111.4,126.8569,122.58386
2018-02-18 16:55:00,2018-02-18 17:50:00,46,97.0,94.0,108.0,108.0,105.6,82.6,106.4852,83.57535
2018-02-18 16:55:00,2018-02-18 17:50:00,97,669.0,667.0,641.0,641.0,645.4,652.8,690.90704,688.87646
2018-02-18 16:55:00,2018-02-18 17:50:00,225,140.0,120.0,119.0,119.0,123.6,113.8,129.22162,118.4657
2018-02-18 17:00:00,2018-02-18 17:55:00,46,104.0,105.0,97.0,97.0,98.4,86.0,97.69996,85.27054
2018-02-18 17:00:00,2018-02-18 17:55:00,97,606.0,672.0,669.0,669.0,599.8,658.0,654.1174,700.975
2018-02-18 17:00:00,2018-02-18 17:55:00,225,121.0,132.0,140.0,140.0,114.2,107.2,128.94635,118.93067
2018-02-18 17:05:00,2018-02-18 18:00:00,46,122.0,102.0,104.0,104.0,104.0,85.4,100.94661,82.63755
2018-02-18 17:05:00,2018-02-18 18:00:00,97,499.0,666.0,606.0,606.0,637.8,605.6,648.01044,614.89575
2018-02-18 17:05:00,2018-02-18 18:00:00,225,105.0,100.0,121.0,121.0,117.6,103.8,126.435974,111.17467
2018-02-18 17:10:00,2018-02-18 18:05:00,46,122.0,84.0,122.0,122.0,107.6,74.6,108.88263,75.23718
2018-02-18 17:10:00,2018-02-18 18:05:00,97,660.0,597.0,499.0,499.0,601.6,596.4,573.2416,573.92065
2018-02-18 17:10:00,2018-02-18 18:05:00,225,125.0,96.0,105.0,105.0,111.2,102.2,114.24184,104.537704
2018-02-18 17:15:00,2018-02-18 18:10:00,46,114.0,104.0,122.0,122.0,101.0,99.0,110.736824,105.90578
2018-02-18 17:15:00,2018-02-18 18:10:00,97,655.0,668.0,660.0,660.0,645.8,607.4,626.6425,591.6469
2018-02-18 17:15:00,2018-02-18 18:10:00,225,110.0,121.0,125.0,125.0,115.4,96.6,119.127975,99.837204
2018-02-18 17:20:00,2018-02-18 18:15:00,46,100.0,79.0,114.0,114.0,105.8,80.4,113.89078,86.52462
2018-02-18 17:20:00,2018-02-18 18:15:00,97,613.0,696.0,655.0,655.0,614.8,602.0,613.2008,599.0936
2018-02-18 17:20:00,2018-02-18 18:15:00,225,118.0,109.0,110.0,110.0,111.2,104.2,113.69142,105.81702
2018-02-18 17:25:00,2018-02-18 18:20:00,46,79.0,78.0,100.0,100.0,94.4,76.2,103.911476,83.8146
2018-02-18 17:25:00,2018-02-18 18:20:00,97,637.0,674.0,613.0,613.0,644.2,629.6,622.5542,608.9486
2018-02-18 17:25:00,2018-02-18 18:20:00,225,93.0,113.0,118.0,118.0,111.0,91.4,114.46608,93.98291
2018-02-18 17:30:00,2018-02-18 18:25:00,46,73.0,85.0,79.0,79.0,94.2,78.4,96.72741,80.61868
2018-02-18 17:30:00,2018-02-18 18:25:00,97,584.0,650.0,637.0,637.0,645.2,624.8,626.04364,607.6343
2018-02-18 17:30:00,2018-02-18 18:25:00,225,139.0,120.0,93.0,93.0,103.8,99.6,100.10951,96.28924
2018-02-18 17:35:00,2018-02-18 18:30:00,46,88.0,65.0,73.0,73.0,83.6,77.8,83.338005,77.67996
2018-02-18 17:35:00,2018-02-18 18:30:00,97,649.0,699.0,584.0,584.0,647.4,622.6,614.65375,595.394
2018-02-18 17:35:00,2018-02-18 18:30:00,225,127.0,112.0,139.0,139.0,115.2,96.2,117.66635,97.64932
2018-02-18 17:40:00,2018-02-18 18:35:00,46,100.0,59.0,88.0,88.0,91.8,83.6,89.842545,81.95886
2018-02-18 17:40:00,2018-02-18 18:35:00,97,628.0,624.0,649.0,649.0,636.0,609.6,621.2428,594.01447
2018-02-18 17:40:00,2018-02-18 18:35:00,225,99.0,101.0,127.0,127.0,109.4,103.0,117.072365,108.1282
2018-02-18 17:45:00,2018-02-18 18:40:00,46,106.0,92.0,100.0,100.0,87.0,76.0,90.318146,78.60699
2018-02-18 17:45:00,2018-02-18 18:40:00,97,644.0,703.0,628.0,628.0,644.6,631.2,630.86206,618.33185
2018-02-18 17:45:00,2018-02-18 18:40:00,225,125.0,104.0,99.0,99.0,111.4,89.8,110.85152,89.41562
2018-02-18 17:50:00,2018-02-18 18:45:00,46,94.0,63.0,106.0,106.0,82.6,74.0,90.518715,79.82203
2018-02-18 17:50:00,2018-02-18 18:45:00,97,667.0,723.0,644.0,644.0,652.8,587.4,641.85236,578.6188
2018-02-18 17:50:00,2018-02-18 18:45:00,225,120.0,107.0,125.0,125.0,113.8,94.8,117.82185,97.829605
2018-02-18 17:55:00,2018-02-18 18:50:00,46,105.0,72.0,94.0,94.0,86.0,68.8,91.47681,72.88153
2018-02-18 17:55:00,2018-02-18 18:50:00,97,672.0,537.0,667.0,667.0,658.0,564.0,661.1868,565.83685
2018-02-18 17:55:00,2018-02-18 18:50:00,225,132.0,88.0,120.0,120.0,107.2,92.2,115.3882,98.55094
2018-02-18 18:00:00,2018-02-18 18:55:00,46,102.0,85.0,105.0,105.0,85.4,62.8,94.26892,69.35753
2018-02-18 18:00:00,2018-02-18 18:55:00,97,666.0,691.0,672.0,672.0,605.6,609.8,648.8605,643.1128
2018-02-18 18:00:00,2018-02-18 18:55:00,225,100.0,97.0,132.0,132.0,103.8,88.0,119.45833,99.93269
2018-02-18 18:05:00,2018-02-18 19:00:00,46,84.0,68.0,102.0,102.0,74.6,63.4,86.19236,71.748566
2018-02-18 18:05:00,2018-02-18 19:00:00,97,597.0,652.0,666.0,666.0,596.4,597.0,646.6897,636.61365
2018-02-18 18:05:00,2018-02-18 19:00:00,225,96.0,87.0,100.0,100.0,102.2,87.6,111.54719,95.3976
2018-02-18 18:10:00,2018-02-18 19:05:00,46,104.0,54.0,84.0,84.0,99.0,63.0,97.69573,61.72822
2018-02-18 18:10:00,2018-02-18 19:05:00,97,668.0,626.0,597.0,597.0,607.4,496.2,615.1751,503.38458
2018-02-18 18:10:00,2018-02-18 19:05:00,225,121.0,87.0,96.0,96.0,96.6,93.0,101.76879,97.34918
2018-02-18 18:15:00,2018-02-18 19:10:00,46,79.0,69.0,104.0,104.0,80.4,70.2,92.74881,79.617874
2018-02-18 18:15:00,2018-02-18 19:10:00,97,696.0,576.0,668.0,668.0,602.0,596.0,627.0171,613.9811
2018-02-18 18:15:00,2018-02-18 19:10:00,225,109.0,108.0,121.0,121.0,104.2,84.2,112.22396,90.51703
2018-02-18 18:20:00,2018-02-18 19:15:00,46,78.0,73.0,79.0,79.0,76.2,71.4,84.66286,78.209206
2018-02-18 18:20:00,2018-02-18 19:15:00,97,674.0,631.0,696.0,696.0,629.6,553.8,658.0126,576.0507
2018-02-18 18:20:00,2018-02-18 19:15:00,225,113.0,110.0,109.0,109.0,91.4,87.2,102.96157,96.21744
2018-02-18 18:25:00,2018-02-18 19:20:00,46,85.0,78.0,78.0,78.0,78.4,56.6,81.447945,59.31713
2018-02-18 18:25:00,2018-02-18 19:20:00,97,650.0,613.0,674.0,674.0,624.8,524.0,655.77045,548.321
2018-02-18 18:25:00,2018-02-18 19:20:00,225,120.0,107.0,113.0,113.0,99.6,83.8,108.388985,90.81103
2018-02-18 18:30:00,2018-02-18 19:25:00,46,65.0,65.0,85.0,85.0,77.8,62.0,81.25921,64.88374
2018-02-18 18:30:00,2018-02-18 19:25:00,97,699.0,540.0,650.0,650.0,622.6,507.2,647.3147,527.7475
2018-02-18 18:30:00,2018-02-18 19:25:00,225,112.0,88.0,120.0,120.0,96.2,80.4,106.74134,88.58908
2018-02-18 18:35:00,2018-02-18 19:30:00,46,59.0,48.0,65.0,65.0,83.6,64.2,79.6723,61.26661
2018-02-18 18:35:00,2018-02-18 19:30:00,97,624.0,593.0,699.0,699.0,609.6,517.2,650.3098,549.6111
2018-02-18 18:35:00,2018-02-18 19:30:00,225,101.0,108.0,112.0,112.0,103.0,84.4,112.84657,91.98587
2018-02-18 18:40:00,2018-02-18 19:35:00,46,92.0,54.0,59.0,59.0,76.0,74.0,71.94141,70.39863
2018-02-18 18:40:00,2018-02-18 19:35:00,97,703.0,504.0,624.0,624.0,631.2,534.4,661.0918,557.9287
2018-02-18 18:40:00,2018-02-18 19:35:00,225,104.0,100.0,101.0,101.0,89.8,84.6,102.35347,94.4396
2018-02-18 18:45:00,2018-02-18 19:40:00,46,63.0,74.0,92.0,92.0,74.0,63.0,77.40906,65.513115
2018-02-18 18:45:00,2018-02-18 19:40:00,97,723.0,626.0,703.0,703.0,587.4,574.2,658.10046,629.4363
2018-02-18 18:45:00,2018-02-18 19:40:00,225,107.0,78.0,104.0,104.0,94.8,91.8,104.1854,99.19294
2018-02-18 18:50:00,2018-02-18 19:45:00,46,72.0,63.0,63.0,63.0,68.8,63.8,70.27837,64.71848
2018-02-18 18:50:00,2018-02-18 19:45:00,97,537.0,606.0,723.0,723.0,564.0,533.8,648.1641,601.0106
2018-02-18 18:50:00,2018-02-18 19:45:00,225,88.0,89.0,107.0,107.0,92.2,88.6,103.397255,97.44975
2018-02-18 18:55:00,2018-02-18 19:50:00,46,85.0,55.0,72.0,72.0,62.8,66.8,67.45592,69.7371
2018-02-18 18:55:00,2018-02-18 19:50:00,97,691.0,580.0,537.0,537.0,609.8,574.4,634.2323,595.11395
2018-02-18 18:55:00,2018-02-18 19:50:00,225,97.0,74.0,88.0,88.0,88.0,92.6,95.49787,98.39159
2018-02-18 19:00:00,2018-02-18 19:55:00,46,68.0,56.0,85.0,85.0,63.4,60.2,71.36478,66.08159
2018-02-18 19:00:00,2018-02-18 19:55:00,97,652.0,564.0,691.0,691.0,597.0,564.2,663.5924,617.6286
2018-02-18 19:00:00,2018-02-18 19:55:00,225,87.0,119.0,97.0,97.0,87.6,84.8,94.73794,90.71513
2018-02-18 19:05:00,2018-02-18 20:00:00,46,54.0,55.0,68.0,68.0,63.0,64.2,67.887115,67.56383
2018-02-18 19:05:00,2018-02-18 20:00:00,97,626.0,543.0,652.0,652.0,496.2,529.0,592.95624,607.35944
2018-02-18 19:05:00,2018-02-18 20:00:00,225,87.0,113.0,87.0,87.0,93.0,84.6,95.260414,86.66478
2018-02-18 19:10:00,2018-02-18 20:05:00,46,69.0,48.0,54.0,54.0,70.2,66.0,66.16642,62.194046
2018-02-18 19:10:00,2018-02-18 20:05:00,97,576.0,578.0,626.0,626.0,596.0,550.8,647.0942,591.198
2018-02-18 19:10:00,2018-02-18 20:05:00,225,108.0,122.0,87.0,87.0,84.2,92.4,88.51304,95.40535
2018-02-18 19:15:00,2018-02-18 20:10:00,46,73.0,56.0,69.0,69.0,71.4,62.6,70.32748,61.80773
2018-02-18 19:15:00,2018-02-18 20:10:00,97,631.0,593.0,576.0,576.0,553.8,545.4,607.6782,589.1343
2018-02-18 19:15:00,2018-02-18 20:10:00,225,110.0,98.0,108.0,108.0,87.2,101.0,97.27708,108.47914
2018-02-18 19:20:00,2018-02-18 20:15:00,46,78.0,60.0,73.0,73.0,56.6,70.2,63.801266,75.29928
2018-02-18 19:20:00,2018-02-18 20:15:00,97,613.0,516.0,631.0,631.0,524.0,573.6,600.173,634.7961
2018-02-18 19:20:00,2018-02-18 20:15:00,225,107.0,115.0,110.0,110.0,83.8,100.8,98.730705,112.20175
2018-02-18 19:25:00,2018-02-18 20:20:00,46,65.0,47.0,78.0,78.0,62.0,60.8,67.68602,64.710945
2018-02-18 19:25:00,2018-02-18 20:20:00,97,540.0,524.0,613.0,613.0,507.2,526.0,580.6522,583.3359
2018-02-18 19:25:00,2018-02-18 20:20:00,225,88.0,76.0,107.0,107.0,80.4,89.2,95.77821,100.88526
2018-02-18 19:30:00,2018-02-18 20:25:00,46,48.0,74.0,65.0,65.0,64.2,56.2,65.29381,57.001038
2018-02-18 19:30:00,2018-02-18 20:25:00,97,593.0,519.0,540.0,540.0,517.2,514.8,551.96075,542.2797
2018-02-18 19:30:00,2018-02-18 20:25:00,225,108.0,91.0,88.0,88.0,84.4,87.0,92.572556,93.3477
2018-02-18 19:35:00,2018-02-18 20:30:00,46,54.0,57.0,48.0,48.0,74.0,55.8,65.504036,49.152184
2018-02-18 19:35:00,2018-02-18 20:30:00,97,504.0,489.0,593.0,593.0,534.4,542.6,563.14124,564.8722
2018-02-18 19:35:00,2018-02-18 20:30:00,225,100.0,82.0,108.0,108.0,84.6,99.2,97.27556,108.794525
2018-02-18 19:40:00,2018-02-18 20:35:00,46,74.0,61.0,54.0,54.0,63.0,57.4,57.175537,52.212128
2018-02-18 19:40:00,2018-02-18 20:35:00,97,626.0,531.0,504.0,504.0,574.2,520.8,558.27875,508.04745
2018-02-18 19:40:00,2018-02-18 20:35:00,225,78.0,96.0,100.0,100.0,91.8,90.8,100.46518,97.45097
2018-02-18 19:45:00,2018-02-18 20:40:00,46,63.0,47.0,74.0,74.0,63.8,52.8,62.83192,51.62692
2018-02-18 19:45:00,2018-02-18 20:40:00,97,606.0,583.0,626.0,626.0,533.8,533.0,556.1547,547.6748
2018-02-18 19:45:00,2018-02-18 20:40:00,225,89.0,88.0,78.0,78.0,88.6,90.0,90.34594,91.41463
2018-02-18 19:50:00,2018-02-18 20:45:00,46,55.0,60.0,63.0,63.0,66.8,58.2,64.21263,55.631233
2018-02-18 19:50:00,2018-02-18 20:45:00,97,580.0,504.0,606.0,606.0,574.4,538.0,591.08923,550.9265
2018-02-18 19:50:00,2018-02-18 20:45:00,225,74.0,107.0,89.0,89.0,92.6,78.0,91.38559,77.40636
2018-02-18 19:55:00,2018-02-18 20:50:00,46,56.0,45.0,55.0,55.0,60.2,46.0,55.41612,41.86282
2018-02-18 19:55:00,2018-02-18 20:50:00,97,564.0,608.0,580.0,580.0,564.2,529.2,580.94696,541.148
2018-02-18 19:55:00,2018-02-18 20:50:00,225,119.0,92.0,74.0,74.0,84.8,81.4,81.33097,78.67092
2018-02-18 20:00:00,2018-02-18 20:55:00,46,55.0,39.0,56.0,56.0,64.2,49.4,57.122322,43.468094
2018-02-18 20:00:00,2018-02-18 20:55:00,97,543.0,531.0,564.0,564.0,529.0,486.6,550.65173,502.51825
2018-02-18 20:00:00,2018-02-18 20:55:00,225,113.0,75.0,119.0,119.0,84.6,79.2,91.20571,83.68055
2018-02-18 20:05:00,2018-02-18 21:00:00,46,48.0,50.0,55.0,55.0,66.0,54.8,58.854393,48.665443
2018-02-18 20:05:00,2018-02-18 21:00:00,97,578.0,513.0,543.0,543.0,550.8,511.4,555.18915,514.4818
2018-02-18 20:05:00,2018-02-18 21:00:00,225,122.0,90.0,113.0,113.0,92.4,87.6,98.5851,91.9046
2018-02-18 20:10:00,2018-02-18 21:05:00,46,56.0,53.0,48.0,48.0,62.6,47.0,52.71305,38.69318
2018-02-18 20:10:00,2018-02-18 21:05:00,97,593.0,496.0,578.0,578.0,545.4,484.8,556.7022,492.64807
2018-02-18 20:10:00,2018-02-18 21:05:00,225,98.0,73.0,122.0,122.0,101.0,71.4,106.82114,75.62625
2018-02-18 20:15:00,2018-02-18 21:10:00,46,60.0,47.0,56.0,56.0,70.2,50.8,59.428177,41.907032
2018-02-18 20:15:00,2018-02-18 21:10:00,97,516.0,494.0,593.0,593.0,573.6,478.6,584.5507,486.67688
2018-02-18 20:15:00,2018-02-18 21:10:00,225,115.0,90.0,98.0,98.0,100.8,69.2,104.35263,71.744354
2018-02-18 20:20:00,2018-02-18 21:15:00,46,47.0,53.0,60.0,60.0,60.8,47.6,56.48002,43.734776
2018-02-18 20:20:00,2018-02-18 21:15:00,97,524.0,560.0,516.0,516.0,526.0,528.0,544.3654,541.82855
2018-02-18 20:20:00,2018-02-18 21:15:00,225,76.0,76.0,115.0,115.0,89.2,69.2,102.1272,79.187775
2018-02-18 20:25:00,2018-02-18 21:20:00,46,74.0,45.0,47.0,47.0,56.2,47.2,51.993668,43.416042
2018-02-18 20:25:00,2018-02-18 21:20:00,97,519.0,547.0,524.0,524.0,514.8,512.2,526.0694,521.1607
2018-02-18 20:25:00,2018-02-18 21:20:00,225,91.0,75.0,76.0,76.0,87.0,80.8,91.60418,84.30788
2018-02-18 20:30:00,2018-02-18 21:25:00,46,57.0,54.0,74.0,74.0,55.8,41.8,58.70529,43.678177
2018-02-18 20:30:00,2018-02-18 21:25:00,97,489.0,529.0,519.0,519.0,542.6,499.4,535.0612,493.2977
2018-02-18 20:30:00,2018-02-18 21:25:00,225,82.0,69.0,91.0,91.0,99.2,73.8,97.25635,72.52722
2018-02-18 20:35:00,2018-02-18 21:30:00,46,61.0,37.0,57.0,57.0,57.4,44.2,58.43273,44.709026
2018-02-18 20:35:00,2018-02-18 21:30:00,97,531.0,554.0,489.0,489.0,520.8,480.8,508.40305,471.05005
2018-02-18 20:35:00,2018-02-18 21:30:00,225,96.0,65.0,82.0,82.0,90.8,68.8,88.98111,67.82162
2018-02-18 20:40:00,2018-02-18 21:35:00,46,47.0,37.0,61.0,61.0,52.8,40.4,55.70986,42.10767
2018-02-18 20:40:00,2018-02-18 21:35:00,97,583.0,544.0,531.0,531.0,533.0,477.4,517.7928,463.95877
2018-02-18 20:40:00,2018-02-18 21:35:00,225,88.0,59.0,96.0,96.0,90.0,71.2,93.30295,74.13002
2018-02-18 20:45:00,2018-02-18 21:40:00,46,60.0,43.0,47.0,47.0,58.2,43.6,57.130325,42.565617
2018-02-18 20:45:00,2018-02-18 21:40:00,97,504.0,485.0,583.0,583.0,538.0,471.2,544.7096,475.27145
2018-02-18 20:45:00,2018-02-18 21:40:00,225,107.0,73.0,88.0,88.0,78.0,74.2,85.89687,80.27116
2018-02-18 20:50:00,2018-02-18 21:45:00,46,45.0,37.0,60.0,60.0,46.0,42.4,51.626175,46.648693
2018-02-18 20:50:00,2018-02-18 21:45:00,97,608.0,522.0,504.0,504.0,529.2,446.8,530.82056,447.29135
2018-02-18 20:50:00,2018-02-18 21:45:00,225,92.0,75.0,107.0,107.0,81.4,62.6,92.00148,71.15074
2018-02-18 20:55:00,2018-02-18 21:50:00,46,39.0,37.0,45.0,45.0,49.4,28.2,47.905056,26.889832
2018-02-18 20:55:00,2018-02-18 21:50:00,97,531.0,502.0,608.0,608.0,486.6,448.6,530.2578,481.20068
2018-02-18 20:55:00,2018-02-18 21:50:00,225,75.0,54.0,92.0,92.0,79.2,63.0,87.1255,68.780685
2018-02-18 21:00:00,2018-02-18 21:55:00,46,50.0,50.0,39.0,39.0,54.8,34.4,48.456173,29.345348
2018-02-18 21:00:00,2018-02-18 21:55:00,97,513.0,520.0,531.0,531.0,511.4,435.8,536.8634,455.6687
2018-02-18 21:00:00,2018-02-18 21:55:00,225,90.0,73.0,75.0,75.0,87.6,63.8,88.755714,64.61072
2018-02-18 21:05:00,2018-02-18 22:00:00,46,53.0,38.0,50.0,50.0,47.0,33.2,45.239555,31.59908
2018-02-18 21:05:00,2018-02-18 22:00:00,97,496.0,468.0,513.0,513.0,484.8,364.2,503.19598,378.2661
2018-02-18 21:05:00,2018-02-18 22:00:00,225,73.0,52.0,90.0,90.0,71.4,60.6,81.60812,68.32106
2018-02-18 21:10:00,2018-02-18 22:05:00,46,47.0,45.0,53.0,53.0,50.8,33.8,49.165302,32.149086
2018-02-18 21:10:00,2018-02-18 22:05:00,97,494.0,491.0,496.0,496.0,478.6,321.2,476.79294,319.52106
2018-02-18 21:10:00,2018-02-18 22:05:00,225,90.0,58.0,73.0,73.0,69.2,65.8,76.03347,71.11649
2018-02-18 21:15:00,2018-02-18 22:10:00,46,53.0,22.0,47.0,47.0,47.6,36.0,46.976612,34.960556
2018-02-18 21:15:00,2018-02-18 22:10:00,97,560.0,505.0,494.0,494.0,528.0,505.0,520.431,497.49265
2018-02-18 21:15:00,2018-02-18 22:10:00,225,76.0,69.0,90.0,90.0,69.2,56.2,75.90547,61.124023
2018-02-18 21:20:00,2018-02-18 22:15:00,46,45.0,30.0,53.0,53.0,47.2,30.8,48.34988,31.53218
2018-02-18 21:20:00,2018-02-18 22:15:00,97,547.0,462.0,560.0,560.0,512.2,432.8,528.53723,445.00043
2018-02-18 21:20:00,2018-02-18 22:15:00,225,75.0,34.0,76.0,76.0,80.8,54.4,81.34153,55.114002
2018-02-18 21:25:00,2018-02-18 22:20:00,46,54.0,27.0,45.0,45.0,41.8,33.2,43.45581,33.97768
2018-02-18 21:25:00,2018-02-18 22:20:00,97,529.0,468.0,547.0,547.0,499.4,490.0,532.15845,515.39764
2018-02-18 21:25:00,2018-02-18 22:20:00,225,69.0,48.0,75.0,75.0,73.8,53.2,76.030136,54.954346
2018-02-18 21:30:00,2018-02-18 22:25:00,46,37.0,31.0,54.0,54.0,44.2,24.2,47.466915,26.386486
2018-02-18 21:30:00,2018-02-18 22:25:00,97,554.0,360.0,529.0,529.0,480.8,461.2,518.67505,491.86548
2018-02-18 21:30:00,2018-02-18 22:25:00,225,65.0,55.0,69.0,69.0,68.8,51.8,70.393906,52.886684
2018-02-18 21:35:00,2018-02-18 22:30:00,46,37.0,21.0,37.0,37.0,40.4,24.4,41.094315,24.700558
2018-02-18 21:35:00,2018-02-18 22:30:00,97,544.0,433.0,554.0,554.0,477.4,398.0,523.2113,434.97922
2018-02-18 21:35:00,2018-02-18 22:30:00,225,59.0,58.0,65.0,65.0,71.2,53.6,68.59337,51.384705
2018-02-18 21:40:00,2018-02-18 22:35:00,46,43.0,31.0,37.0,37.0,43.6,24.4,41.75533,22.881706
2018-02-18 21:40:00,2018-02-18 22:35:00,97,485.0,410.0,544.0,544.0,471.2,396.0,530.72925,442.7608
2018-02-18 21:40:00,2018-02-18 22:35:00,225,73.0,46.0,59.0,59.0,74.2,49.6,68.20743,44.7361
2018-02-18 21:45:00,2018-02-18 22:40:00,46,37.0,40.0,43.0,43.0,42.4,26.0,43.492733,26.590557
2018-02-18 21:45:00,2018-02-18 22:40:00,97,522.0,412.0,485.0,485.0,446.8,374.2,501.44604,418.53314
2018-02-18 21:45:00,2018-02-18 22:40:00,225,75.0,55.0,73.0,73.0,62.6,46.0,63.195206,46.08267
2018-02-18 21:50:00,2018-02-18 22:45:00,46,37.0,21.0,37.0,37.0,28.2,22.2,33.208786,25.979813
2018-02-18 21:50:00,2018-02-18 22:45:00,97,502.0,393.0,522.0,522.0,448.6,380.2,506.06213,425.9491
2018-02-18 21:50:00,2018-02-18 22:45:00,225,54.0,50.0,75.0,75.0,63.0,50.4,66.589325,52.74343
2018-02-18 21:55:00,2018-02-18 22:50:00,46,50.0,18.0,37.0,37.0,34.4,19.4,35.32491,19.908798
2018-02-18 21:55:00,2018-02-18 22:50:00,97,520.0,437.0,502.0,502.0,435.8,362.8,502.44772,416.88263
2018-02-18 21:55:00,2018-02-18 22:50:00,225,73.0,41.0,54.0,54.0,63.8,35.0,61.200405,32.94344
2018-02-18 22:00:00,2018-02-18 22:55:00,46,38.0,23.0,50.0,50.0,33.2,19.4,37.66842,22.570099
2018-02-18 22:00:00,2018-02-18 22:55:00,97,468.0,405.0,520.0,520.0,364.2,268.4,451.69867,338.5378
2018-02-18 22:00:00,2018-02-18 22:55:00,225,52.0,49.0,73.0,73.0,60.6,41.4,62.412506,42.33686
2018-02-18 22:05:00,2018-02-18 23:00:00,46,45.0,24.0,38.0,38.0,33.8,15.4,36.183907,16.900139
2018-02-18 22:05:00,2018-02-18 23:00:00,97,491.0,382.0,468.0,468.0,321.2,328.6,390.47058,381.96732
2018-02-18 22:05:00,2018-02-18 23:00:00,225,58.0,45.0,52.0,52.0,65.8,32.8,61.811584,29.69506
2018-02-18 22:10:00,2018-02-18 23:05:00,46,22.0,20.0,45.0,45.0,36.0,18.0,40.254864,20.904236
2018-02-18 22:10:00,2018-02-18 23:05:00,97,505.0,329.0,491.0,491.0,505.0,387.4,504.87418,386.82965
2018-02-18 22:10:00,2018-02-18 23:05:00,225,69.0,32.0,58.0,58.0,56.2,34.4,56.19199,33.90171
2018-02-18 22:15:00,2018-02-18 23:10:00,46,30.0,17.0,22.0,22.0,30.8,16.0,30.803955,15.892319
2018-02-18 22:15:00,2018-02-18 23:10:00,97,462.0,423.0,505.0,505.0,432.8,332.6,457.868,351.5005
2018-02-18 22:15:00,2018-02-18 23:10:00,225,34.0,51.0,69.0,69.0,54.4,38.8,59.28157,42.29011
2018-02-18 22:20:00,2018-02-18 23:15:00,46,27.0,20.0,30.0,30.0,33.2,19.6,33.07231,19.290611
2018-02-18 22:20:00,2018-02-18 23:15:00,97,468.0,378.0,462.0,462.0,490.0,348.8,486.44205,346.05585
2018-02-18 22:20:00,2018-02-18 23:15:00,225,48.0,36.0,34.0,34.0,53.2,36.2,49.055084,33.003677
2018-02-18 22:25:00,2018-02-18 23:20:00,46,31.0,11.0,27.0,27.0,24.2,14.2,26.072086,15.393234
2018-02-18 22:25:00,2018-02-18 23:20:00,97,360.0,354.0,468.0,468.0,461.2,362.8,481.85934,379.5209
2018-02-18 22:25:00,2018-02-18 23:20:00,225,55.0,29.0,48.0,48.0,51.8,23.4,46.75196,19.24096
2018-02-18 22:30:00,2018-02-18 23:25:00,46,21.0,19.0,31.0,31.0,24.4,13.2,26.690617,14.861931
2018-02-18 22:30:00,2018-02-18 23:25:00,97,433.0,309.0,360.0,360.0,398.0,284.0,410.07257,295.40118
2018-02-18 22:30:00,2018-02-18 23:25:00,225,58.0,35.0,55.0,55.0,53.6,27.75,50.628128,25.313484
2018-02-18 22:35:00,2018-02-18 23:30:00,46,31.0,20.0,21.0,21.0,24.4,12.2,23.700157,11.399895
2018-02-18 22:35:00,2018-02-18 23:30:00,97,410.0,305.0,433.0,433.0,396.0,282.2,417.27274,299.02576
2018-02-18 22:35:00,2018-02-18 23:30:00,225,46.0,32.0,58.0,58.0,49.6,31.4,52.118397,32.948498
2018-02-18 22:40:00,2018-02-18 23:35:00,46,40.0,6.0,31.0,31.0,26.0,13.6,26.767517,13.916367
2018-02-18 22:40:00,2018-02-18 23:35:00,97,412.0,311.0,410.0,410.0,374.2,340.6,406.76917,366.04288
2018-02-18 22:40:00,2018-02-18 23:35:00,225,55.0,22.0,46.0,46.0,46.0,34.8,47.895256,35.777714
2018-02-18 22:45:00,2018-02-18 23:40:00,46,21.0,18.0,40.0,40.0,22.2,13.8,29.346954,18.920998
2018-02-18 22:45:00,2018-02-18 23:40:00,97,393.0,322.0,412.0,412.0,380.2,303.4,409.65155,326.81107
2018-02-18 22:45:00,2018-02-18 23:40:00,225,50.0,33.0,55.0,55.0,50.4,30.4,53.110195,32.516285
2018-02-18 22:50:00,2018-02-18 23:45:00,46,18.0,10.0,21.0,21.0,19.4,10.2,23.654572,13.247307
2018-02-18 22:50:00,2018-02-18 23:45:00,97,437.0,357.0,393.0,393.0,362.8,273.8,399.15094,302.67197
2018-02-18 22:50:00,2018-02-18 23:45:00,225,41.0,36.0,50.0,50.0,35.0,31.0,44.10773,37.913715
2018-02-18 22:55:00,2018-02-18 23:50:00,46,23.0,14.0,18.0,18.0,19.4,11.2,20.969414,12.047691
2018-02-18 22:55:00,2018-02-18 23:50:00,97,405.0,303.0,437.0,437.0,268.4,272.6,341.4881,329.11865
2018-02-18 22:55:00,2018-02-18 23:50:00,225,49.0,42.0,41.0,41.0,41.4,28.4,45.711494,31.52613
2018-02-18 23:00:00,2018-02-18 23:55:00,46,24.0,14.0,23.0,23.0,15.4,9.8,18.53711,12.025322
2018-02-18 23:00:00,2018-02-18 23:55:00,97,382.0,314.0,405.0,405.0,328.6,249.8,364.897,276.8714
2018-02-18 23:00:00,2018-02-18 23:55:00,225,45.0,28.0,49.0,49.0,32.8,29.8,42.488586,37.330044
2018-02-18 23:05:00,2018-02-19 00:00:00,46,20.0,20.0,24.0,24.0,18.0,7.8333335,20.37458,9.240326
2018-02-18 23:05:00,2018-02-19 00:00:00,97,329.0,274.0,382.0,382.0,387.4,208.66667,393.01974,212.80917
2018-02-18 23:05:00,2018-02-19 00:00:00,225,32.0,22.0,45.0,45.0,34.4,22.833334,40.854053,27.932377
2018-02-18 23:10:00,2018-02-19 00:05:00,46,17.0,11.0,20.0,20.0,16.0,8.0,18.56659,9.736954
2018-02-18 23:10:00,2018-02-19 00:05:00,97,423.0,324.0,329.0,329.0,332.6,275.0,344.79446,283.4375
2018-02-18 23:10:00,2018-02-19 00:05:00,225,51.0,38.0,32.0,32.0,38.8,21.0,39.387615,21.318493
2018-02-18 23:15:00,2018-02-19 00:10:00,46,20.0,11.0,17.0,17.0,19.6,7.8333335,19.300858,7.4885254
2018-02-18 23:15:00,2018-02-19 00:10:00,97,378.0,311.0,423.0,423.0,348.8,241.83333,371.00146,258.87744
2018-02-18 23:15:00,2018-02-19 00:10:00,225,36.0,18.0,51.0,51.0,36.2,21.166666,44.131065,27.467026
2018-02-18 23:20:00,2018-02-19 00:15:00,46,11.0,6.0,20.0,20.0,14.2,8.0,16.786911,9.706963
2018-02-18 23:20:00,2018-02-19 00:15:00,97,354.0,259.0,378.0,378.0,362.8,231.0,386.6682,249.53197
2018-02-18 23:20:00,2018-02-19 00:15:00,225,29.0,23.0,36.0,36.0,23.4,21.5,32.749256,28.738338
2018-02-18 23:25:00,2018-02-19 00:20:00,46,19.0,12.0,11.0,11.0,13.2,13.333333,14.172081,13.62262
2018-02-18 23:25:00,2018-02-19 00:20:00,97,309.0,269.0,354.0,354.0,284.0,260.33334,337.6595,302.68878
2018-02-18 23:25:00,2018-02-19 00:20:00,225,35.0,19.0,29.0,29.0,27.75,14.833333,29.59325,16.0019
2018-02-18 23:30:00,2018-02-19 00:25:00,46,20.0,11.0,19.0,19.0,12.2,11.833333,14.502167,13.295586
2018-02-18 23:30:00,2018-02-19 00:25:00,97,305.0,269.0,309.0,309.0,282.2,265.0,309.52704,286.51224
2018-02-18 23:30:00,2018-02-19 00:25:00,225,32.0,24.0,35.0,35.0,31.4,13.333333,30.470165,12.349548
2018-02-18 23:35:00,2018-02-19 00:30:00,46,6.0,10.0,20.0,20.0,13.6,12.5,15.797981,13.808098
2018-02-18 23:35:00,2018-02-19 00:30:00,97,311.0,195.0,305.0,305.0,340.6,252.66667,338.52594,251.63889
2018-02-18 23:35:00,2018-02-19 00:30:00,225,22.0,20.0,32.0,32.0,34.8,13.666667,32.35148,11.561653
2018-02-18 23:40:00,2018-02-19 00:35:00,46,18.0,8.0,6.0,6.0,13.8,11.666667,12.527512,10.254738
2018-02-18 23:40:00,2018-02-19 00:35:00,97,322.0,215.0,311.0,311.0,303.4,267.16666,321.11285,280.52655
2018-02-18 23:40:00,2018-02-19 00:35:00,225,33.0,21.0,22.0,22.0,30.4,16.0,26.798088,12.641289
2018-02-18 23:45:00,2018-02-19 00:40:00,46,10.0,11.0,18.0,18.0,10.2,10.5,12.857147,12.222664
2018-02-18 23:45:00,2018-02-19 00:40:00,97,357.0,252.0,322.0,322.0,273.8,256.83334,306.3485,282.6551
2018-02-18 23:45:00,2018-02-19 00:40:00,225,36.0,13.0,33.0,33.0,31.0,15.0,28.91758,13.087517
2018-02-18 23:50:00,2018-02-19 00:45:00,46,14.0,8.0,10.0,10.0,11.2,10.4,12.120468,10.883362
2018-02-18 23:50:00,2018-02-19 00:45:00,97,303.0,201.0,357.0,357.0,272.6,255.16667,321.0702,292.48337
2018-02-18 23:50:00,2018-02-19 00:45:00,225,42.0,12.0,36.0,36.0,28.4,16.166666,29.553192,16.763966
2018-02-18 23:55:00,2018-02-19 00:50:00,46,14.0,13.0,14.0,14.0,9.8,10.0,11.796921,11.091309
2018-02-18 23:55:00,2018-02-19 00:50:00,97,314.0,201.0,303.0,303.0,249.8,256.33334,302.84076,297.58154
2018-02-18 23:55:00,2018-02-19 00:50:00,225,28.0,20.0,42.0,42.0,29.8,10.166667,34.06577,13.072029
2018-02-19 00:00:00,2018-02-19 00:55:00,46,20.0,10.0,14.0,14.0,7.8333335,10.833333,10.753792,12.677849
2018-02-19 00:00:00,2018-02-19 00:55:00,97,274.0,192.0,314.0,314.0,208.66667,253.33333,269.71408,300.29785
2018-02-19 00:00:00,2018-02-19 00:55:00,225,22.0,9.0,28.0,28.0,22.833334,16.333334,29.174625,21.003807
2018-02-19 00:05:00,2018-02-19 01:00:00,46,11.0,13.0,20.0,20.0,8.0,13.8,12.771477,17.118736
2018-02-19 00:05:00,2018-02-19 01:00:00,97,324.0,179.0,274.0,274.0,275.0,248.5,296.86935,265.72375
2018-02-19 00:05:00,2018-02-19 01:00:00,225,38.0,20.0,22.0,22.0,21.0,12.5,24.954018,15.611771
2018-02-19 00:10:00,2018-02-19 01:05:00,46,11.0,7.0,11.0,11.0,7.8333335,11.0,10.555809,12.674652
2018-02-19 00:10:00,2018-02-19 01:05:00,97,311.0,158.0,324.0,324.0,241.83333,247.66667,283.83527,279.19287
2018-02-19 00:10:00,2018-02-19 01:05:00,225,18.0,12.0,38.0,38.0,21.166666,12.166667,28.131199,17.277805
2018-02-19 00:15:00,2018-02-19 01:10:00,46,6.0,6.0,11.0,11.0,8.0,5.0,8.152252,4.7916336
2018-02-19 00:15:00,2018-02-19 01:10:00,97,259.0,234.0,311.0,311.0,231.0,232.66667,272.94415,264.50262
2018-02-19 00:15:00,2018-02-19 01:10:00,225,23.0,18.0,18.0,18.0,21.5,15.166667,25.870377,18.541985
2018-02-19 00:20:00,2018-02-19 01:15:00,46,12.0,5.0,6.0,6.0,13.333333,7.5,9.644325,4.273628
2018-02-19 00:20:00,2018-02-19 01:15:00,97,269.0,193.0,259.0,259.0,260.33334,203.83333,269.6037,211.1789
2018-02-19 00:20:00,2018-02-19 01:15:00,225,19.0,11.0,23.0,23.0,14.833333,12.666667,21.405415,17.799053
2018-02-19 00:25:00,2018-02-19 01:20:00,46,11.0,4.0,12.0,12.0,11.833333,8.0,9.46891,5.6535034
2018-02-19 00:25:00,2018-02-19 01:20:00,97,269.0,175.0,269.0,269.0,265.0,207.83333,269.19073,210.6802
2018-02-19 00:25:00,2018-02-19 01:20:00,225,24.0,8.0,19.0,19.0,13.333333,13.0,18.1352,16.755669
2018-02-19 00:30:00,2018-02-19 01:25:00,46,10.0,4.0,11.0,11.0,12.5,9.4,10.31208,7.1689835
2018-02-19 00:30:00,2018-02-19 01:25:00,97,195.0,168.0,269.0,269.0,252.66667,196.83333,256.1026,199.04187
2018-02-19 00:30:00,2018-02-19 01:25:00,225,20.0,8.0,24.0,24.0,13.666667,9.666667,18.200233,13.0538025
2018-02-19 00:35:00,2018-02-19 01:30:00,46,8.0,4.0,10.0,10.0,11.666667,9.2,9.707169,7.350464
2018-02-19 00:35:00,2018-02-19 01:30:00,97,215.0,159.0,195.0,195.0,267.16666,190.0,239.59833,167.43582
2018-02-19 00:35:00,2018-02-19 01:30:00,225,21.0,11.0,20.0,20.0,16.0,8.5,18.895756,10.513687
2018-02-19 00:40:00,2018-02-19 01:35:00,46,11.0,6.0,8.0,8.0,10.5,9.833333,7.9098663,7.3248596
2018-02-19 00:40:00,2018-02-19 01:35:00,97,252.0,150.0,215.0,215.0,256.83334,189.66667,224.1038,162.79776
2018-02-19 00:40:00,2018-02-19 01:35:00,225,13.0,5.0,21.0,21.0,15.0,10.333333,17.825165,12.319336
2018-02-19 00:45:00,2018-02-19 01:40:00,46,8.0,5.0,11.0,11.0,10.4,7.0,8.506645,5.102852
2018-02-19 00:45:00,2018-02-19 01:40:00,97,201.0,157.0,252.0,252.0,255.16667,177.0,226.99,153.28796
2018-02-19 00:45:00,2018-02-19 01:40:00,225,12.0,10.0,13.0,13.0,16.166666,9.0,16.253593,8.741959
2018-02-19 00:50:00,2018-02-19 01:45:00,46,13.0,5.0,8.0,8.0,10.0,6.8333335,7.4767838,4.339142
2018-02-19 00:50:00,2018-02-19 01:45:00,97,201.0,170.0,201.0,201.0,256.33334,181.33333,219.54144,150.36584
2018-02-19 00:50:00,2018-02-19 01:45:00,225,20.0,5.0,12.0,12.0,10.166667,9.166667,10.258209,8.786751
2018-02-19 00:55:00,2018-02-19 01:50:00,46,10.0,6.0,13.0,13.0,10.833333,7.5,8.985855,5.5359116
2018-02-19 00:55:00,2018-02-19 01:50:00,97,192.0,163.0,201.0,201.0,253.33333,163.33333,211.60002,128.67279
2018-02-19 00:55:00,2018-02-19 01:50:00,225,9.0,15.0,20.0,20.0,16.333334,9.166667,16.133621,8.642647
2018-02-19 01:00:00,2018-02-19 01:55:00,46,13.0,5.0,10.0,10.0,13.8,6.5,10.913223,3.7853317
2018-02-19 01:00:00,2018-02-19 01:55:00,97,179.0,139.0,192.0,192.0,248.5,194.66667,207.66441,160.99356
2018-02-19 01:00:00,2018-02-19 01:55:00,225,20.0,9.0,9.0,9.0,12.5,8.333333,11.352264,7.15361
2018-02-19 01:05:00,2018-02-19 02:00:00,46,7.0,4.0,13.0,13.0,11.0,6.5,11.342361,6.37236
2018-02-19 01:05:00,2018-02-19 02:00:00,97,158.0,170.0,179.0,179.0,247.66667,210.0,205.56686,174.23944
2018-02-19 01:05:00,2018-02-19 02:00:00,225,12.0,6.0,20.0,20.0,12.166667,7.8333335,12.50103,7.5471954
2018-02-19 01:10:00,2018-02-19 02:05:00,46,6.0,2.0,7.0,7.0,5.0,6.1666665,6.195595,6.7109375
2018-02-19 01:10:00,2018-02-19 02:05:00,97,234.0,118.0,158.0,158.0,232.66667,196.0,191.89072,161.95258
2018-02-19 01:10:00,2018-02-19 02:05:00,225,18.0,11.0,12.0,12.0,15.166667,7.6666665,13.738876,6.310402
2018-02-19 01:15:00,2018-02-19 02:10:00,46,5.0,2.0,6.0,6.0,7.5,6.8333335,6.423462,5.647423
2018-02-19 01:15:00,2018-02-19 02:10:00,97,193.0,147.0,234.0,234.0,203.83333,239.0,199.19547,233.09409
2018-02-19 01:15:00,2018-02-19 02:10:00,225,11.0,7.0,18.0,18.0,12.666667,11.333333,14.05452,11.956902
2018-02-19 01:20:00,2018-02-19 02:15:00,46,4.0,3.0,5.0,5.0,8.0,5.5,5.2600555,2.935608
2018-02-19 01:20:00,2018-02-19 02:15:00,97,175.0,133.0,193.0,193.0,207.83333,211.33333,198.9255,202.68341
2018-02-19 01:20:00,2018-02-19 02:15:00,225,8.0,12.0,11.0,11.0,13.0,9.833333,13.396217,9.821342
2018-02-19 01:25:00,2018-02-19 02:20:00,46,4.0,3.0,4.0,4.0,9.4,6.6,5.2591476,2.9484482
2018-02-19 01:25:00,2018-02-19 02:20:00,97,168.0,165.0,175.0,175.0,196.83333,214.83333,189.64633,207.25458
2018-02-19 01:25:00,2018-02-19 02:20:00,225,8.0,6.0,8.0,8.0,9.666667,8.5,9.497871,8.124847
2018-02-19 01:30:00,2018-02-19 02:25:00,46,4.0,2.0,4.0,4.0,9.2,5.1666665,4.636574,1.1619339
2018-02-19 01:30:00,2018-02-19 02:25:00,97,159.0,148.0,168.0,168.0,190.0,200.0,181.54855,192.66046
2018-02-19 01:30:00,2018-02-19 02:25:00,225,11.0,5.0,8.0,8.0,8.5,8.166667,7.7625427,7.2253647
2018-02-19 01:35:00,2018-02-19 02:30:00,46,6.0,2.0,4.0,4.0,9.833333,3.8,4.9775085,-0.39108276
2018-02-19 01:35:00,2018-02-19 02:30:00,97,150.0,152.0,159.0,159.0,189.66667,204.16667,175.96533,192.17068
2018-02-19 01:35:00,2018-02-19 02:30:00,225,5.0,9.0,11.0,11.0,10.333333,7.3333335,9.263489,6.1824036
2018-02-19 01:40:00,2018-02-19 02:35:00,46,5.0,5.0,6.0,6.0,7.0,4.0,3.862938,1.0217133
2018-02-19 01:40:00,2018-02-19 02:35:00,97,157.0,123.0,150.0,150.0,177.0,202.83333,161.99094,188.63666
2018-02-19 01:40:00,2018-02-19 02:35:00,225,10.0,5.0,5.0,5.0,9.0,8.5,7.289665,6.808693
2018-02-19 01:45:00,2018-02-19 02:40:00,46,5.0,4.0,5.0,5.0,6.8333335,5.5,3.8928833,2.6560822
2018-02-19 01:45:00,2018-02-19 02:40:00,97,170.0,118.0,157.0,157.0,181.33333,185.0,160.60223,167.59177
2018-02-19 01:45:00,2018-02-19 02:40:00,225,5.0,4.0,10.0,10.0,9.166667,6.0,7.5004272,4.38546
2018-02-19 01:50:00,2018-02-19 02:45:00,46,6.0,4.0,5.0,5.0,7.5,4.0,4.165245,0.84552
2018-02-19 01:50:00,2018-02-19 02:45:00,97,163.0,100.0,170.0,170.0,163.33333,191.33333,146.28085,175.64789
2018-02-19 01:50:00,2018-02-19 02:45:00,225,15.0,6.0,5.0,5.0,9.166667,10.0,6.4673233,7.4303207
2018-02-19 01:55:00,2018-02-19 02:50:00,46,5.0,3.0,6.0,6.0,6.5,3.6666667,3.9412308,1.1379623
2018-02-19 01:55:00,2018-02-19 02:50:00,97,139.0,119.0,163.0,163.0,194.66667,180.66667,159.09787,150.26605
2018-02-19 01:55:00,2018-02-19 02:50:00,225,9.0,2.0,15.0,15.0,8.333333,7.4,8.589317,7.1548233
2018-02-19 02:00:00,2018-02-19 02:55:00,46,4.0,2.0,5.0,5.0,6.5,3.5,3.8367615,0.88160706
2018-02-19 02:00:00,2018-02-19 02:55:00,97,170.0,88.0,139.0,139.0,210.0,194.66667,162.05731,154.53659
2018-02-19 02:00:00,2018-02-19 02:55:00,225,6.0,7.0,9.0,9.0,7.8333335,6.1666665,7.2577744,5.220558
2018-02-19 02:05:00,2018-02-19 03:00:00,46,2.0,0.0,4.0,4.0,6.1666665,4.3333335,3.678238,1.8944397
2018-02-19 02:05:00,2018-02-19 03:00:00,97,118.0,118.0,170.0,170.0,196.0,184.0,153.23764,147.91577
2018-02-19 02:05:00,2018-02-19 03:00:00,225,11.0,3.0,6.0,6.0,7.6666665,9.0,5.9649124,7.236145
2018-02-19 02:10:00,2018-02-19 03:05:00,46,2.0,1.0,2.0,2.0,6.8333335,4.25,3.4795685,1.2009735
2018-02-19 02:10:00,2018-02-19 03:05:00,97,147.0,61.0,118.0,118.0,239.0,177.83333,165.03928,117.21457
2018-02-19 02:10:00,2018-02-19 03:05:00,225,7.0,8.0,11.0,11.0,11.333333,5.1666665,8.827972,2.774681
2018-02-19 02:15:00,2018-02-19 03:10:00,46,3.0,3.0,2.0,2.0,5.5,4.0,2.164734,0.9665909
2018-02-19 02:15:00,2018-02-19 03:10:00,97,133.0,82.0,147.0,147.0,211.33333,152.5,152.03061,103.58917
2018-02-19 02:15:00,2018-02-19 03:10:00,225,12.0,5.0,7.0,7.0,9.833333,4.8333335,7.783226,2.8992996
2018-02-19 02:20:00,2018-02-19 03:15:00,46,3.0,0.0,3.0,3.0,6.6,2.5,2.9732437,-0.75341034
2018-02-19 02:20:00,2018-02-19 03:15:00,97,165.0,91.0,133.0,133.0,214.83333,147.33333,152.95673,96.75403
2018-02-19 02:20:00,2018-02-19 03:15:00,225,6.0,10.0,12.0,12.0,8.5,6.5,8.623444,6.1623383
2018-02-19 02:25:00,2018-02-19 03:20:00,46,2.0,3.0,3.0,3.0,5.1666665,3.5,2.5270462,0.98386383
2018-02-19 02:25:00,2018-02-19 03:20:00,97,148.0,121.0,165.0,165.0,200.0,156.5,154.4841,118.09775
2018-02-19 02:25:00,2018-02-19 03:20:00,225,5.0,5.0,6.0,6.0,8.166667,6.8333335,7.247383,5.83683
2018-02-19 02:30:00,2018-02-19 03:25:00,46,2.0,3.0,2.0,2.0,3.8,4.3333335,1.4923477,2.0523682
2018-02-19 02:30:00,2018-02-19 03:25:00,97,152.0,86.0,148.0,148.0,204.16667,132.5,155.40167,91.932526
2018-02-19 02:30:00,2018-02-19 03:25:00,225,9.0,4.0,5.0,5.0,7.3333335,5.1666665,5.4578094,3.3764725
2018-02-19 02:35:00,2018-02-19 03:30:00,46,5.0,3.0,2.0,2.0,4.0,3.6,1.100029,0.8489151
2018-02-19 02:35:00,2018-02-19 03:30:00,97,123.0,61.0,152.0,152.0,202.83333,132.33333,157.46878,94.79898
2018-02-19 02:35:00,2018-02-19 03:30:00,225,5.0,4.0,9.0,9.0,8.5,4.5,7.0038147,2.9867325
2018-02-19 02:40:00,2018-02-19 03:35:00,46,4.0,2.0,5.0,5.0,5.5,4.3333335,3.0841827,1.9364471
2018-02-19 02:40:00,2018-02-19 03:35:00,97,118.0,61.0,123.0,123.0,185.0,130.66667,138.78867,92.135315
2018-02-19 02:40:00,2018-02-19 03:35:00,225,4.0,7.0,5.0,5.0,6.0,5.1666665,4.2439346,3.4248047
2018-02-19 02:45:00,2018-02-19 03:40:00,46,4.0,4.0,4.0,4.0,4.0,4.8333335,2.5865479,3.2232819
2018-02-19 02:45:00,2018-02-19 03:40:00,97,100.0,79.0,118.0,118.0,191.33333,120.5,136.82507,75.67508
2018-02-19 02:45:00,2018-02-19 03:40:00,225,6.0,6.0,4.0,4.0,10.0,4.8333335,6.271446,1.5519714
2018-02-19 02:50:00,2018-02-19 03:45:00,46,3.0,3.0,4.0,4.0,3.6666667,2.3333333,2.3088531,0.8090286
2018-02-19 02:50:00,2018-02-19 03:45:00,97,119.0,70.0,100.0,100.0,180.66667,107.5,120.36545,58.143433
2018-02-19 02:50:00,2018-02-19 03:45:00,225,2.0,5.0,6.0,6.0,7.4,6.5,4.94355,4.155838
2018-02-19 02:55:00,2018-02-19 03:50:00,46,2.0,2.0,3.0,3.0,3.5,5.8,2.2290573,4.3142242
2018-02-19 02:55:00,2018-02-19 03:50:00,97,88.0,59.0,119.0,119.0,194.66667,114.166664,132.00186,63.115356
2018-02-19 02:55:00,2018-02-19 03:50:00,225,7.0,4.0,2.0,2.0,6.1666665,6.5,3.0310135,3.6581497
2018-02-19 03:00:00,2018-02-19 03:55:00,46,0.0,3.0,2.0,2.0,4.3333335,5.5,2.3671951,3.525177
2018-02-19 03:00:00,2018-02-19 03:55:00,97,118.0,60.0,88.0,88.0,184.0,112.5,119.61731,59.89859
2018-02-19 03:00:00,2018-02-19 03:55:00,225,3.0,0.0,7.0,7.0,9.0,5.8333335,6.137619,3.17688
2018-02-19 03:05:00,2018-02-19 04:00:00,46,1.0,0.0,0.0,0.0,4.25,6.3333335,1.7087097,3.9149094
2018-02-19 03:05:00,2018-02-19 04:00:00,97,61.0,57.0,118.0,118.0,177.83333,88.333336,124.194275,44.71164
2018-02-19 03:05:00,2018-02-19 04:00:00,225,8.0,6.0,3.0,3.0,5.1666665,4.3333335,3.0093384,2.2681274
2018-02-19 03:10:00,2018-02-19 04:05:00,46,3.0,4.0,1.0,1.0,4.0,6.8333335,1.5080872,4.4730835
2018-02-19 03:10:00,2018-02-19 04:05:00,97,82.0,53.0,61.0,61.0,152.5,108.0,96.681366,61.99588
2018-02-19 03:10:00,2018-02-19 04:05:00,225,5.0,5.0,8.0,8.0,4.8333335,6.1666665,4.015373,5.059952
2018-02-19 03:15:00,2018-02-19 04:10:00,46,0.0,6.0,3.0,3.0,2.5,7.3333335,0.94618225,5.6563797
2018-02-19 03:15:00,2018-02-19 04:10:00,97,91.0,65.0,82.0,82.0,147.33333,107.666664,92.607025,62.384216
2018-02-19 03:15:00,2018-02-19 04:10:00,225,10.0,3.0,5.0,5.0,6.5,6.0,4.6671295,4.0957794
2018-02-19 03:20:00,2018-02-19 04:15:00,46,3.0,5.0,0.0,0.0,3.5,8.5,0.88368225,5.968567
2018-02-19 03:20:00,2018-02-19 04:15:00,97,121.0,104.0,91.0,91.0,156.5,104.333336,102.80646,59.55481
2018-02-19 03:20:00,2018-02-19 04:15:00,225,5.0,4.0,10.0,10.0,6.8333335,5.8333335,6.7236404,5.36055
2018-02-19 03:25:00,2018-02-19 04:20:00,46,3.0,6.0,3.0,3.0,4.3333335,6.6666665,1.7993164,4.2282486
2018-02-19 03:25:00,2018-02-19 04:20:00,97,86.0,69.0,121.0,121.0,132.5,105.666664,101.03732,78.30228
2018-02-19 03:25:00,2018-02-19 04:20:00,225,4.0,4.0,5.0,5.0,5.1666665,7.1666665,5.2558975,6.844322
2018-02-19 03:30:00,2018-02-19 04:25:00,46,3.0,3.0,3.0,3.0,3.6,8.5,1.6644058,6.4834137
2018-02-19 03:30:00,2018-02-19 04:25:00,97,61.0,62.0,86.0,86.0,132.33333,100.333336,97.2301,70.25549
2018-02-19 03:30:00,2018-02-19 04:25:00,225,4.0,16.0,4.0,4.0,4.5,6.3333335,3.866188,5.4864883
2018-02-19 03:35:00,2018-02-19 04:30:00,46,2.0,3.0,3.0,3.0,4.3333335,8.833333,2.233223,6.6432495
2018-02-19 03:35:00,2018-02-19 04:30:00,97,61.0,77.0,61.0,61.0,130.66667,103.0,90.33597,69.664856
2018-02-19 03:35:00,2018-02-19 04:30:00,225,7.0,3.0,4.0,4.0,5.1666665,8.0,4.1503525,6.830429
2018-02-19 03:40:00,2018-02-19 04:35:00,46,4.0,9.0,2.0,2.0,4.8333335,6.0,2.2537231,3.5073318
2018-02-19 03:40:00,2018-02-19 04:35:00,97,79.0,84.0,61.0,61.0,120.5,108.333336,82.596436,76.579956
2018-02-19 03:40:00,2018-02-19 04:35:00,225,6.0,6.0,7.0,7.0,4.8333335,7.6666665,4.345726,6.941231
2018-02-19 03:45:00,2018-02-19 04:40:00,46,3.0,5.0,4.0,4.0,2.3333333,8.5,0.9435196,6.875458
2018-02-19 03:45:00,2018-02-19 04:40:00,97,70.0,78.0,79.0,79.0,107.5,119.666664,78.71384,94.843994
2018-02-19 03:45:00,2018-02-19 04:40:00,225,5.0,8.0,6.0,6.0,6.5,6.1666665,5.1857452,4.768425
2018-02-19 03:50:00,2018-02-19 04:45:00,46,2.0,4.0,3.0,3.0,5.8,12.0,3.1698914,9.37516
2018-02-19 03:50:00,2018-02-19 04:45:00,97,59.0,96.0,70.0,70.0,114.166664,119.833336,81.60141,92.03558
2018-02-19 03:50:00,2018-02-19 04:45:00,225,4.0,1.0,5.0,5.0,6.5,6.3333335,5.111084,4.944092
2018-02-19 03:55:00,2018-02-19 04:50:00,46,3.0,2.0,2.0,2.0,5.5,10.5,2.436348,7.6151657
2018-02-19 03:55:00,2018-02-19 04:50:00,97,60.0,75.0,59.0,59.0,112.5,104.333336,77.52988,75.53693
2018-02-19 03:55:00,2018-02-19 04:50:00,225,0.0,9.0,4.0,4.0,5.8333335,11.0,4.7709045,9.749306
2018-02-19 04:00:00,2018-02-19 04:55:00,46,0.0,8.0,3.0,3.0,6.3333335,8.833333,2.6023636,5.467407
2018-02-19 04:00:00,2018-02-19 04:55:00,97,57.0,85.0,60.0,60.0,88.333336,95.666664,57.39734,69.31412
2018-02-19 04:00:00,2018-02-19 04:55:00,225,6.0,9.0,0.0,0.0,4.3333335,8.666667,2.048172,6.5360336
2018-02-19 04:05:00,2018-02-19 05:00:00,46,4.0,5.0,0.0,0.0,6.8333335,8.5,1.6977234,4.0215073
2018-02-19 04:05:00,2018-02-19 05:00:00,97,53.0,73.0,57.0,57.0,108.0,125.166664,71.24179,93.892334
2018-02-19 04:05:00,2018-02-19 05:00:00,225,5.0,7.0,6.0,6.0,6.1666665,6.1666665,3.5115967,3.6701508
2018-02-19 04:10:00,2018-02-19 05:05:00,46,6.0,9.0,4.0,4.0,7.3333335,13.666667,3.2662964,9.867546
2018-02-19 04:10:00,2018-02-19 05:05:00,97,65.0,106.0,53.0,53.0,107.666664,124.333336,68.99295,91.50363
2018-02-19 04:10:00,2018-02-19 05:05:00,225,3.0,9.0,5.0,5.0,6.0,11.333333,4.0619507,9.351685
