time_h1,time_hL,node,actual_h1,actual_hL,Persistence_h1,Persistence_hL,HistoricalAverage_h1,HistoricalAverage_hL,Ridge_h1,Ridge_hL
2016-08-19 13:50:00,2016-08-19 14:45:00,9,695.0,676.0,601.0,601.0,655.6667,646.0,645.15405,639.02893
2016-08-19 13:50:00,2016-08-19 14:45:00,13,421.0,364.0,358.0,358.0,389.33334,405.16666,397.1822,412.12994
2016-08-19 13:50:00,2016-08-19 14:45:00,102,74.0,88.0,99.0,99.0,93.666664,90.666664,93.62562,90.44486
2016-08-19 13:55:00,2016-08-19 14:50:00,9,672.0,669.0,695.0,695.0,647.1667,667.1667,657.0034,674.9291
2016-08-19 13:55:00,2016-08-19 14:50:00,13,354.0,358.0,421.0,421.0,396.16666,406.66666,407.31628,415.95947
2016-08-19 13:55:00,2016-08-19 14:50:00,102,78.0,115.0,74.0,74.0,85.5,112.0,85.4754,112.26149
2016-08-19 14:00:00,2016-08-19 14:55:00,9,652.0,692.0,672.0,672.0,663.0,667.3333,669.9584,673.5519
2016-08-19 14:00:00,2016-08-19 14:55:00,13,414.0,375.0,354.0,354.0,408.16666,369.0,392.04453,357.35928
2016-08-19 14:00:00,2016-08-19 14:55:00,102,68.0,92.0,78.0,78.0,92.333336,99.166664,85.347855,93.96249
2016-08-19 14:05:00,2016-08-19 15:00:00,9,651.0,701.0,652.0,652.0,651.8333,650.3333,659.046,655.9245
2016-08-19 14:05:00,2016-08-19 15:00:00,13,352.0,367.0,414.0,414.0,389.33334,394.0,394.8216,398.58948
2016-08-19 14:05:00,2016-08-19 15:00:00,102,88.0,107.0,68.0,68.0,91.333336,103.333336,80.32108,95.060356
2016-08-19 14:10:00,2016-08-19 15:05:00,9,664.0,715.0,651.0,651.0,648.0,651.0,650.0456,653.2253
2016-08-19 14:10:00,2016-08-19 15:05:00,13,316.0,387.0,352.0,352.0,399.0,405.5,390.07892,400.00302
2016-08-19 14:10:00,2016-08-19 15:05:00,102,92.0,101.0,88.0,88.0,93.166664,100.166664,83.95942,92.91963
2016-08-19 14:15:00,2016-08-19 15:10:00,9,678.0,684.0,664.0,664.0,665.5,641.8333,659.4177,637.2518
2016-08-19 14:15:00,2016-08-19 15:10:00,13,290.0,383.0,316.0,316.0,392.0,401.83334,364.67603,382.09512
2016-08-19 14:15:00,2016-08-19 15:10:00,102,67.0,101.0,92.0,92.0,94.333336,90.666664,86.04888,83.77742
2016-08-19 14:20:00,2016-08-19 15:15:00,9,689.0,673.0,678.0,678.0,670.6667,637.1667,672.2768,637.3841
2016-08-19 14:20:00,2016-08-19 15:15:00,13,388.0,409.0,290.0,290.0,386.0,397.16666,339.36734,363.10568
2016-08-19 14:20:00,2016-08-19 15:15:00,102,95.0,115.0,67.0,67.0,96.666664,104.333336,83.23079,93.53766
2016-08-19 14:25:00,2016-08-19 15:20:00,9,648.0,661.0,689.0,689.0,655.5,666.1667,669.8805,677.3845
2016-08-19 14:25:00,2016-08-19 15:20:00,13,392.0,402.0,388.0,388.0,385.83334,405.0,361.44348,386.98425
2016-08-19 14:25:00,2016-08-19 15:20:00,102,80.0,103.0,95.0,95.0,96.666664,102.166664,87.457016,94.59451
2016-08-19 14:30:00,2016-08-19 15:25:00,9,644.0,719.0,648.0,648.0,668.8333,680.8333,672.19775,683.81647
2016-08-19 14:30:00,2016-08-19 15:25:00,13,391.0,431.0,392.0,392.0,391.16666,395.16666,377.29706,383.75146
2016-08-19 14:30:00,2016-08-19 15:25:00,102,86.0,115.0,80.0,80.0,102.0,106.833336,89.934555,97.0035
2016-08-19 14:35:00,2016-08-19 15:30:00,9,671.0,742.0,644.0,644.0,664.8333,669.0,660.57983,666.3285
2016-08-19 14:35:00,2016-08-19 15:30:00,13,396.0,395.0,391.0,391.0,380.83334,413.66666,375.6687,408.57883
2016-08-19 14:35:00,2016-08-19 15:30:00,102,74.0,121.0,86.0,86.0,99.333336,109.166664,88.470665,100.16932
2016-08-19 14:40:00,2016-08-19 15:35:00,9,687.0,747.0,671.0,671.0,679.5,671.8333,676.26044,670.3515
2016-08-19 14:40:00,2016-08-19 15:35:00,13,371.0,404.0,396.0,396.0,391.83334,422.5,384.36758,415.90442
2016-08-19 14:40:00,2016-08-19 15:35:00,102,99.0,133.0,74.0,74.0,106.5,101.833336,89.812775,88.509094
2016-08-19 14:45:00,2016-08-19 15:40:00,9,676.0,708.0,687.0,687.0,646.0,672.5,667.3297,689.7301
2016-08-19 14:45:00,2016-08-19 15:40:00,13,364.0,416.0,371.0,371.0,405.16666,411.0,390.3677,398.26886
2016-08-19 14:45:00,2016-08-19 15:40:00,102,88.0,100.0,99.0,99.0,90.666664,99.166664,83.800934,93.29531
2016-08-19 14:50:00,2016-08-19 15:45:00,9,669.0,689.0,676.0,676.0,667.1667,661.5,675.65515,668.43677
2016-08-19 14:50:00,2016-08-19 15:45:00,13,358.0,422.0,364.0,364.0,406.66666,414.0,390.25626,400.71936
2016-08-19 14:50:00,2016-08-19 15:45:00,102,115.0,125.0,88.0,88.0,112.0,103.166664,98.83823,92.0758
2016-08-19 14:55:00,2016-08-19 15:50:00,9,692.0,639.0,669.0,669.0,667.3333,644.3333,674.6568,650.5753
2016-08-19 14:55:00,2016-08-19 15:50:00,13,375.0,390.0,358.0,358.0,369.0,417.5,363.21075,413.2211
2016-08-19 14:55:00,2016-08-19 15:50:00,102,92.0,116.0,115.0,115.0,99.166664,100.333336,99.95444,100.21811
2016-08-19 15:00:00,2016-08-19 15:55:00,9,701.0,754.0,692.0,692.0,650.3333,647.0,673.21765,665.276
2016-08-19 15:00:00,2016-08-19 15:55:00,13,367.0,420.0,375.0,375.0,394.0,411.5,374.23154,395.4556
2016-08-19 15:00:00,2016-08-19 15:55:00,102,107.0,117.0,92.0,92.0,103.333336,107.0,101.255615,104.84263
2016-08-19 15:05:00,2016-08-19 16:00:00,9,715.0,722.0,701.0,701.0,651.0,684.5,687.6592,713.7628
2016-08-19 15:05:00,2016-08-19 16:00:00,13,387.0,427.0,367.0,367.0,405.5,403.33334,380.6156,383.24756
2016-08-19 15:05:00,2016-08-19 16:00:00,102,101.0,118.0,107.0,107.0,100.166664,98.5,102.010544,99.35005
2016-08-19 15:10:00,2016-08-19 16:05:00,9,684.0,614.0,715.0,715.0,641.8333,695.6667,691.44135,735.4542
2016-08-19 15:10:00,2016-08-19 16:05:00,13,383.0,359.0,387.0,387.0,401.83334,430.83334,389.63672,420.97858
2016-08-19 15:10:00,2016-08-19 16:05:00,102,101.0,119.0,101.0,101.0,90.666664,102.5,95.138176,105.84061
2016-08-19 15:15:00,2016-08-19 16:10:00,9,673.0,662.0,684.0,684.0,637.1667,671.6667,671.98553,700.03516
2016-08-19 15:15:00,2016-08-19 16:10:00,13,409.0,441.0,383.0,383.0,397.16666,426.5,388.73407,419.52814
2016-08-19 15:15:00,2016-08-19 16:10:00,102,115.0,118.0,101.0,101.0,104.333336,100.333336,103.6315,99.29224
2016-08-19 15:20:00,2016-08-19 16:15:00,9,661.0,641.0,673.0,673.0,666.1667,655.3333,675.05444,662.9872
2016-08-19 15:20:00,2016-08-19 16:15:00,13,402.0,419.0,409.0,409.0,405.0,443.16666,400.96198,439.32922
2016-08-19 15:20:00,2016-08-19 16:15:00,102,103.0,111.0,115.0,115.0,102.166664,97.0,104.723366,98.5293
2016-08-19 15:25:00,2016-08-19 16:20:00,9,719.0,639.0,661.0,661.0,680.8333,655.0,680.8296,655.9806
2016-08-19 15:25:00,2016-08-19 16:20:00,13,431.0,445.0,402.0,402.0,395.16666,423.66666,392.1142,420.60724
2016-08-19 15:25:00,2016-08-19 16:20:00,102,115.0,124.0,103.0,103.0,106.833336,106.666664,107.56118,106.93753
2016-08-19 15:30:00,2016-08-19 16:25:00,9,742.0,617.0,719.0,719.0,669.0,663.0,692.3066,681.8432
2016-08-19 15:30:00,2016-08-19 16:25:00,13,395.0,426.0,431.0,431.0,413.66666,427.66666,411.93723,424.74603
2016-08-19 15:30:00,2016-08-19 16:25:00,102,121.0,122.0,115.0,115.0,109.166664,108.666664,113.56012,111.8832
2016-08-19 15:35:00,2016-08-19 16:30:00,9,747.0,657.0,742.0,742.0,671.8333,685.8333,711.0368,716.7245
2016-08-19 15:35:00,2016-08-19 16:30:00,13,404.0,384.0,395.0,395.0,422.5,429.0,414.2085,421.54214
2016-08-19 15:35:00,2016-08-19 16:30:00,102,133.0,112.0,121.0,121.0,101.833336,104.333336,113.26816,113.30582
2016-08-19 15:40:00,2016-08-19 16:35:00,9,708.0,661.0,747.0,747.0,672.5,655.6667,717.4304,690.7961
2016-08-19 15:40:00,2016-08-19 16:35:00,13,416.0,331.0,404.0,404.0,411.0,416.0,406.88553,412.08365
2016-08-19 15:40:00,2016-08-19 16:35:00,102,100.0,106.0,133.0,133.0,99.166664,106.833336,116.55519,120.29343
2016-08-19 15:45:00,2016-08-19 16:40:00,9,689.0,646.0,708.0,708.0,661.5,674.1667,708.7627,712.2035
2016-08-19 15:45:00,2016-08-19 16:40:00,13,422.0,406.0,416.0,416.0,414.0,416.16666,411.74545,413.77927
2016-08-19 15:45:00,2016-08-19 16:40:00,102,125.0,117.0,100.0,100.0,103.166664,103.666664,111.77789,110.55478
2016-08-19 15:50:00,2016-08-19 16:45:00,9,639.0,664.0,689.0,689.0,644.3333,684.6667,691.47723,723.7203
2016-08-19 15:50:00,2016-08-19 16:45:00,13,390.0,447.0,422.0,422.0,417.5,414.33334,418.4975,414.23224
2016-08-19 15:50:00,2016-08-19 16:45:00,102,116.0,126.0,125.0,125.0,100.333336,111.5,113.73631,122.336945
2016-08-19 15:55:00,2016-08-19 16:50:00,9,754.0,651.0,639.0,639.0,647.0,683.1667,665.25305,700.2843
2016-08-19 15:55:00,2016-08-19 16:50:00,13,420.0,408.0,390.0,390.0,411.5,416.0,407.33502,412.53827
2016-08-19 15:55:00,2016-08-19 16:50:00,102,117.0,133.0,116.0,116.0,107.0,102.666664,117.61626,111.319305
2016-08-19 16:00:00,2016-08-19 16:55:00,9,722.0,649.0,754.0,754.0,684.5,687.5,708.4289,707.2754
2016-08-19 16:00:00,2016-08-19 16:55:00,13,427.0,395.0,420.0,420.0,403.33334,436.5,406.22513,438.75262
2016-08-19 16:00:00,2016-08-19 16:55:00,102,118.0,122.0,117.0,117.0,98.5,109.333336,112.58769,120.719315
2016-08-19 16:05:00,2016-08-19 17:00:00,9,614.0,645.0,722.0,722.0,695.6667,691.3333,720.92035,712.11884
2016-08-19 16:05:00,2016-08-19 17:00:00,13,359.0,347.0,427.0,427.0,430.83334,433.0,424.99603,427.93225
2016-08-19 16:05:00,2016-08-19 17:00:00,102,119.0,125.0,118.0,118.0,102.5,109.333336,115.39731,120.0621
2016-08-19 16:10:00,2016-08-19 17:05:00,9,662.0,674.0,614.0,614.0,671.6667,693.1667,679.82605,702.1196
2016-08-19 16:10:00,2016-08-19 17:05:00,13,441.0,368.0,359.0,359.0,426.5,437.5,402.42606,418.79745
2016-08-19 16:10:00,2016-08-19 17:05:00,102,118.0,116.0,119.0,119.0,100.333336,101.833336,113.6134,112.74281
2016-08-19 16:15:00,2016-08-19 17:10:00,9,641.0,645.0,662.0,662.0,655.3333,699.1667,668.27875,713.1223
2016-08-19 16:15:00,2016-08-19 17:10:00,13,419.0,371.0,441.0,441.0,443.16666,456.83334,431.256,447.4359
2016-08-19 16:15:00,2016-08-19 17:10:00,102,111.0,129.0,118.0,118.0,97.0,100.833336,109.68554,111.16942
2016-08-19 16:20:00,2016-08-19 17:15:00,9,639.0,662.0,641.0,641.0,655.0,685.6667,656.39087,689.9381
2016-08-19 16:20:00,2016-08-19 17:15:00,13,445.0,434.0,419.0,419.0,423.66666,453.5,421.98322,452.42755
2016-08-19 16:20:00,2016-08-19 17:15:00,102,124.0,129.0,111.0,111.0,106.666664,99.833336,112.63441,104.92111
2016-08-19 16:25:00,2016-08-19 17:20:00,9,617.0,682.0,639.0,639.0,663.0,697.8333,652.32355,691.1923
2016-08-19 16:25:00,2016-08-19 17:20:00,13,426.0,367.0,445.0,445.0,427.66666,433.0,430.31433,434.30225
2016-08-19 16:25:00,2016-08-19 17:20:00,102,122.0,132.0,124.0,124.0,108.666664,104.333336,117.686905,111.61578
2016-08-19 16:30:00,2016-08-19 17:25:00,9,657.0,701.0,617.0,617.0,685.8333,706.8333,656.43494,686.21326
2016-08-19 16:30:00,2016-08-19 17:25:00,13,384.0,400.0,426.0,426.0,429.0,448.5,434.1144,452.64893
2016-08-19 16:30:00,2016-08-19 17:25:00,102,112.0,124.0,122.0,122.0,104.333336,100.833336,115.23821,109.581604
2016-08-19 16:35:00,2016-08-19 17:30:00,9,661.0,678.0,657.0,657.0,655.6667,720.5,644.31775,713.25385
2016-08-19 16:35:00,2016-08-19 17:30:00,13,331.0,461.0,384.0,384.0,416.0,436.66666,412.19144,434.26248
2016-08-19 16:35:00,2016-08-19 17:30:00,102,106.0,123.0,112.0,112.0,106.833336,110.5,114.81185,117.17399
2016-08-19 16:40:00,2016-08-19 17:35:00,9,646.0,714.0,661.0,661.0,674.1667,693.1667,655.22095,678.6756
2016-08-19 16:40:00,2016-08-19 17:35:00,13,406.0,425.0,331.0,331.0,416.16666,437.16666,387.39282,415.98135
2016-08-19 16:40:00,2016-08-19 17:35:00,102,117.0,133.0,106.0,106.0,103.666664,105.166664,109.26283,110.151726
2016-08-19 16:45:00,2016-08-19 17:40:00,9,664.0,733.0,646.0,646.0,684.6667,690.1667,658.59314,669.9565
2016-08-19 16:45:00,2016-08-19 17:40:00,13,447.0,389.0,406.0,406.0,414.33334,449.33334,395.7132,435.95926
2016-08-19 16:45:00,2016-08-19 17:40:00,102,126.0,123.0,117.0,117.0,111.5,108.0,115.63139,111.70473
2016-08-19 16:50:00,2016-08-19 17:45:00,9,651.0,750.0,664.0,664.0,683.1667,695.8333,664.4906,680.46906
2016-08-19 16:50:00,2016-08-19 17:45:00,13,408.0,444.0,447.0,447.0,416.0,448.16666,412.1761,444.6772
2016-08-19 16:50:00,2016-08-19 17:45:00,102,133.0,132.0,126.0,126.0,102.666664,110.833336,114.78548,120.69606
2016-08-19 16:55:00,2016-08-19 17:50:00,9,649.0,725.0,651.0,651.0,687.5,689.3333,659.89557,666.8055
2016-08-19 16:55:00,2016-08-19 17:50:00,13,395.0,428.0,408.0,408.0,436.5,440.16666,418.1604,424.66312
2016-08-19 16:55:00,2016-08-19 17:50:00,102,122.0,128.0,133.0,133.0,109.333336,106.666664,122.2935,116.942825
2016-08-19 17:00:00,2016-08-19 17:55:00,9,645.0,722.0,649.0,649.0,691.3333,695.1667,662.2925,671.58344
2016-08-19 17:00:00,2016-08-19 17:55:00,13,347.0,407.0,395.0,395.0,433.0,416.66666,405.17477,394.40604
2016-08-19 17:00:00,2016-08-19 17:55:00,102,125.0,124.0,122.0,122.0,109.333336,95.833336,120.8273,105.010765
2016-08-19 17:05:00,2016-08-19 18:00:00,9,674.0,729.0,645.0,645.0,693.1667,706.0,664.7319,683.0756
2016-08-19 17:05:00,2016-08-19 18:00:00,13,368.0,376.0,347.0,347.0,437.5,422.66666,390.4256,385.3247
2016-08-19 17:05:00,2016-08-19 18:00:00,102,116.0,133.0,125.0,125.0,101.833336,100.166664,117.90178,113.03398
2016-08-19 17:10:00,2016-08-19 18:05:00,9,645.0,726.0,674.0,674.0,699.1667,715.5,677.07263,697.3541
2016-08-19 17:10:00,2016-08-19 18:05:00,13,371.0,380.0,368.0,368.0,456.83334,431.0,399.4984,385.21
2016-08-19 17:10:00,2016-08-19 18:05:00,102,129.0,100.0,116.0,116.0,100.833336,98.166664,115.234215,109.97859
2016-08-19 17:15:00,2016-08-19 18:10:00,9,662.0,713.0,645.0,645.0,685.6667,713.0,663.2606,695.08264
2016-08-19 17:15:00,2016-08-19 18:10:00,13,434.0,413.0,371.0,371.0,453.5,455.33334,403.22528,415.50342
2016-08-19 17:15:00,2016-08-19 18:10:00,102,129.0,93.0,129.0,129.0,99.833336,90.833336,116.084755,103.83992
2016-08-19 17:20:00,2016-08-19 18:15:00,9,682.0,718.0,662.0,662.0,697.8333,716.8333,670.8048,695.16455
2016-08-19 17:20:00,2016-08-19 18:15:00,13,367.0,426.0,434.0,434.0,433.0,451.5,406.30713,429.20746
2016-08-19 17:20:00,2016-08-19 18:15:00,102,132.0,94.0,129.0,129.0,104.333336,91.166664,119.19122,102.943375
2016-08-19 17:25:00,2016-08-19 18:20:00,9,701.0,726.0,682.0,682.0,706.8333,711.0,682.5506,691.0382
2016-08-19 17:25:00,2016-08-19 18:20:00,13,400.0,378.0,367.0,367.0,448.5,455.0,405.047,419.88507
2016-08-19 17:25:00,2016-08-19 18:20:00,102,124.0,96.0,132.0,132.0,100.833336,91.166664,117.89421,104.605484
2016-08-19 17:30:00,2016-08-19 18:25:00,9,678.0,721.0,701.0,701.0,720.5,706.1667,703.481,691.29224
2016-08-19 17:30:00,2016-08-19 18:25:00,13,461.0,447.0,400.0,400.0,436.66666,457.0,405.9321,432.26425
2016-08-19 17:30:00,2016-08-19 18:25:00,102,123.0,100.0,124.0,124.0,110.5,90.5,123.06748,100.55153
2016-08-19 17:35:00,2016-08-19 18:30:00,9,714.0,730.0,678.0,678.0,693.1667,715.3333,689.1172,711.527
2016-08-19 17:35:00,2016-08-19 18:30:00,13,425.0,425.0,461.0,461.0,437.16666,442.0,427.77753,433.10712
2016-08-19 17:35:00,2016-08-19 18:30:00,102,133.0,83.0,123.0,123.0,105.166664,84.833336,118.32732,95.494675
2016-08-19 17:40:00,2016-08-19 18:35:00,9,733.0,706.0,714.0,714.0,690.1667,696.3333,694.9835,699.22815
2016-08-19 17:40:00,2016-08-19 18:35:00,13,389.0,444.0,425.0,425.0,449.33334,428.66666,432.20258,412.77985
2016-08-19 17:40:00,2016-08-19 18:35:00,102,123.0,73.0,133.0,133.0,108.0,79.166664,121.21466,89.621956
2016-08-19 17:45:00,2016-08-19 18:40:00,9,750.0,754.0,733.0,733.0,695.8333,698.5,710.1544,708.41327
2016-08-19 17:45:00,2016-08-19 18:40:00,13,444.0,416.0,389.0,389.0,448.16666,426.5,420.59402,403.23273
2016-08-19 17:45:00,2016-08-19 18:40:00,102,132.0,89.0,123.0,123.0,110.833336,83.0,122.73988,92.51236
2016-08-19 17:50:00,2016-08-19 18:45:00,9,725.0,720.0,750.0,750.0,689.3333,702.0,719.1635,723.9247
2016-08-19 17:50:00,2016-08-19 18:45:00,13,428.0,404.0,444.0,444.0,440.16666,415.66666,430.77295,407.0419
2016-08-19 17:50:00,2016-08-19 18:45:00,102,128.0,78.0,132.0,132.0,106.666664,80.0,124.030624,93.92697
2016-08-19 17:55:00,2016-08-19 18:50:00,9,722.0,747.0,725.0,725.0,695.1667,696.3333,718.43933,713.7106
2016-08-19 17:55:00,2016-08-19 18:50:00,13,407.0,426.0,428.0,428.0,416.66666,418.0,420.10052,419.4302
2016-08-19 17:55:00,2016-08-19 18:50:00,102,124.0,76.0,128.0,128.0,95.833336,73.666664,117.04328,90.8154
2016-08-19 18:00:00,2016-08-19 18:55:00,9,729.0,778.0,722.0,722.0,706.0,701.8333,721.84265,713.6138
2016-08-19 18:00:00,2016-08-19 18:55:00,13,376.0,395.0,407.0,407.0,422.66666,411.0,416.04968,404.72437
2016-08-19 18:00:00,2016-08-19 18:55:00,102,133.0,80.0,124.0,124.0,100.166664,71.5,118.434525,86.256516
2016-08-19 18:05:00,2016-08-19 19:00:00,9,726.0,767.0,729.0,729.0,715.5,693.1667,726.9133,701.8211
2016-08-19 18:05:00,2016-08-19 19:00:00,13,380.0,375.0,376.0,376.0,431.0,404.83334,400.5102,380.7373
2016-08-19 18:05:00,2016-08-19 19:00:00,102,100.0,66.0,133.0,133.0,98.166664,76.833336,122.255394,96.26986
2016-08-19 18:10:00,2016-08-19 19:05:00,9,713.0,750.0,726.0,726.0,713.0,686.0,725.9986,696.1487
2016-08-19 18:10:00,2016-08-19 19:05:00,13,413.0,415.0,380.0,380.0,455.33334,393.66666,406.66586,354.37762
2016-08-19 18:10:00,2016-08-19 19:05:00,102,93.0,77.0,100.0,100.0,90.833336,77.666664,109.16614,93.1879
2016-08-19 18:15:00,2016-08-19 19:10:00,9,718.0,745.0,713.0,713.0,716.8333,684.0,724.3384,690.18445
2016-08-19 18:15:00,2016-08-19 19:10:00,13,426.0,397.0,413.0,413.0,451.5,396.66666,411.0653,363.77347
2016-08-19 18:15:00,2016-08-19 19:10:00,102,94.0,67.0,93.0,93.0,91.166664,70.0,100.853775,78.83224
2016-08-19 18:20:00,2016-08-19 19:15:00,9,726.0,747.0,718.0,718.0,711.0,703.0,722.84204,713.0594
2016-08-19 18:20:00,2016-08-19 19:15:00,13,378.0,375.0,426.0,426.0,455.0,403.33334,425.9655,379.07593
2016-08-19 18:20:00,2016-08-19 19:15:00,102,96.0,67.0,94.0,94.0,91.166664,69.333336,96.81417,75.16312
2016-08-19 18:25:00,2016-08-19 19:20:00,9,721.0,693.0,726.0,726.0,706.1667,680.1667,718.6802,690.88245
2016-08-19 18:25:00,2016-08-19 19:20:00,13,447.0,366.0,378.0,378.0,457.0,401.5,417.59735,369.28998
2016-08-19 18:25:00,2016-08-19 19:20:00,102,100.0,66.0,96.0,96.0,90.5,70.833336,97.235756,77.243935
2016-08-19 18:30:00,2016-08-19 19:25:00,9,730.0,736.0,721.0,721.0,715.3333,692.3333,728.1044,703.10724
2016-08-19 18:30:00,2016-08-19 19:25:00,13,425.0,404.0,447.0,447.0,442.0,390.5,424.25247,375.19122
2016-08-19 18:30:00,2016-08-19 19:25:00,102,83.0,79.0,100.0,100.0,84.833336,62.166668,94.63557,70.82816
2016-08-19 18:35:00,2016-08-19 19:30:00,9,706.0,698.0,730.0,730.0,696.3333,674.3333,716.9092,691.3926
2016-08-19 18:35:00,2016-08-19 19:30:00,13,444.0,393.0,425.0,425.0,428.66666,377.16666,420.8465,369.89032
2016-08-19 18:35:00,2016-08-19 19:30:00,102,73.0,65.0,83.0,83.0,79.166664,57.0,84.431755,62.174366
2016-08-19 18:40:00,2016-08-19 19:35:00,9,754.0,675.0,706.0,706.0,698.5,661.3333,709.2345,670.5305
2016-08-19 18:40:00,2016-08-19 19:35:00,13,416.0,410.0,444.0,444.0,426.5,388.0,433.41943,391.61722
2016-08-19 18:40:00,2016-08-19 19:35:00,102,89.0,68.0,73.0,73.0,83.0,65.5,82.745605,66.17359
2016-08-19 18:45:00,2016-08-19 19:40:00,9,720.0,695.0,754.0,754.0,702.0,643.0,721.82117,658.52185
2016-08-19 18:45:00,2016-08-19 19:40:00,13,404.0,402.0,416.0,416.0,415.66666,378.66666,419.9405,381.45615
2016-08-19 18:45:00,2016-08-19 19:40:00,102,78.0,71.0,89.0,89.0,80.0,58.5,83.35957,61.95182
2016-08-19 18:50:00,2016-08-19 19:45:00,9,747.0,681.0,720.0,720.0,696.3333,645.6667,715.90454,661.2099
2016-08-19 18:50:00,2016-08-19 19:45:00,13,426.0,391.0,404.0,404.0,418.0,385.33334,417.56113,384.5766
2016-08-19 18:50:00,2016-08-19 19:45:00,102,76.0,56.0,78.0,78.0,73.666664,57.833332,77.67407,61.64599
2016-08-19 18:55:00,2016-08-19 19:50:00,9,778.0,653.0,747.0,747.0,701.8333,641.6667,727.82117,661.78723
2016-08-19 18:55:00,2016-08-19 19:50:00,13,395.0,384.0,426.0,426.0,411.0,382.83334,419.7769,389.69412
2016-08-19 18:55:00,2016-08-19 19:50:00,102,80.0,59.0,76.0,76.0,71.5,52.833332,72.74981,54.137413
2016-08-19 19:00:00,2016-08-19 19:55:00,9,767.0,663.0,778.0,778.0,693.1667,642.5,737.5499,677.2174
2016-08-19 19:00:00,2016-08-19 19:55:00,13,375.0,385.0,395.0,395.0,404.83334,379.66666,411.14294,385.39056
2016-08-19 19:00:00,2016-08-19 19:55:00,102,66.0,52.0,80.0,80.0,76.833336,53.0,75.57994,52.313354
2016-08-19 19:05:00,2016-08-19 20:00:00,9,750.0,581.0,767.0,767.0,686.0,665.8333,741.5327,709.4637
2016-08-19 19:05:00,2016-08-19 20:00:00,13,415.0,361.0,375.0,375.0,393.66666,362.66666,391.6006,361.8938
2016-08-19 19:05:00,2016-08-19 20:00:00,102,77.0,41.0,66.0,66.0,77.666664,55.166668,75.36017,53.65803
2016-08-19 19:10:00,2016-08-19 20:05:00,9,745.0,605.0,750.0,750.0,684.0,649.1667,734.35266,689.3434
2016-08-19 19:10:00,2016-08-19 20:05:00,13,397.0,353.0,415.0,415.0,396.66666,375.16666,398.8711,377.51495
2016-08-19 19:10:00,2016-08-19 20:05:00,102,67.0,50.0,77.0,77.0,70.0,50.0,72.366936,52.127003
2016-08-19 19:15:00,2016-08-19 20:10:00,9,747.0,649.0,745.0,745.0,703.0,614.0,739.7279,643.77344
2016-08-19 19:15:00,2016-08-19 20:10:00,13,375.0,384.0,397.0,397.0,403.33334,363.66666,400.88165,362.20538
2016-08-19 19:15:00,2016-08-19 20:10:00,102,67.0,56.0,67.0,67.0,69.333336,49.166668,69.16289,49.37508
2016-08-19 19:20:00,2016-08-19 20:15:00,9,693.0,621.0,747.0,747.0,680.1667,618.5,727.20044,656.4201
2016-08-19 19:20:00,2016-08-19 20:15:00,13,366.0,354.0,375.0,375.0,401.5,364.83334,396.00266,360.8711
2016-08-19 19:20:00,2016-08-19 20:15:00,102,66.0,45.0,67.0,67.0,70.833336,46.166668,69.86672,45.500244
2016-08-19 19:25:00,2016-08-19 20:20:00,9,736.0,606.0,693.0,693.0,692.3333,627.5,723.3546,653.8425
2016-08-19 19:25:00,2016-08-19 20:20:00,13,404.0,361.0,366.0,366.0,390.5,362.83334,381.08163,356.66296
2016-08-19 19:25:00,2016-08-19 20:20:00,102,79.0,49.0,66.0,66.0,62.166668,51.833332,65.617325,54.964478
2016-08-19 19:30:00,2016-08-19 20:25:00,9,698.0,607.0,736.0,736.0,674.3333,617.0,719.6314,655.1079
2016-08-19 19:30:00,2016-08-19 20:25:00,13,393.0,353.0,404.0,404.0,377.16666,365.83334,382.0695,370.04022
2016-08-19 19:30:00,2016-08-19 20:25:00,102,65.0,39.0,79.0,79.0,57.0,49.0,65.957886,56.29022
2016-08-19 19:35:00,2016-08-19 20:30:00,9,675.0,597.0,698.0,698.0,661.3333,629.6667,706.38367,668.0237
2016-08-19 19:35:00,2016-08-19 20:30:00,13,410.0,385.0,393.0,393.0,388.0,349.83334,388.30865,350.01773
2016-08-19 19:35:00,2016-08-19 20:30:00,102,68.0,44.0,65.0,65.0,65.5,49.333332,69.44568,52.52111
2016-08-19 19:40:00,2016-08-19 20:35:00,9,695.0,584.0,675.0,675.0,643.0,619.3333,680.20825,651.9571
2016-08-19 19:40:00,2016-08-19 20:35:00,13,402.0,364.0,410.0,410.0,378.66666,364.5,391.03918,374.04364
2016-08-19 19:40:00,2016-08-19 20:35:00,102,71.0,27.0,68.0,68.0,58.5,46.833332,64.73543,52.014458
2016-08-19 19:45:00,2016-08-19 20:40:00,9,681.0,578.0,695.0,695.0,645.6667,631.8333,684.3259,665.7709
2016-08-19 19:45:00,2016-08-19 20:40:00,13,391.0,355.0,402.0,402.0,385.33334,354.33334,395.42694,361.95462
2016-08-19 19:45:00,2016-08-19 20:40:00,102,56.0,56.0,71.0,71.0,57.833332,50.5,67.01363,58.0329
2016-08-19 19:50:00,2016-08-19 20:45:00,9,653.0,643.0,681.0,681.0,641.6667,605.3333,672.6615,632.63306
2016-08-19 19:50:00,2016-08-19 20:45:00,13,384.0,348.0,391.0,391.0,382.83334,347.0,391.08298,353.29416
2016-08-19 19:50:00,2016-08-19 20:45:00,102,59.0,49.0,56.0,56.0,52.833332,42.5,59.40596,48.064983
2016-08-19 19:55:00,2016-08-19 20:50:00,9,663.0,643.0,653.0,653.0,642.5,616.5,658.7638,631.70605
2016-08-19 19:55:00,2016-08-19 20:50:00,13,385.0,352.0,384.0,384.0,379.66666,359.83334,391.56522,369.64307
2016-08-19 19:55:00,2016-08-19 20:50:00,102,52.0,35.0,59.0,59.0,53.0,48.333332,58.337143,53.00878
2016-08-19 20:00:00,2016-08-19 20:55:00,9,581.0,581.0,663.0,663.0,665.8333,615.1667,672.5041,622.91064
2016-08-19 20:00:00,2016-08-19 20:55:00,13,361.0,340.0,385.0,385.0,362.66666,335.5,376.86566,347.19775
2016-08-19 20:00:00,2016-08-19 20:55:00,102,41.0,42.0,52.0,52.0,55.166668,51.0,58.148872,53.965202
2016-08-19 20:05:00,2016-08-19 21:00:00,9,605.0,556.0,581.0,581.0,649.1667,599.6667,639.89246,595.622
2016-08-19 20:05:00,2016-08-19 21:00:00,13,353.0,322.0,361.0,361.0,375.16666,346.5,376.56314,348.14038
2016-08-19 20:05:00,2016-08-19 21:00:00,102,50.0,44.0,41.0,41.0,50.0,44.333332,49.169975,44.37731
2016-08-19 20:10:00,2016-08-19 21:05:00,9,649.0,544.0,605.0,605.0,614.0,605.5,612.91595,607.80426
2016-08-19 20:10:00,2016-08-19 21:05:00,13,384.0,330.0,353.0,353.0,363.66666,332.16666,362.0001,331.90747
2016-08-19 20:10:00,2016-08-19 21:05:00,102,56.0,44.0,50.0,50.0,49.166668,42.0,48.680656,42.23794
2016-08-19 20:15:00,2016-08-19 21:10:00,9,621.0,579.0,649.0,649.0,618.5,589.6667,620.97046,594.0278
2016-08-19 20:15:00,2016-08-19 21:10:00,13,354.0,352.0,384.0,384.0,364.83334,338.33334,370.40802,343.37967
2016-08-19 20:15:00,2016-08-19 21:10:00,102,45.0,41.0,56.0,56.0,46.166668,42.5,48.163635,44.436985
2016-08-19 20:20:00,2016-08-19 21:15:00,9,606.0,577.0,621.0,621.0,627.5,591.0,625.9739,590.6663
2016-08-19 20:20:00,2016-08-19 21:15:00,13,361.0,313.0,354.0,354.0,362.83334,366.66666,367.79672,371.4195
2016-08-19 20:20:00,2016-08-19 21:15:00,102,49.0,47.0,45.0,45.0,51.833332,44.666668,49.91847,43.27217
2016-08-19 20:25:00,2016-08-19 21:20:00,9,607.0,601.0,606.0,606.0,617.0,618.5,613.78754,617.3375
2016-08-19 20:25:00,2016-08-19 21:20:00,13,353.0,333.0,361.0,361.0,365.83334,340.5,365.1438,340.8207
2016-08-19 20:25:00,2016-08-19 21:20:00,102,39.0,43.0,49.0,49.0,49.0,38.5,46.96124,37.108536
2016-08-19 20:30:00,2016-08-19 21:25:00,9,597.0,603.0,607.0,607.0,629.6667,605.1667,617.79663,597.36255
2016-08-19 20:30:00,2016-08-19 21:25:00,13,385.0,327.0,353.0,353.0,349.83334,347.0,351.41174,349.2534
2016-08-19 20:30:00,2016-08-19 21:25:00,102,44.0,44.0,39.0,39.0,49.333332,43.833332,45.092415,40.692093
2016-08-19 20:35:00,2016-08-19 21:30:00,9,584.0,595.0,597.0,597.0,619.3333,627.5,610.3192,621.40063
2016-08-19 20:35:00,2016-08-19 21:30:00,13,364.0,328.0,385.0,385.0,364.5,341.16666,368.9532,344.66336
2016-08-19 20:35:00,2016-08-19 21:30:00,102,27.0,36.0,44.0,44.0,46.833332,45.666668,43.754143,43.296986
2016-08-19 20:40:00,2016-08-19 21:35:00,9,578.0,530.0,584.0,584.0,631.8333,605.6667,610.47034,590.01355
2016-08-19 20:40:00,2016-08-19 21:35:00,13,355.0,329.0,364.0,364.0,354.33334,323.83334,361.57605,329.63876
2016-08-19 20:40:00,2016-08-19 21:35:00,102,56.0,30.0,27.0,27.0,50.5,41.666668,40.610703,34.230774
2016-08-19 20:45:00,2016-08-19 21:40:00,9,643.0,569.0,578.0,578.0,605.3333,604.3333,588.55383,592.5089
2016-08-19 20:45:00,2016-08-19 21:40:00,13,348.0,306.0,355.0,355.0,347.0,342.16666,355.51785,349.1677
2016-08-19 20:45:00,2016-08-19 21:40:00,102,49.0,37.0,56.0,56.0,42.5,42.5,41.952927,41.986633
2016-08-19 20:50:00,2016-08-19 21:45:00,9,643.0,585.0,643.0,643.0,616.5,608.5,614.87756,607.0477
2016-08-19 20:50:00,2016-08-19 21:45:00,13,352.0,261.0,348.0,348.0,359.83334,302.16666,356.18646,299.4385
2016-08-19 20:50:00,2016-08-19 21:45:00,102,35.0,37.0,49.0,49.0,48.333332,45.833332,46.387016,44.074036
2016-08-19 20:55:00,2016-08-19 21:50:00,9,581.0,530.0,643.0,643.0,615.1667,584.1667,623.3727,590.18115
2016-08-19 20:55:00,2016-08-19 21:50:00,13,340.0,291.0,352.0,352.0,335.5,316.5,342.58945,322.30658
2016-08-19 20:55:00,2016-08-19 21:50:00,102,42.0,31.0,35.0,35.0,51.0,39.5,45.076195,34.70138
2016-08-19 21:00:00,2016-08-19 21:55:00,9,556.0,551.0,581.0,581.0,599.6667,554.1667,599.49927,553.81995
2016-08-19 21:00:00,2016-08-19 21:55:00,13,322.0,290.0,340.0,340.0,346.5,309.5,347.01483,310.17392
2016-08-19 21:00:00,2016-08-19 21:55:00,102,44.0,42.0,42.0,42.0,44.333332,37.166668,41.863503,35.25354
2016-08-19 21:05:00,2016-08-19 22:00:00,9,544.0,569.0,556.0,556.0,605.5,574.5,590.0594,562.8056
2016-08-19 21:05:00,2016-08-19 22:00:00,13,330.0,284.0,322.0,322.0,332.16666,308.33334,329.01172,306.33826
2016-08-19 21:05:00,2016-08-19 22:00:00,102,44.0,36.0,44.0,44.0,42.0,36.0,40.804,34.927185
2016-08-19 21:10:00,2016-08-19 22:05:00,9,579.0,512.0,544.0,544.0,589.6667,509.33334,559.39984,486.14203
2016-08-19 21:10:00,2016-08-19 22:05:00,13,352.0,280.0,330.0,330.0,338.33334,312.5,326.09378,303.15256
2016-08-19 21:10:00,2016-08-19 22:05:00,102,41.0,35.0,44.0,44.0,42.5,36.833332,41.78562,35.960426
2016-08-19 21:15:00,2016-08-19 22:10:00,9,577.0,488.0,579.0,579.0,591.0,554.6667,567.44324,535.58966
2016-08-19 21:15:00,2016-08-19 22:10:00,13,313.0,307.0,352.0,352.0,366.66666,307.16666,351.56747,294.81415
2016-08-19 21:15:00,2016-08-19 22:10:00,102,47.0,21.0,41.0,41.0,44.666668,32.666668,42.626705,30.90981
2016-08-19 21:20:00,2016-08-19 22:15:00,9,601.0,535.0,577.0,577.0,618.5,560.1667,586.9246,534.5807
2016-08-19 21:20:00,2016-08-19 22:15:00,13,333.0,313.0,313.0,313.0,340.5,313.33334,329.5628,304.92026
2016-08-19 21:20:00,2016-08-19 22:15:00,102,43.0,37.0,47.0,47.0,38.5,31.166666,39.295547,31.52002
2016-08-19 21:25:00,2016-08-19 22:20:00,9,603.0,539.0,601.0,601.0,605.1667,525.3333,580.1306,504.16913
2016-08-19 21:25:00,2016-08-19 22:20:00,13,327.0,259.0,333.0,333.0,347.0,309.16666,335.85526,300.3575
2016-08-19 21:25:00,2016-08-19 22:20:00,102,44.0,35.0,43.0,43.0,43.833332,26.833334,41.643997,24.6772
2016-08-19 21:30:00,2016-08-19 22:25:00,9,595.0,498.0,603.0,603.0,627.5,537.0,603.20154,516.0267
2016-08-19 21:30:00,2016-08-19 22:25:00,13,328.0,214.0,327.0,327.0,341.16666,297.16666,331.38684,289.57584
2016-08-19 21:30:00,2016-08-19 22:25:00,102,36.0,24.0,44.0,44.0,45.666668,33.0,44.484375,31.821018
2016-08-19 21:35:00,2016-08-19 22:30:00,9,530.0,566.0,595.0,595.0,605.6667,534.8333,595.4252,525.4534
2016-08-19 21:35:00,2016-08-19 22:30:00,13,329.0,211.0,328.0,328.0,323.83334,281.5,320.0131,278.14746
2016-08-19 21:35:00,2016-08-19 22:30:00,102,30.0,34.0,36.0,36.0,41.666668,31.666666,40.345222,30.499096
2016-08-19 21:40:00,2016-08-19 22:35:00,9,569.0,516.0,530.0,530.0,604.3333,514.5,575.5866,491.32465
2016-08-19 21:40:00,2016-08-19 22:35:00,13,306.0,245.0,329.0,329.0,342.16666,282.16666,336.81018,277.58063
2016-08-19 21:40:00,2016-08-19 22:35:00,102,37.0,23.0,30.0,30.0,42.5,30.666666,35.81559,25.369915
2016-08-19 21:45:00,2016-08-19 22:40:00,9,585.0,522.0,569.0,569.0,608.5,533.3333,584.27814,513.8539
2016-08-19 21:45:00,2016-08-19 22:40:00,13,261.0,239.0,306.0,306.0,302.16666,273.33334,306.1192,276.67905
2016-08-19 21:45:00,2016-08-19 22:40:00,102,37.0,19.0,37.0,37.0,45.833332,26.833334,38.972084,21.384796
2016-08-19 21:50:00,2016-08-19 22:45:00,9,530.0,482.0,585.0,585.0,584.1667,513.6667,579.5393,509.81937
2016-08-19 21:50:00,2016-08-19 22:45:00,13,291.0,208.0,261.0,261.0,316.5,263.0,295.0884,246.5577
2016-08-19 21:50:00,2016-08-19 22:45:00,102,31.0,31.0,37.0,37.0,39.5,28.166666,37.20056,26.32003
2016-08-19 21:55:00,2016-08-19 22:50:00,9,551.0,486.0,530.0,530.0,554.1667,504.0,549.81775,500.9492
2016-08-19 21:55:00,2016-08-19 22:50:00,13,290.0,214.0,291.0,291.0,309.5,260.0,290.74023,245.69745
2016-08-19 21:55:00,2016-08-19 22:50:00,102,42.0,26.0,31.0,31.0,37.166668,29.833334,34.735405,27.936394
2016-08-19 22:00:00,2016-08-19 22:55:00,9,569.0,511.0,551.0,551.0,574.5,516.6667,570.76526,514.57654
2016-08-19 22:00:00,2016-08-19 22:55:00,13,284.0,237.0,290.0,290.0,308.33334,252.16667,289.17963,237.03613
2016-08-19 22:00:00,2016-08-19 22:55:00,102,36.0,24.0,42.0,42.0,36.0,29.5,36.449974,29.82853
2016-08-19 22:05:00,2016-08-19 23:00:00,9,512.0,444.0,569.0,569.0,509.33334,491.83334,531.56476,510.392
2016-08-19 22:05:00,2016-08-19 23:00:00,13,280.0,213.0,284.0,284.0,312.5,238.33333,288.3387,218.538
2016-08-19 22:05:00,2016-08-19 23:00:00,102,35.0,21.0,36.0,36.0,36.833332,29.333334,37.084435,29.491047
2016-08-19 22:10:00,2016-08-19 23:05:00,9,488.0,405.0,512.0,512.0,554.6667,457.0,536.01215,442.23828
2016-08-19 22:10:00,2016-08-19 23:05:00,13,307.0,207.0,280.0,280.0,307.16666,240.83333,281.83887,220.41443
2016-08-19 22:10:00,2016-08-19 23:05:00,102,21.0,18.0,35.0,35.0,32.666668,26.0,34.447533,27.336391
2016-08-19 22:15:00,2016-08-19 23:10:00,9,535.0,355.0,488.0,488.0,560.1667,446.16666,526.6003,420.18234
2016-08-19 22:15:00,2016-08-19 23:10:00,13,313.0,206.0,307.0,307.0,313.33334,231.66667,295.1013,216.01547
2016-08-19 22:15:00,2016-08-19 23:10:00,102,37.0,30.0,21.0,21.0,31.166666,27.5,29.323353,26.31723
2016-08-19 22:20:00,2016-08-19 23:15:00,9,539.0,435.0,535.0,535.0,525.3333,443.5,512.45264,433.50992
2016-08-19 22:20:00,2016-08-19 23:15:00,13,259.0,195.0,313.0,313.0,309.16666,223.66667,301.37222,215.87569
2016-08-19 22:20:00,2016-08-19 23:15:00,102,35.0,19.0,37.0,37.0,26.833334,24.333334,28.43039,25.618885
2016-08-19 22:25:00,2016-08-19 23:20:00,9,498.0,407.0,539.0,539.0,537.0,430.66666,524.7688,419.83194
2016-08-19 22:25:00,2016-08-19 23:20:00,13,214.0,189.0,259.0,259.0,297.16666,212.16667,283.369,200.46538
2016-08-19 22:25:00,2016-08-19 23:20:00,102,24.0,19.0,35.0,35.0,33.0,25.333334,32.806526,25.057682
2016-08-19 22:30:00,2016-08-19 23:25:00,9,566.0,376.0,498.0,498.0,534.8333,425.0,515.54474,409.20087
2016-08-19 22:30:00,2016-08-19 23:25:00,13,211.0,183.0,214.0,214.0,281.5,216.5,254.34659,195.34326
2016-08-19 22:30:00,2016-08-19 23:25:00,102,34.0,32.0,24.0,24.0,31.666666,26.833334,29.850052,25.416225
2016-08-19 22:35:00,2016-08-19 23:30:00,9,516.0,360.0,566.0,566.0,514.5,400.33334,517.2606,401.17212
2016-08-19 22:35:00,2016-08-19 23:30:00,13,245.0,175.0,211.0,211.0,282.16666,208.5,243.51454,178.79329
2016-08-19 22:35:00,2016-08-19 23:30:00,102,23.0,26.0,34.0,34.0,30.666666,24.333334,31.031063,24.63348
2016-08-19 22:40:00,2016-08-19 23:35:00,9,522.0,347.0,516.0,516.0,533.3333,389.83334,523.1072,380.03632
2016-08-19 22:40:00,2016-08-19 23:35:00,13,239.0,169.0,245.0,245.0,273.33334,198.66667,244.76617,176.43323
2016-08-19 22:40:00,2016-08-19 23:35:00,102,19.0,25.0,23.0,23.0,26.833334,25.0,25.86427,24.36359
2016-08-19 22:45:00,2016-08-19 23:40:00,9,482.0,334.0,522.0,522.0,513.6667,385.16666,514.8669,384.68777
2016-08-19 22:45:00,2016-08-19 23:40:00,13,208.0,178.0,239.0,239.0,263.0,200.5,242.08687,183.85933
2016-08-19 22:45:00,2016-08-19 23:40:00,102,31.0,16.0,19.0,19.0,28.166666,23.666666,23.690262,20.212013
2016-08-19 22:50:00,2016-08-19 23:45:00,9,486.0,336.0,482.0,482.0,504.0,380.83334,497.884,375.89413
2016-08-19 22:50:00,2016-08-19 23:45:00,13,214.0,164.0,208.0,208.0,260.0,202.83333,231.54642,180.56303
2016-08-19 22:50:00,2016-08-19 23:45:00,102,26.0,18.0,31.0,31.0,29.833334,22.333334,26.852497,19.976913
2016-08-19 22:55:00,2016-08-19 23:50:00,9,511.0,348.0,486.0,486.0,516.6667,375.33334,503.59677,364.4858
2016-08-19 22:55:00,2016-08-19 23:50:00,13,237.0,162.0,214.0,214.0,252.16667,191.16667,225.24217,170.20142
2016-08-19 22:55:00,2016-08-19 23:50:00,102,24.0,20.0,26.0,26.0,29.5,20.5,25.90836,17.503403
2016-08-19 23:00:00,2016-08-19 23:55:00,9,444.0,327.0,511.0,511.0,491.83334,365.5,500.4782,372.30853
2016-08-19 23:00:00,2016-08-19 23:55:00,13,213.0,165.0,237.0,237.0,238.33333,178.16667,222.86801,165.65198
2016-08-19 23:00:00,2016-08-19 23:55:00,102,21.0,21.0,24.0,24.0,29.333334,20.833334,25.86108,17.863853
2016-08-19 23:05:00,2016-08-20 00:00:00,9,405.0,338.0,444.0,444.0,457.0,343.83334,465.66287,351.97662
2016-08-19 23:05:00,2016-08-20 00:00:00,13,207.0,137.0,213.0,213.0,240.83333,166.83333,221.25735,150.52312
2016-08-19 23:05:00,2016-08-20 00:00:00,102,18.0,11.0,21.0,21.0,26.0,20.833334,22.620754,18.2402
2016-08-19 23:10:00,2016-08-20 00:05:00,9,355.0,290.0,405.0,405.0,446.16666,336.5,439.04425,332.54572
2016-08-19 23:10:00,2016-08-20 00:05:00,13,206.0,127.0,207.0,207.0,231.66667,173.66667,214.0787,159.05498
2016-08-19 23:10:00,2016-08-20 00:05:00,102,30.0,16.0,18.0,18.0,27.5,21.666666,22.900745,17.96759
2016-08-19 23:15:00,2016-08-20 00:10:00,9,435.0,282.0,355.0,355.0,443.5,331.33334,410.1111,307.92175
2016-08-19 23:15:00,2016-08-20 00:10:00,13,195.0,130.0,206.0,206.0,223.66667,158.0,207.08597,144.4017
2016-08-19 23:15:00,2016-08-20 00:10:00,102,19.0,13.0,30.0,30.0,24.333334,16.5,22.667038,14.965416
2016-08-19 23:20:00,2016-08-20 00:15:00,9,407.0,270.0,435.0,435.0,430.66666,317.83334,414.9354,307.06042
2016-08-19 23:20:00,2016-08-20 00:15:00,13,189.0,131.0,195.0,195.0,212.16667,165.83333,199.21161,155.12326
2016-08-19 23:20:00,2016-08-20 00:15:00,102,19.0,14.0,19.0,19.0,25.333334,18.0,21.335052,14.702248
2016-08-19 23:25:00,2016-08-20 00:20:00,9,376.0,268.0,407.0,407.0,425.0,303.16666,412.42538,294.07214
2016-08-19 23:25:00,2016-08-20 00:20:00,13,183.0,124.0,189.0,189.0,216.5,155.0,199.54646,141.34262
2016-08-19 23:25:00,2016-08-20 00:20:00,102,32.0,14.0,19.0,19.0,26.833334,14.666667,21.628479,10.280121
2016-08-19 23:30:00,2016-08-20 00:25:00,9,360.0,272.0,376.0,376.0,400.33334,287.16666,384.63077,275.60275
2016-08-19 23:30:00,2016-08-20 00:25:00,13,175.0,134.0,183.0,183.0,208.5,140.83333,190.63394,126.458435
2016-08-19 23:30:00,2016-08-20 00:25:00,102,26.0,15.0,32.0,32.0,24.333334,19.5,24.164856,19.114918
2016-08-19 23:35:00,2016-08-20 00:30:00,9,347.0,252.0,360.0,360.0,389.83334,288.5,370.9971,274.66855
2016-08-19 23:35:00,2016-08-20 00:30:00,13,169.0,143.0,175.0,175.0,198.66667,144.0,180.04112,128.92172
2016-08-19 23:35:00,2016-08-20 00:30:00,102,25.0,18.0,26.0,26.0,25.0,16.0,25.202389,15.851784
2016-08-19 23:40:00,2016-08-20 00:35:00,9,334.0,244.0,347.0,347.0,385.16666,255.5,356.97028,233.97125
2016-08-19 23:40:00,2016-08-20 00:35:00,13,178.0,119.0,169.0,169.0,200.5,136.66667,176.8555,117.72989
2016-08-19 23:40:00,2016-08-20 00:35:00,102,16.0,7.0,25.0,25.0,23.666666,15.666667,24.496284,15.9910965
2016-08-19 23:45:00,2016-08-20 00:40:00,9,336.0,222.0,334.0,334.0,380.83334,270.16666,351.23706,247.02466
2016-08-19 23:45:00,2016-08-20 00:40:00,13,164.0,117.0,178.0,178.0,202.83333,143.83333,183.79309,128.36925
2016-08-19 23:45:00,2016-08-20 00:40:00,102,18.0,19.0,16.0,16.0,22.333334,17.0,20.72691,15.749737
2016-08-19 23:50:00,2016-08-20 00:45:00,9,348.0,247.0,336.0,336.0,375.33334,272.83334,346.7135,250.50223
2016-08-19 23:50:00,2016-08-20 00:45:00,13,162.0,101.0,164.0,164.0,191.16667,131.16667,174.1897,117.39299
2016-08-19 23:50:00,2016-08-20 00:45:00,102,20.0,15.0,18.0,18.0,20.5,17.166666,19.190533,16.110256
2016-08-19 23:55:00,2016-08-20 00:50:00,9,327.0,192.0,348.0,348.0,365.5,240.66667,341.67203,221.53038
2016-08-19 23:55:00,2016-08-20 00:50:00,13,165.0,106.0,162.0,162.0,178.16667,128.83333,164.84966,118.05386
2016-08-19 23:55:00,2016-08-20 00:50:00,102,21.0,15.0,20.0,20.0,20.833334,16.333334,19.588234,15.361122
2016-08-20 00:00:00,2016-08-20 00:55:00,9,338.0,176.0,327.0,327.0,343.83334,234.16667,327.91058,221.21729
2016-08-20 00:00:00,2016-08-20 00:55:00,13,137.0,97.0,165.0,165.0,166.83333,128.33333,159.28745,122.14851
2016-08-20 00:00:00,2016-08-20 00:55:00,102,11.0,16.0,21.0,21.0,20.833334,18.0,20.169235,17.466656
2016-08-20 00:05:00,2016-08-20 01:00:00,9,290.0,179.0,338.0,338.0,336.5,227.5,328.89838,221.2376
2016-08-20 00:05:00,2016-08-20 01:00:00,13,127.0,91.0,137.0,137.0,173.66667,115.0,155.55443,100.515335
2016-08-20 00:05:00,2016-08-20 01:00:00,102,16.0,13.0,11.0,11.0,21.666666,14.666667,18.052864,11.851589
2016-08-20 00:10:00,2016-08-20 01:05:00,9,282.0,188.0,290.0,290.0,331.33334,219.0,317.00513,207.6599
2016-08-20 00:10:00,2016-08-20 01:05:00,13,130.0,113.0,127.0,127.0,158.0,122.0,139.51476,107.55197
2016-08-20 00:10:00,2016-08-20 01:05:00,102,13.0,14.0,16.0,16.0,16.5,14.5,14.612751,13.144108
2016-08-20 00:15:00,2016-08-20 01:10:00,9,270.0,218.0,282.0,282.0,317.83334,194.83333,296.91217,178.47046
2016-08-20 00:15:00,2016-08-20 01:10:00,13,131.0,88.0,130.0,130.0,165.83333,126.0,143.41052,108.51955
2016-08-20 00:15:00,2016-08-20 01:10:00,102,14.0,14.0,13.0,13.0,18.0,12.333333,15.117283,10.142685
2016-08-20 00:20:00,2016-08-20 01:15:00,9,268.0,201.0,270.0,270.0,303.16666,193.66667,282.8377,178.08405
2016-08-20 00:20:00,2016-08-20 01:15:00,13,124.0,76.0,131.0,131.0,155.0,115.5,137.43327,101.65106
2016-08-20 00:20:00,2016-08-20 01:15:00,102,14.0,12.0,14.0,14.0,14.666667,14.5,12.804104,12.977074
2016-08-20 00:25:00,2016-08-20 01:20:00,9,272.0,209.0,268.0,268.0,287.16666,186.33333,271.06583,173.90646
2016-08-20 00:25:00,2016-08-20 01:20:00,13,134.0,98.0,124.0,124.0,140.83333,116.0,126.47423,104.73015
2016-08-20 00:25:00,2016-08-20 01:20:00,102,15.0,12.0,14.0,14.0,19.5,12.0,14.909828,8.294636
2016-08-20 00:30:00,2016-08-20 01:25:00,9,252.0,190.0,272.0,272.0,288.5,183.5,275.84485,173.61691
2016-08-20 00:30:00,2016-08-20 01:25:00,13,143.0,88.0,134.0,134.0,144.0,110.666664,130.22482,99.54564
2016-08-20 00:30:00,2016-08-20 01:25:00,102,18.0,15.0,15.0,15.0,16.0,13.166667,13.493252,11.034523
2016-08-20 00:35:00,2016-08-20 01:30:00,9,244.0,180.0,252.0,252.0,255.5,170.66667,247.75844,164.97784
2016-08-20 00:35:00,2016-08-20 01:30:00,13,119.0,73.0,143.0,143.0,136.66667,118.5,131.45537,113.74205
2016-08-20 00:35:00,2016-08-20 01:30:00,102,7.0,11.0,18.0,18.0,15.666667,14.833333,14.612221,13.795383
2016-08-20 00:40:00,2016-08-20 01:35:00,9,222.0,173.0,244.0,244.0,270.16666,166.5,250.33629,150.71463
2016-08-20 00:40:00,2016-08-20 01:35:00,13,117.0,72.0,119.0,119.0,143.83333,116.833336,132.04231,107.06709
2016-08-20 00:40:00,2016-08-20 01:35:00,102,19.0,10.0,7.0,7.0,17.0,10.333333,12.238537,6.477516
2016-08-20 00:45:00,2016-08-20 01:40:00,9,247.0,156.0,222.0,222.0,272.83334,154.16667,246.63918,133.63132
2016-08-20 00:45:00,2016-08-20 01:40:00,13,101.0,93.0,117.0,117.0,131.16667,103.833336,120.531845,95.15524
2016-08-20 00:45:00,2016-08-20 01:40:00,102,15.0,11.0,19.0,19.0,17.166666,11.5,14.741806,9.313301
2016-08-20 00:50:00,2016-08-20 01:45:00,9,192.0,152.0,247.0,247.0,240.66667,143.5,232.77982,137.1954
2016-08-20 00:50:00,2016-08-20 01:45:00,13,106.0,89.0,101.0,101.0,128.83333,112.166664,113.63481,100.06848
2016-08-20 00:50:00,2016-08-20 01:45:00,102,15.0,8.0,15.0,15.0,16.333334,11.833333,14.198868,9.906605
2016-08-20 00:55:00,2016-08-20 01:50:00,9,176.0,167.0,192.0,192.0,234.16667,164.83333,218.9644,153.19153
2016-08-20 00:55:00,2016-08-20 01:50:00,13,97.0,96.0,106.0,106.0,128.33333,96.666664,111.65303,83.26924
2016-08-20 00:55:00,2016-08-20 01:50:00,102,16.0,14.0,15.0,15.0,18.0,12.5,15.958504,10.609776
2016-08-20 01:00:00,2016-08-20 01:55:00,9,179.0,132.0,176.0,176.0,227.5,135.16667,200.09763,114.322296
2016-08-20 01:00:00,2016-08-20 01:55:00,13,91.0,97.0,97.0,97.0,115.0,106.166664,101.4677,95.47737
2016-08-20 01:00:00,2016-08-20 01:55:00,102,13.0,7.0,16.0,16.0,14.666667,12.833333,14.903439,12.880512
2016-08-20 01:05:00,2016-08-20 02:00:00,9,188.0,142.0,179.0,179.0,219.0,149.66667,195.96402,132.47614
2016-08-20 01:05:00,2016-08-20 02:00:00,13,113.0,97.0,91.0,91.0,122.0,107.833336,101.16385,91.24515
2016-08-20 01:05:00,2016-08-20 02:00:00,102,14.0,9.0,13.0,13.0,14.5,10.166667,13.687153,9.402031
2016-08-20 01:10:00,2016-08-20 02:05:00,9,218.0,146.0,188.0,188.0,194.83333,150.66667,184.46298,143.22537
2016-08-20 01:10:00,2016-08-20 02:05:00,13,88.0,73.0,113.0,113.0,126.0,104.5,108.78647,90.35472
2016-08-20 01:10:00,2016-08-20 02:05:00,102,14.0,9.0,14.0,14.0,12.333333,10.0,12.424095,9.91658
2016-08-20 01:15:00,2016-08-20 02:10:00,9,201.0,168.0,218.0,218.0,193.66667,146.5,194.86633,147.35599
2016-08-20 01:15:00,2016-08-20 02:10:00,13,76.0,88.0,88.0,88.0,115.5,110.333336,98.78151,96.901245
2016-08-20 01:15:00,2016-08-20 02:10:00,102,12.0,9.0,14.0,14.0,14.5,10.666667,14.01717,10.203045
2016-08-20 01:20:00,2016-08-20 02:15:00,9,209.0,159.0,201.0,201.0,186.33333,150.66667,192.07278,155.10748
2016-08-20 01:20:00,2016-08-20 02:15:00,13,98.0,87.0,76.0,76.0,116.0,111.833336,93.40314,93.80995
2016-08-20 01:20:00,2016-08-20 02:15:00,102,12.0,12.0,12.0,12.0,12.0,10.333333,11.842674,10.1096
2016-08-20 01:25:00,2016-08-20 02:20:00,9,190.0,151.0,209.0,209.0,183.5,143.0,194.32584,151.02948
2016-08-20 01:25:00,2016-08-20 02:20:00,13,88.0,87.0,98.0,98.0,110.666664,107.833336,91.698654,92.51543
2016-08-20 01:25:00,2016-08-20 02:20:00,102,15.0,11.0,12.0,12.0,13.166667,11.5,11.9824295,10.46645
2016-08-20 01:30:00,2016-08-20 02:25:00,9,180.0,127.0,190.0,190.0,170.66667,129.0,183.99857,139.41513
2016-08-20 01:30:00,2016-08-20 02:25:00,13,73.0,87.0,88.0,88.0,118.5,117.0,96.24904,98.79253
2016-08-20 01:30:00,2016-08-20 02:25:00,102,11.0,16.0,15.0,15.0,14.833333,10.166667,14.005817,9.438282
2016-08-20 01:35:00,2016-08-20 02:30:00,9,173.0,139.0,180.0,180.0,166.5,135.83333,180.61096,147.04651
2016-08-20 01:35:00,2016-08-20 02:30:00,13,72.0,86.0,73.0,73.0,116.833336,119.5,93.061844,100.2655
2016-08-20 01:35:00,2016-08-20 02:30:00,102,10.0,8.0,11.0,11.0,10.333333,12.333333,11.278107,13.017529
2016-08-20 01:40:00,2016-08-20 02:35:00,9,156.0,140.0,173.0,173.0,154.16667,134.16667,170.67014,147.48438
2016-08-20 01:40:00,2016-08-20 02:35:00,13,93.0,86.0,72.0,72.0,103.833336,106.833336,79.616974,87.68005
2016-08-20 01:40:00,2016-08-20 02:35:00,102,11.0,14.0,10.0,10.0,11.5,12.333333,10.630932,11.645271
2016-08-20 01:45:00,2016-08-20 02:40:00,9,152.0,125.0,156.0,156.0,143.5,119.166664,150.83105,125.590485
2016-08-20 01:45:00,2016-08-20 02:40:00,13,89.0,80.0,93.0,93.0,112.166664,111.333336,91.83043,94.48509
2016-08-20 01:45:00,2016-08-20 02:40:00,102,8.0,11.0,11.0,11.0,11.833333,11.5,10.550068,10.472748
2016-08-20 01:50:00,2016-08-20 02:45:00,9,167.0,109.0,152.0,152.0,164.83333,115.0,161.43588,112.63147
2016-08-20 01:50:00,2016-08-20 02:45:00,13,96.0,89.0,89.0,89.0,96.666664,107.666664,83.256424,96.213425
2016-08-20 01:50:00,2016-08-20 02:45:00,102,14.0,9.0,8.0,8.0,12.5,9.166667,9.616203,6.8238754
2016-08-20 01:55:00,2016-08-20 02:50:00,9,132.0,128.0,167.0,167.0,135.16667,123.166664,146.7659,132.80823
2016-08-20 01:55:00,2016-08-20 02:50:00,13,97.0,82.0,96.0,96.0,106.166664,109.333336,91.60594,96.72093
2016-08-20 01:55:00,2016-08-20 02:50:00,102,7.0,4.0,14.0,14.0,12.833333,11.333333,11.838863,10.419441
2016-08-20 02:00:00,2016-08-20 02:55:00,9,142.0,115.0,132.0,132.0,149.66667,111.333336,143.3457,106.72272
2016-08-20 02:00:00,2016-08-20 02:55:00,13,97.0,92.0,97.0,97.0,107.833336,100.166664,93.2487,87.255646
2016-08-20 02:00:00,2016-08-20 02:55:00,102,9.0,10.0,7.0,7.0,10.166667,9.333333,8.864857,8.277184
2016-08-20 02:05:00,2016-08-20 03:00:00,9,146.0,130.0,142.0,142.0,150.66667,122.166664,142.63666,115.93387
2016-08-20 02:05:00,2016-08-20 03:00:00,13,73.0,76.0,97.0,97.0,104.5,99.833336,90.65225,87.36961
2016-08-20 02:05:00,2016-08-20 03:00:00,102,9.0,3.0,9.0,9.0,10.0,9.333333,8.364727,7.932205
2016-08-20 02:10:00,2016-08-20 03:05:00,9,168.0,105.0,146.0,146.0,146.5,95.166664,135.2352,86.20828
2016-08-20 02:10:00,2016-08-20 03:05:00,13,88.0,89.0,73.0,73.0,110.333336,100.666664,88.374084,82.1991
2016-08-20 02:10:00,2016-08-20 03:05:00,102,9.0,10.0,9.0,9.0,10.666667,9.166667,8.520145,7.3907776
2016-08-20 02:15:00,2016-08-20 03:10:00,9,159.0,109.0,168.0,168.0,150.66667,108.833336,149.1666,106.523865
2016-08-20 02:15:00,2016-08-20 03:10:00,13,87.0,109.0,88.0,88.0,111.833336,113.333336,92.59117,97.051636
2016-08-20 02:15:00,2016-08-20 03:10:00,102,12.0,7.0,9.0,9.0,10.333333,8.5,8.188278,6.646122
2016-08-20 02:20:00,2016-08-20 03:15:00,9,151.0,98.0,159.0,159.0,143.0,91.0,146.87973,93.08475
2016-08-20 02:20:00,2016-08-20 03:15:00,13,87.0,94.0,87.0,87.0,107.833336,119.666664,89.09671,103.944534
2016-08-20 02:20:00,2016-08-20 03:15:00,102,11.0,9.0,12.0,12.0,11.5,12.833333,10.490597,11.830376
2016-08-20 02:25:00,2016-08-20 03:20:00,9,127.0,98.0,151.0,151.0,129.0,100.666664,138.47299,107.28317
2016-08-20 02:25:00,2016-08-20 03:20:00,13,87.0,113.0,87.0,87.0,117.0,121.166664,94.24896,102.19153
2016-08-20 02:25:00,2016-08-20 03:20:00,102,16.0,10.0,11.0,11.0,10.166667,9.5,9.041225,8.447323
2016-08-20 02:30:00,2016-08-20 03:25:00,9,139.0,100.0,127.0,127.0,135.83333,98.0,135.09583,96.88373
2016-08-20 02:30:00,2016-08-20 03:25:00,13,86.0,120.0,87.0,87.0,119.5,127.666664,98.60509,110.46925
2016-08-20 02:30:00,2016-08-20 03:25:00,102,8.0,10.0,16.0,16.0,12.333333,10.666667,12.187012,10.229263
2016-08-20 02:35:00,2016-08-20 03:30:00,9,140.0,95.0,139.0,139.0,134.16667,95.0,135.89261,96.01395
2016-08-20 02:35:00,2016-08-20 03:30:00,13,86.0,127.0,86.0,86.0,106.833336,136.66667,92.37897,124.78752
2016-08-20 02:35:00,2016-08-20 03:30:00,102,14.0,14.0,8.0,8.0,12.333333,12.833333,11.227375,11.805149
2016-08-20 02:40:00,2016-08-20 03:35:00,9,125.0,93.0,140.0,140.0,119.166664,91.666664,128.98752,99.18872
2016-08-20 02:40:00,2016-08-20 03:35:00,13,80.0,142.0,86.0,86.0,111.333336,140.16667,95.24466,127.03284
2016-08-20 02:40:00,2016-08-20 03:35:00,102,11.0,18.0,14.0,14.0,11.5,16.333334,12.718227,17.176914
2016-08-20 02:45:00,2016-08-20 03:40:00,9,109.0,86.0,125.0,125.0,115.0,95.666664,121.46628,100.54251
2016-08-20 02:45:00,2016-08-20 03:40:00,13,89.0,119.0,80.0,80.0,107.666664,144.5,91.4462,131.5039
2016-08-20 02:45:00,2016-08-20 03:40:00,102,9.0,10.0,11.0,11.0,9.166667,13.666667,10.517189,14.698662
2016-08-20 02:50:00,2016-08-20 03:45:00,9,128.0,84.0,109.0,109.0,123.166664,90.166664,118.79126,86.88858
2016-08-20 02:50:00,2016-08-20 03:45:00,13,82.0,111.0,89.0,89.0,109.333336,144.16667,94.41904,132.03276
2016-08-20 02:50:00,2016-08-20 03:45:00,102,4.0,8.0,9.0,9.0,11.333333,12.333333,10.497349,11.610504
2016-08-20 02:55:00,2016-08-20 03:50:00,9,115.0,78.0,128.0,128.0,111.333336,83.333336,113.94031,85.41876
2016-08-20 02:55:00,2016-08-20 03:50:00,13,92.0,149.0,82.0,82.0,100.166664,155.16667,88.94075,146.11478
2016-08-20 02:55:00,2016-08-20 03:50:00,102,10.0,7.0,4.0,4.0,9.333333,13.0,7.682419,11.773529
2016-08-20 03:00:00,2016-08-20 03:55:00,9,130.0,87.0,115.0,115.0,122.166664,92.833336,121.9285,92.538605
2016-08-20 03:00:00,2016-08-20 03:55:00,13,76.0,110.0,92.0,92.0,99.833336,140.83333,88.263596,131.33447
2016-08-20 03:00:00,2016-08-20 03:55:00,102,3.0,14.0,10.0,10.0,9.333333,13.833333,8.598907,13.295849
2016-08-20 03:05:00,2016-08-20 04:00:00,9,105.0,76.0,130.0,130.0,95.166664,81.666664,107.808014,91.4574
2016-08-20 03:05:00,2016-08-20 04:00:00,13,89.0,117.0,76.0,76.0,100.666664,140.83333,82.29027,125.80542
2016-08-20 03:05:00,2016-08-20 04:00:00,102,10.0,13.0,3.0,3.0,9.166667,16.0,6.932972,14.317909
2016-08-20 03:10:00,2016-08-20 04:05:00,9,109.0,79.0,105.0,105.0,108.833336,91.833336,111.27707,93.73813
2016-08-20 03:10:00,2016-08-20 04:05:00,13,109.0,129.0,89.0,89.0,113.333336,151.5,90.436264,132.4931
2016-08-20 03:10:00,2016-08-20 04:05:00,102,7.0,9.0,10.0,10.0,8.5,14.5,6.6836967,13.036503
2016-08-20 03:15:00,2016-08-20 04:10:00,9,98.0,85.0,109.0,109.0,91.0,90.666664,98.5639,96.61801
2016-08-20 03:15:00,2016-08-20 04:10:00,13,94.0,154.0,109.0,109.0,119.666664,151.5,100.637634,135.19804
2016-08-20 03:15:00,2016-08-20 04:10:00,102,9.0,14.0,7.0,7.0,12.833333,14.333333,8.750179,11.036724
2016-08-20 03:20:00,2016-08-20 04:15:00,9,98.0,89.0,98.0,98.0,100.666664,97.333336,100.7547,97.60458
2016-08-20 03:20:00,2016-08-20 04:15:00,13,113.0,156.0,94.0,94.0,121.166664,174.83333,101.81607,158.32472
2016-08-20 03:20:00,2016-08-20 04:15:00,102,10.0,19.0,9.0,9.0,9.5,17.666666,7.713928,16.102692
2016-08-20 03:25:00,2016-08-20 04:20:00,9,100.0,99.0,98.0,98.0,98.0,101.833336,99.004944,102.80603
2016-08-20 03:25:00,2016-08-20 04:20:00,13,120.0,150.0,113.0,113.0,127.666664,164.83333,107.06523,147.11913
2016-08-20 03:25:00,2016-08-20 04:20:00,102,10.0,23.0,10.0,10.0,10.666667,16.333334,8.168468,14.224766
2016-08-20 03:30:00,2016-08-20 04:25:00,9,95.0,125.0,100.0,100.0,95.0,115.166664,97.7641,117.55957
2016-08-20 03:30:00,2016-08-20 04:25:00,13,127.0,192.0,120.0,120.0,136.66667,181.33333,117.767654,164.8978
2016-08-20 03:30:00,2016-08-20 04:25:00,102,14.0,12.0,10.0,10.0,12.833333,19.166666,9.708046,16.461304
2016-08-20 03:35:00,2016-08-20 04:30:00,9,93.0,128.0,95.0,95.0,91.666664,122.5,94.17453,124.887726
2016-08-20 03:35:00,2016-08-20 04:30:00,13,142.0,164.0,127.0,127.0,140.16667,191.16667,126.212814,178.5215
2016-08-20 03:35:00,2016-08-20 04:30:00,102,18.0,18.0,14.0,14.0,16.333334,19.5,13.267204,16.755932
2016-08-20 03:40:00,2016-08-20 04:35:00,9,86.0,126.0,93.0,93.0,95.666664,127.0,96.261475,127.89206
2016-08-20 03:40:00,2016-08-20 04:35:00,13,119.0,196.0,142.0,142.0,144.5,194.33333,136.28366,186.29582
2016-08-20 03:40:00,2016-08-20 04:35:00,102,10.0,16.0,18.0,18.0,13.666667,18.333334,14.007187,18.289097
2016-08-20 03:45:00,2016-08-20 04:40:00,9,84.0,122.0,86.0,86.0,90.166664,126.0,90.69333,126.95407
2016-08-20 03:45:00,2016-08-20 04:40:00,13,111.0,177.0,119.0,119.0,144.16667,195.66667,130.94878,184.14575
2016-08-20 03:45:00,2016-08-20 04:40:00,102,8.0,23.0,10.0,10.0,12.333333,19.833334,12.058811,19.406868
2016-08-20 03:50:00,2016-08-20 04:45:00,9,78.0,138.0,84.0,84.0,83.333336,138.33333,83.90207,139.35934
2016-08-20 03:50:00,2016-08-20 04:45:00,13,149.0,185.0,111.0,111.0,155.16667,206.33333,135.62695,190.0885
2016-08-20 03:50:00,2016-08-20 04:45:00,102,7.0,21.0,8.0,8.0,13.0,24.0,11.450428,22.684902
2016-08-20 03:55:00,2016-08-20 04:50:00,9,87.0,131.0,78.0,78.0,92.833336,129.16667,85.90744,124.061584
2016-08-20 03:55:00,2016-08-20 04:50:00,13,110.0,191.0,149.0,149.0,140.83333,194.33333,135.19948,189.27203
2016-08-20 03:55:00,2016-08-20 04:50:00,102,14.0,20.0,7.0,7.0,13.833333,22.0,9.967911,18.989838
2016-08-20 04:00:00,2016-08-20 04:55:00,9,76.0,128.0,87.0,87.0,81.666664,132.0,77.9783,129.2619
2016-08-20 04:00:00,2016-08-20 04:55:00,13,117.0,149.0,110.0,110.0,140.83333,192.16667,125.744446,179.6684
2016-08-20 04:00:00,2016-08-20 04:55:00,102,13.0,38.0,14.0,14.0,16.0,23.333334,13.170212,20.952782
2016-08-20 04:05:00,2016-08-20 05:00:00,9,79.0,123.0,76.0,76.0,91.833336,119.333336,78.62149,108.64038
2016-08-20 04:05:00,2016-08-20 05:00:00,13,129.0,169.0,117.0,117.0,151.5,178.66667,125.60591,157.25972
2016-08-20 04:05:00,2016-08-20 05:00:00,102,9.0,32.0,13.0,13.0,14.5,22.166666,12.254845,20.265656
2016-08-20 04:10:00,2016-08-20 05:05:00,9,85.0,131.0,79.0,79.0,90.666664,140.83333,77.89728,130.31735
2016-08-20 04:10:00,2016-08-20 05:05:00,13,154.0,187.0,129.0,129.0,151.5,192.33333,124.996155,170.58687
2016-08-20 04:10:00,2016-08-20 05:05:00,102,14.0,23.0,9.0,9.0,14.333333,24.5,10.973278,21.739372
2016-08-20 04:15:00,2016-08-20 05:10:00,9,89.0,140.0,85.0,85.0,97.333336,151.16667,83.29358,139.55212
2016-08-20 04:15:00,2016-08-20 05:10:00,13,156.0,199.0,154.0,154.0,174.83333,209.16667,151.24812,188.7379
2016-08-20 04:15:00,2016-08-20 05:10:00,102,19.0,23.0,14.0,14.0,17.666666,21.166666,13.370167,17.58139
2016-08-20 04:20:00,2016-08-20 05:15:00,9,99.0,169.0,89.0,89.0,101.833336,164.33333,85.78461,150.84174
2016-08-20 04:20:00,2016-08-20 05:15:00,13,150.0,235.0,156.0,156.0,164.83333,232.5,150.37206,219.5571
2016-08-20 04:20:00,2016-08-20 05:15:00,102,23.0,30.0,19.0,19.0,16.333334,26.833334,14.9782295,25.486168
2016-08-20 04:25:00,2016-08-20 05:20:00,9,125.0,165.0,99.0,99.0,115.166664,179.5,96.54996,163.71686
2016-08-20 04:25:00,2016-08-20 05:20:00,13,192.0,235.0,150.0,150.0,181.33333,241.0,158.01944,221.2763
2016-08-20 04:25:00,2016-08-20 05:20:00,102,12.0,24.0,23.0,23.0,19.166666,29.0,19.349445,28.741375
2016-08-20 04:30:00,2016-08-20 05:25:00,9,128.0,170.0,125.0,125.0,122.5,185.83333,110.5155,174.94028
2016-08-20 04:30:00,2016-08-20 05:25:00,13,164.0,249.0,192.0,192.0,191.16667,249.5,176.66966,236.13004
2016-08-20 04:30:00,2016-08-20 05:25:00,102,18.0,31.0,12.0,12.0,19.5,29.5,17.110153,27.400726
2016-08-20 04:35:00,2016-08-20 05:30:00,9,126.0,161.0,128.0,128.0,127.0,186.83333,119.78345,179.47964
2016-08-20 04:35:00,2016-08-20 05:30:00,13,196.0,265.0,164.0,164.0,194.33333,270.33334,179.58011,257.46173
2016-08-20 04:35:00,2016-08-20 05:30:00,102,16.0,25.0,18.0,18.0,18.333334,30.666666,16.59235,29.118912
2016-08-20 04:40:00,2016-08-20 05:35:00,9,122.0,185.0,126.0,126.0,126.0,207.5,123.45529,204.05756
2016-08-20 04:40:00,2016-08-20 05:35:00,13,177.0,246.0,196.0,196.0,195.66667,259.33334,188.65645,252.46109
2016-08-20 04:40:00,2016-08-20 05:35:00,102,23.0,32.0,16.0,16.0,19.833334,29.666666,16.673965,27.020481
2016-08-20 04:45:00,2016-08-20 05:40:00,9,138.0,207.0,122.0,122.0,138.33333,220.83333,133.4649,216.0644
2016-08-20 04:45:00,2016-08-20 05:40:00,13,185.0,257.0,177.0,177.0,206.33333,275.16666,196.5574,266.56314
2016-08-20 04:45:00,2016-08-20 05:40:00,102,21.0,30.0,23.0,23.0,24.0,30.0,21.592312,27.78954
2016-08-20 04:50:00,2016-08-20 05:45:00,9,131.0,219.0,138.0,138.0,129.16667,220.66667,132.995,222.92836
2016-08-20 04:50:00,2016-08-20 05:45:00,13,191.0,244.0,185.0,185.0,194.33333,277.66666,191.61086,274.979
2016-08-20 04:50:00,2016-08-20 05:45:00,102,20.0,24.0,21.0,21.0,22.0,31.166666,20.885986,30.056698
2016-08-20 04:55:00,2016-08-20 05:50:00,9,128.0,236.0,131.0,131.0,132.0,243.66667,137.33752,247.49841
2016-08-20 04:55:00,2016-08-20 05:50:00,13,149.0,248.0,191.0,191.0,192.16667,276.16666,195.14491,278.38196
2016-08-20 04:55:00,2016-08-20 05:50:00,102,38.0,32.0,20.0,20.0,23.333334,25.833334,20.48161,23.308594
2016-08-20 05:00:00,2016-08-20 05:55:00,9,123.0,202.0,128.0,128.0,119.333336,222.0,122.15866,224.07104
2016-08-20 05:00:00,2016-08-20 05:55:00,13,169.0,217.0,149.0,149.0,178.66667,256.5,168.78647,249.10669
2016-08-20 05:00:00,2016-08-20 05:55:00,102,32.0,27.0,38.0,38.0,22.166666,29.666666,25.757729,32.029583
2016-08-20 05:05:00,2016-08-20 06:00:00,9,131.0,232.0,123.0,123.0,140.83333,230.16667,128.4578,219.98674
2016-08-20 05:05:00,2016-08-20 06:00:00,13,187.0,263.0,169.0,169.0,192.33333,266.83334,171.24913,249.89597
2016-08-20 05:05:00,2016-08-20 06:00:00,102,23.0,24.0,32.0,32.0,24.5,29.833334,28.936012,32.88586
2016-08-20 05:10:00,2016-08-20 06:05:00,9,140.0,199.0,131.0,131.0,151.16667,234.83333,132.45871,219.38058
2016-08-20 05:10:00,2016-08-20 06:05:00,13,199.0,241.0,187.0,187.0,209.16667,279.0,181.86456,256.85315
2016-08-20 05:10:00,2016-08-20 06:05:00,102,23.0,26.0,23.0,23.0,21.166666,32.333332,24.127922,34.36515
2016-08-20 05:15:00,2016-08-20 06:10:00,9,169.0,250.0,140.0,140.0,164.33333,253.0,141.73114,234.16635
2016-08-20 05:15:00,2016-08-20 06:10:00,13,235.0,247.0,199.0,199.0,232.5,280.33334,199.0304,252.32573
2016-08-20 05:15:00,2016-08-20 06:10:00,102,30.0,30.0,23.0,23.0,26.833334,31.666666,24.935982,30.0303
2016-08-20 05:20:00,2016-08-20 06:15:00,9,165.0,237.0,169.0,169.0,179.5,260.16666,159.07343,242.46396
2016-08-20 05:20:00,2016-08-20 06:15:00,13,235.0,295.0,235.0,235.0,241.0,306.83334,218.45914,286.8555
2016-08-20 05:20:00,2016-08-20 06:15:00,102,24.0,28.0,30.0,30.0,29.0,35.5,27.898987,34.430157
2016-08-20 05:25:00,2016-08-20 06:20:00,9,170.0,249.0,165.0,165.0,185.83333,291.16666,167.22461,274.88647
2016-08-20 05:25:00,2016-08-20 06:20:00,13,249.0,282.0,235.0,235.0,249.5,322.0,227.99094,302.96964
2016-08-20 05:25:00,2016-08-20 06:20:00,102,31.0,33.0,24.0,24.0,29.5,39.833332,28.225021,38.710632
2016-08-20 05:30:00,2016-08-20 06:25:00,9,161.0,334.0,170.0,170.0,186.83333,319.66666,171.05713,305.9135
2016-08-20 05:30:00,2016-08-20 06:25:00,13,265.0,317.0,249.0,249.0,270.33334,333.0,252.25635,316.26706
2016-08-20 05:30:00,2016-08-20 06:25:00,102,25.0,36.0,31.0,31.0,30.666666,37.166668,29.786419,36.43529
2016-08-20 05:35:00,2016-08-20 06:30:00,9,185.0,272.0,161.0,161.0,207.5,334.16666,180.12866,311.71545
2016-08-20 05:35:00,2016-08-20 06:30:00,13,246.0,279.0,265.0,265.0,259.33334,334.33334,252.79541,327.30606
2016-08-20 05:35:00,2016-08-20 06:30:00,102,32.0,40.0,25.0,25.0,29.666666,39.5,28.16745,38.3238
2016-08-20 05:40:00,2016-08-20 06:35:00,9,207.0,353.0,185.0,185.0,220.83333,349.5,194.65936,327.76154
2016-08-20 05:40:00,2016-08-20 06:35:00,13,257.0,352.0,246.0,246.0,275.16666,363.66666,264.87112,353.9407
2016-08-20 05:40:00,2016-08-20 06:35:00,102,30.0,47.0,32.0,32.0,30.0,44.166668,30.489494,44.50753
2016-08-20 05:45:00,2016-08-20 06:40:00,9,219.0,298.0,207.0,207.0,220.66667,367.5,203.08899,352.49362
2016-08-20 05:45:00,2016-08-20 06:40:00,13,244.0,325.0,257.0,257.0,277.66666,366.66666,270.59326,360.07678
2016-08-20 05:45:00,2016-08-20 06:40:00,102,24.0,43.0,30.0,30.0,31.166666,43.666668,32.23093,44.62033
2016-08-20 05:50:00,2016-08-20 06:45:00,9,236.0,342.0,219.0,219.0,243.66667,362.83334,227.00597,348.25708
2016-08-20 05:50:00,2016-08-20 06:45:00,13,248.0,327.0,244.0,244.0,276.16666,364.0,267.95514,357.57263
2016-08-20 05:50:00,2016-08-20 06:45:00,102,32.0,48.0,24.0,24.0,25.833334,44.833332,26.789139,45.716553
2016-08-20 05:55:00,2016-08-20 06:50:00,9,202.0,339.0,236.0,236.0,222.0,372.0,224.2355,372.51984
2016-08-20 05:55:00,2016-08-20 06:50:00,13,217.0,308.0,248.0,248.0,256.5,339.0,251.87714,335.31512
2016-08-20 05:55:00,2016-08-20 06:50:00,102,27.0,48.0,32.0,32.0,29.666666,43.833332,28.99871,43.308395
2016-08-20 06:00:00,2016-08-20 06:55:00,9,232.0,322.0,202.0,202.0,230.16667,352.83334,218.06625,342.33023
2016-08-20 06:00:00,2016-08-20 06:55:00,13,263.0,288.0,217.0,217.0,266.83334,334.5,242.24416,315.2892
2016-08-20 06:00:00,2016-08-20 06:55:00,102,24.0,47.0,27.0,27.0,29.833334,43.166668,27.958748,41.723747
2016-08-20 06:05:00,2016-08-20 07:00:00,9,199.0,348.0,232.0,232.0,234.83333,357.33334,222.67761,346.32007
2016-08-20 06:05:00,2016-08-20 07:00:00,13,241.0,314.0,263.0,263.0,279.0,319.16666,253.79437,298.5793
2016-08-20 06:05:00,2016-08-20 07:00:00,102,26.0,29.0,24.0,24.0,32.333332,48.0,28.854424,45.253357
2016-08-20 06:10:00,2016-08-20 07:05:00,9,250.0,347.0,199.0,199.0,253.0,359.83334,221.70464,333.92944
2016-08-20 06:10:00,2016-08-20 07:05:00,13,247.0,329.0,241.0,241.0,280.33334,325.0,246.77444,297.36505
2016-08-20 06:10:00,2016-08-20 07:05:00,102,30.0,39.0,26.0,26.0,31.666666,43.833332,26.674194,39.92887
2016-08-20 06:15:00,2016-08-20 07:10:00,9,237.0,328.0,250.0,250.0,260.16666,360.33334,229.03725,333.49823
2016-08-20 06:15:00,2016-08-20 07:10:00,13,295.0,322.0,247.0,247.0,306.83334,346.5,259.21252,307.17554
2016-08-20 06:15:00,2016-08-20 07:10:00,102,28.0,46.0,30.0,30.0,35.5,40.166668,28.180553,34.168526
2016-08-20 06:20:00,2016-08-20 07:15:00,9,249.0,403.0,237.0,237.0,291.16666,395.5,245.57706,357.1397
2016-08-20 06:20:00,2016-08-20 07:15:00,13,282.0,379.0,295.0,295.0,322.0,358.0,281.14484,323.52948
2016-08-20 06:20:00,2016-08-20 07:15:00,102,33.0,44.0,28.0,28.0,39.833332,46.666668,31.835762,40.006428
2016-08-20 06:25:00,2016-08-20 07:20:00,9,334.0,369.0,249.0,249.0,319.66666,397.66666,262.0572,349.41104
2016-08-20 06:25:00,2016-08-20 07:20:00,13,317.0,331.0,282.0,282.0,333.0,368.66666,290.5841,332.61533
2016-08-20 06:25:00,2016-08-20 07:20:00,102,36.0,56.0,33.0,33.0,37.166668,47.5,31.447666,42.7185
2016-08-20 06:30:00,2016-08-20 07:25:00,9,272.0,346.0,334.0,334.0,334.16666,421.5,298.97662,390.02576
2016-08-20 06:30:00,2016-08-20 07:25:00,13,279.0,370.0,317.0,317.0,334.33334,376.5,300.77515,347.0018
2016-08-20 06:30:00,2016-08-20 07:25:00,102,40.0,57.0,36.0,36.0,39.5,51.166668,34.309128,46.66098
2016-08-20 06:35:00,2016-08-20 07:30:00,9,353.0,369.0,272.0,272.0,349.5,435.0,302.0149,394.3836
2016-08-20 06:35:00,2016-08-20 07:30:00,13,352.0,377.0,279.0,279.0,363.66666,391.33334,314.53348,350.3133
2016-08-20 06:35:00,2016-08-20 07:30:00,102,47.0,48.0,40.0,40.0,44.166668,52.0,38.73676,47.18363
2016-08-20 06:40:00,2016-08-20 07:35:00,9,298.0,348.0,353.0,353.0,367.5,427.16666,334.58353,397.0782
2016-08-20 06:40:00,2016-08-20 07:35:00,13,325.0,392.0,352.0,352.0,366.66666,390.83334,339.412,366.40005
2016-08-20 06:40:00,2016-08-20 07:35:00,102,43.0,61.0,47.0,47.0,43.666668,54.0,42.120995,52.246647
2016-08-20 06:45:00,2016-08-20 07:40:00,9,342.0,409.0,298.0,298.0,362.83334,479.0,332.8046,453.09824
2016-08-20 06:45:00,2016-08-20 07:40:00,13,327.0,417.0,325.0,325.0,364.0,400.0,346.92575,384.53387
2016-08-20 06:45:00,2016-08-20 07:40:00,102,48.0,66.0,43.0,43.0,44.833332,55.333332,44.14846,54.320522
2016-08-20 06:50:00,2016-08-20 07:45:00,9,339.0,402.0,342.0,342.0,372.0,468.83334,351.3469,450.05096
2016-08-20 06:50:00,2016-08-20 07:45:00,13,308.0,402.0,327.0,327.0,339.0,391.66666,335.8795,387.92087
2016-08-20 06:50:00,2016-08-20 07:45:00,102,48.0,64.0,48.0,48.0,43.833332,64.333336,46.474297,66.06639
2016-08-20 06:55:00,2016-08-20 07:50:00,9,322.0,428.0,339.0,339.0,352.83334,471.0,344.92804,463.3787
2016-08-20 06:55:00,2016-08-20 07:50:00,13,288.0,354.0,308.0,308.0,334.5,391.83334,330.5229,388.2945
2016-08-20 06:55:00,2016-08-20 07:50:00,102,47.0,67.0,48.0,48.0,43.166668,62.5,46.501587,64.96388
2016-08-20 07:00:00,2016-08-20 07:55:00,9,348.0,427.0,322.0,322.0,357.33334,474.16666,341.78583,460.96045
2016-08-20 07:00:00,2016-08-20 07:55:00,13,314.0,389.0,288.0,288.0,319.16666,380.16666,307.78812,371.50888
2016-08-20 07:00:00,2016-08-20 07:55:00,102,29.0,59.0,47.0,47.0,48.0,65.0,50.20276,66.59482
2016-08-20 07:05:00,2016-08-20 08:00:00,9,347.0,419.0,348.0,348.0,359.83334,465.66666,347.5204,454.6433
2016-08-20 07:05:00,2016-08-20 08:00:00,13,329.0,366.0,314.0,314.0,325.0,383.66666,310.78247,372.27313
2016-08-20 07:05:00,2016-08-20 08:00:00,102,39.0,60.0,29.0,29.0,43.833332,60.666668,41.803745,59.34033
2016-08-20 07:10:00,2016-08-20 08:05:00,9,328.0,416.0,347.0,347.0,360.33334,484.0,344.92563,471.0654
2016-08-20 07:10:00,2016-08-20 08:05:00,13,322.0,352.0,329.0,329.0,346.5,372.5,323.50378,353.49835
2016-08-20 07:10:00,2016-08-20 08:05:00,102,46.0,62.0,39.0,39.0,40.166668,62.833332,38.67337,61.966347
2016-08-20 07:15:00,2016-08-20 08:10:00,9,403.0,420.0,328.0,328.0,395.5,464.33334,354.89734,430.84384
2016-08-20 07:15:00,2016-08-20 08:10:00,13,379.0,383.0,322.0,322.0,358.0,391.83334,328.63266,367.2968
2016-08-20 07:15:00,2016-08-20 08:10:00,102,44.0,67.0,46.0,46.0,46.666668,67.0,44.71347,65.57249
2016-08-20 07:20:00,2016-08-20 08:15:00,9,369.0,393.0,403.0,403.0,397.66666,485.33334,372.8851,463.40073
2016-08-20 07:20:00,2016-08-20 08:15:00,13,331.0,410.0,379.0,379.0,368.66666,409.83334,353.7991,396.1525
2016-08-20 07:20:00,2016-08-20 08:15:00,102,56.0,62.0,44.0,44.0,47.5,67.5,44.667953,65.23771
2016-08-20 07:25:00,2016-08-20 08:20:00,9,346.0,479.0,369.0,369.0,421.5,474.33334,379.56198,438.9366
2016-08-20 07:25:00,2016-08-20 08:20:00,13,370.0,411.0,331.0,331.0,376.5,415.16666,350.0594,393.0465
2016-08-20 07:25:00,2016-08-20 08:20:00,102,57.0,75.0,56.0,56.0,51.166668,68.166664,49.811127,66.88589
2016-08-20 07:30:00,2016-08-20 08:25:00,9,369.0,458.0,346.0,346.0,435.0,527.3333,387.99,487.88504
2016-08-20 07:30:00,2016-08-20 08:25:00,13,377.0,462.0,370.0,370.0,391.33334,426.66666,370.2855,408.02087
2016-08-20 07:30:00,2016-08-20 08:25:00,102,48.0,77.0,57.0,57.0,52.0,71.333336,52.271587,71.23616
2016-08-20 07:35:00,2016-08-20 08:30:00,9,348.0,495.0,369.0,369.0,427.16666,520.8333,374.97397,478.57797
2016-08-20 07:35:00,2016-08-20 08:30:00,13,392.0,417.0,377.0,377.0,390.83334,436.33334,374.7272,422.35455
2016-08-20 07:35:00,2016-08-20 08:30:00,102,61.0,79.0,48.0,48.0,54.0,74.833336,51.873585,72.872536
2016-08-20 07:40:00,2016-08-20 08:35:00,9,409.0,458.0,348.0,348.0,479.0,533.5,401.17032,470.19107
2016-08-20 07:40:00,2016-08-20 08:35:00,13,417.0,451.0,392.0,392.0,400.0,443.66666,393.0499,436.37805
2016-08-20 07:40:00,2016-08-20 08:35:00,102,66.0,97.0,61.0,61.0,55.333332,79.5,55.216183,79.14674
2016-08-20 07:45:00,2016-08-20 08:40:00,9,402.0,489.0,409.0,409.0,468.83334,554.8333,413.323,508.801
2016-08-20 07:45:00,2016-08-20 08:40:00,13,402.0,473.0,417.0,417.0,391.66666,443.5,401.75635,450.04352
2016-08-20 07:45:00,2016-08-20 08:40:00,102,64.0,71.0,66.0,66.0,64.333336,90.666664,64.6831,90.57585
2016-08-20 07:50:00,2016-08-20 08:45:00,9,428.0,512.0,402.0,402.0,471.0,541.6667,418.5812,498.6166
2016-08-20 07:50:00,2016-08-20 08:45:00,13,354.0,474.0,402.0,402.0,391.83334,430.83334,404.2037,439.75815
2016-08-20 07:50:00,2016-08-20 08:45:00,102,67.0,63.0,64.0,64.0,62.5,77.833336,62.851727,77.69243
2016-08-20 07:55:00,2016-08-20 08:50:00,9,427.0,509.0,428.0,428.0,474.16666,537.0,432.94055,501.68268
2016-08-20 07:55:00,2016-08-20 08:50:00,13,389.0,438.0,354.0,354.0,380.16666,415.5,382.3218,417.0124
2016-08-20 07:55:00,2016-08-20 08:50:00,102,59.0,96.0,67.0,67.0,65.0,92.0,67.725845,93.99847
2016-08-20 08:00:00,2016-08-20 08:55:00,9,419.0,584.0,427.0,427.0,465.66666,527.3333,429.18097,496.1042
2016-08-20 08:00:00,2016-08-20 08:55:00,13,366.0,403.0,389.0,389.0,383.66666,403.83334,385.6733,405.46405
2016-08-20 08:00:00,2016-08-20 08:55:00,102,60.0,87.0,59.0,59.0,60.666668,88.333336,63.710655,90.84449
2016-08-20 08:05:00,2016-08-20 09:00:00,9,416.0,454.0,419.0,419.0,484.0,534.1667,443.67603,499.9724
2016-08-20 08:05:00,2016-08-20 09:00:00,13,352.0,422.0,366.0,366.0,372.5,416.16666,371.54767,415.71326
2016-08-20 08:05:00,2016-08-20 09:00:00,102,62.0,96.0,60.0,60.0,62.833332,89.166664,63.110027,89.47013
2016-08-20 08:10:00,2016-08-20 09:05:00,9,420.0,530.0,416.0,416.0,464.33334,538.6667,430.62448,509.92593
2016-08-20 08:10:00,2016-08-20 09:05:00,13,383.0,424.0,352.0,352.0,391.83334,401.83334,368.68826,383.23047
2016-08-20 08:10:00,2016-08-20 09:05:00,102,67.0,96.0,62.0,62.0,67.0,78.666664,63.38369,75.90684
2016-08-20 08:15:00,2016-08-20 09:10:00,9,393.0,498.0,420.0,420.0,485.33334,521.1667,435.4791,479.73154
2016-08-20 08:15:00,2016-08-20 09:10:00,13,410.0,450.0,383.0,383.0,409.83334,422.33334,380.9521,399.30228
2016-08-20 08:15:00,2016-08-20 09:10:00,102,62.0,84.0,67.0,67.0,67.5,97.666664,67.05439,97.23103
2016-08-20 08:20:00,2016-08-20 09:15:00,9,479.0,524.0,393.0,393.0,474.33334,531.5,414.38693,482.23367
2016-08-20 08:20:00,2016-08-20 09:15:00,13,411.0,444.0,410.0,410.0,415.16666,420.33334,394.73676,402.9738
2016-08-20 08:20:00,2016-08-20 09:15:00,102,75.0,77.0,62.0,62.0,68.166664,88.0,64.63961,85.22913
2016-08-20 08:25:00,2016-08-20 09:20:00,9,458.0,564.0,479.0,479.0,527.3333,554.3333,469.71436,505.62024
2016-08-20 08:25:00,2016-08-20 09:20:00,13,462.0,428.0,411.0,411.0,426.66666,441.33334,407.82947,424.80038
2016-08-20 08:25:00,2016-08-20 09:20:00,102,77.0,95.0,75.0,75.0,71.333336,91.0,68.76076,88.79183
2016-08-20 08:30:00,2016-08-20 09:25:00,9,495.0,490.0,458.0,458.0,520.8333,547.3333,468.41946,503.13855
2016-08-20 08:30:00,2016-08-20 09:25:00,13,417.0,423.0,462.0,462.0,436.33334,446.0,432.86813,441.33398
2016-08-20 08:30:00,2016-08-20 09:25:00,102,79.0,106.0,77.0,77.0,74.833336,88.5,71.931625,85.757996
2016-08-20 08:35:00,2016-08-20 09:30:00,9,458.0,542.0,495.0,495.0,533.5,572.8333,490.91553,535.44434
2016-08-20 08:35:00,2016-08-20 09:30:00,13,451.0,477.0,417.0,417.0,443.66666,457.0,435.11063,448.6365
2016-08-20 08:35:00,2016-08-20 09:30:00,102,97.0,80.0,79.0,79.0,79.5,97.666664,75.93951,94.25448
2016-08-20 08:40:00,2016-08-20 09:35:00,9,489.0,526.0,458.0,458.0,554.8333,588.3333,500.6098,543.19464
2016-08-20 08:40:00,2016-08-20 09:35:00,13,473.0,470.0,451.0,451.0,443.5,452.0,446.428,452.764
2016-08-20 08:40:00,2016-08-20 09:35:00,102,71.0,88.0,97.0,97.0,90.666664,98.5,90.78937,97.874626
2016-08-20 08:45:00,2016-08-20 09:40:00,9,512.0,543.0,489.0,489.0,541.6667,607.3333,506.49673,577.45935
2016-08-20 08:45:00,2016-08-20 09:40:00,13,474.0,464.0,473.0,473.0,430.83334,453.33334,455.55707,472.1607
2016-08-20 08:45:00,2016-08-20 09:40:00,102,63.0,101.0,71.0,71.0,77.833336,102.333336,77.43386,101.7307
2016-08-20 08:50:00,2016-08-20 09:45:00,9,509.0,552.0,512.0,512.0,537.0,588.0,513.6962,567.75745
2016-08-20 08:50:00,2016-08-20 09:45:00,13,438.0,440.0,474.0,474.0,415.5,441.5,456.87927,473.1833
2016-08-20 08:50:00,2016-08-20 09:45:00,102,96.0,86.0,63.0,63.0,92.0,108.666664,81.11276,99.99739
2016-08-20 08:55:00,2016-08-20 09:50:00,9,584.0,532.0,509.0,509.0,527.3333,573.6667,509.6112,557.7711
2016-08-20 08:55:00,2016-08-20 09:50:00,13,403.0,433.0,438.0,438.0,403.83334,422.33334,437.03677,448.5555
2016-08-20 08:55:00,2016-08-20 09:50:00,102,87.0,101.0,96.0,96.0,88.333336,98.333336,85.79855,96.252815
2016-08-20 09:00:00,2016-08-20 09:55:00,9,454.0,535.0,584.0,584.0,534.1667,575.5,540.8279,577.79395
2016-08-20 09:00:00,2016-08-20 09:55:00,13,422.0,454.0,403.0,403.0,416.16666,429.0,430.83618,441.72372
2016-08-20 09:00:00,2016-08-20 09:55:00,102,96.0,112.0,87.0,87.0,89.166664,100.666664,89.036545,100.23901
2016-08-20 09:05:00,2016-08-20 10:00:00,9,530.0,524.0,454.0,454.0,538.6667,574.1667,519.40015,558.0247
2016-08-20 09:05:00,2016-08-20 10:00:00,13,424.0,437.0,422.0,422.0,401.83334,422.16666,417.41824,435.63614
2016-08-20 09:05:00,2016-08-20 10:00:00,102,96.0,102.0,96.0,96.0,78.666664,99.833336,84.19573,103.772575
2016-08-20 09:10:00,2016-08-20 10:05:00,9,498.0,486.0,530.0,530.0,521.1667,593.3333,519.6636,591.30676
2016-08-20 09:10:00,2016-08-20 10:05:00,13,450.0,454.0,424.0,424.0,422.33334,442.5,427.9663,447.94775
2016-08-20 09:10:00,2016-08-20 10:05:00,102,84.0,101.0,96.0,96.0,97.666664,100.333336,97.18446,99.650604
2016-08-20 09:15:00,2016-08-20 10:10:00,9,524.0,512.0,498.0,498.0,531.5,570.5,512.19635,555.0682
2016-08-20 09:15:00,2016-08-20 10:10:00,13,444.0,450.0,450.0,450.0,420.33334,423.5,426.5637,428.7984
2016-08-20 09:15:00,2016-08-20 10:10:00,102,77.0,93.0,84.0,84.0,88.0,103.666664,89.733665,104.82535
2016-08-20 09:20:00,2016-08-20 10:15:00,9,564.0,520.0,524.0,524.0,554.3333,561.3333,524.73334,536.22327
2016-08-20 09:20:00,2016-08-20 10:15:00,13,428.0,430.0,444.0,444.0,441.33334,420.5,436.63678,416.40607
2016-08-20 09:20:00,2016-08-20 10:15:00,102,95.0,96.0,77.0,77.0,91.0,99.0,86.33938,95.39792
2016-08-20 09:25:00,2016-08-20 10:20:00,9,490.0,537.0,564.0,564.0,547.3333,620.5,540.0566,613.2372
2016-08-20 09:25:00,2016-08-20 10:20:00,13,423.0,448.0,428.0,428.0,446.0,426.0,433.9589,416.29175
2016-08-20 09:25:00,2016-08-20 10:20:00,102,106.0,103.0,95.0,95.0,88.5,104.666664,87.434715,103.86217
2016-08-20 09:30:00,2016-08-20 10:25:00,9,542.0,599.0,490.0,490.0,572.8333,609.6667,533.59937,578.18365
2016-08-20 09:30:00,2016-08-20 10:25:00,13,477.0,449.0,423.0,423.0,457.0,437.33334,441.95007,425.43655
2016-08-20 09:30:00,2016-08-20 10:25:00,102,80.0,96.0,106.0,106.0,97.666664,101.5,97.02348,100.403885
2016-08-20 09:35:00,2016-08-20 10:30:00,9,526.0,534.0,542.0,542.0,588.3333,598.1667,547.0157,563.95734
2016-08-20 09:35:00,2016-08-20 10:30:00,13,470.0,438.0,477.0,477.0,452.0,429.0,453.3553,429.47986
2016-08-20 09:35:00,2016-08-20 10:30:00,102,88.0,110.0,80.0,80.0,98.5,113.166664,92.181114,108.0367
2016-08-20 09:40:00,2016-08-20 10:35:00,9,543.0,546.0,526.0,526.0,607.3333,619.0,560.40875,581.2914
2016-08-20 09:40:00,2016-08-20 10:35:00,13,464.0,448.0,470.0,470.0,453.33334,432.5,461.75165,438.14087
2016-08-20 09:40:00,2016-08-20 10:35:00,102,101.0,104.0,88.0,88.0,102.333336,104.166664,92.97576,96.83296
2016-08-20 09:45:00,2016-08-20 10:40:00,9,552.0,539.0,543.0,543.0,588.0,584.3333,554.56824,556.5554
2016-08-20 09:45:00,2016-08-20 10:40:00,13,440.0,454.0,464.0,464.0,441.5,433.83334,460.20337,448.07452
2016-08-20 09:45:00,2016-08-20 10:40:00,102,86.0,104.0,101.0,101.0,108.666664,106.5,102.14646,101.09784
2016-08-20 09:50:00,2016-08-20 10:45:00,9,532.0,588.0,552.0,552.0,573.6667,629.1667,557.9499,615.7275
2016-08-20 09:50:00,2016-08-20 10:45:00,13,433.0,427.0,440.0,440.0,422.33334,442.83334,445.31665,461.7762
2016-08-20 09:50:00,2016-08-20 10:45:00,102,101.0,112.0,86.0,86.0,98.333336,115.0,94.303474,111.79596
2016-08-20 09:55:00,2016-08-20 10:50:00,9,535.0,629.0,532.0,532.0,575.5,607.6667,549.3595,586.8069
2016-08-20 09:55:00,2016-08-20 10:50:00,13,454.0,433.0,433.0,433.0,429.0,457.33334,447.30273,472.9195
2016-08-20 09:55:00,2016-08-20 10:50:00,102,112.0,110.0,101.0,101.0,100.666664,106.333336,97.97818,104.12042
2016-08-20 10:00:00,2016-08-20 10:55:00,9,524.0,566.0,535.0,535.0,574.1667,621.1667,550.5686,601.6717
2016-08-20 10:00:00,2016-08-20 10:55:00,13,437.0,450.0,454.0,454.0,422.16666,441.66666,441.4822,458.07184
2016-08-20 10:00:00,2016-08-20 10:55:00,102,102.0,129.0,112.0,112.0,99.833336,109.166664,102.04483,110.625015
2016-08-20 10:05:00,2016-08-20 11:00:00,9,486.0,507.0,524.0,524.0,593.3333,576.8333,551.42365,543.4995
2016-08-20 10:05:00,2016-08-20 11:00:00,13,454.0,441.0,437.0,437.0,442.5,445.66666,451.0176,453.4145
2016-08-20 10:05:00,2016-08-20 11:00:00,102,101.0,98.0,102.0,102.0,100.333336,118.5,103.12224,120.339584
2016-08-20 10:10:00,2016-08-20 11:05:00,9,512.0,661.0,486.0,486.0,570.5,604.0,528.3639,570.70605
2016-08-20 10:10:00,2016-08-20 11:05:00,13,450.0,447.0,454.0,454.0,423.5,446.5,443.51382,463.3101
2016-08-20 10:10:00,2016-08-20 11:05:00,102,93.0,120.0,101.0,101.0,103.666664,107.666664,104.28806,108.12302
2016-08-20 10:15:00,2016-08-20 11:10:00,9,520.0,606.0,512.0,512.0,561.3333,570.6667,510.29794,529.8369
2016-08-20 10:15:00,2016-08-20 11:10:00,13,430.0,433.0,450.0,450.0,420.5,441.33334,440.72394,458.47253
2016-08-20 10:15:00,2016-08-20 11:10:00,102,96.0,119.0,93.0,93.0,99.0,105.333336,97.58859,104.33737
2016-08-20 10:20:00,2016-08-20 11:15:00,9,537.0,577.0,520.0,520.0,620.5,591.5,546.5637,531.7526
2016-08-20 10:20:00,2016-08-20 11:15:00,13,448.0,455.0,430.0,430.0,426.0,443.5,437.07077,453.3459
2016-08-20 10:20:00,2016-08-20 11:15:00,102,103.0,90.0,96.0,96.0,104.666664,110.0,100.03268,106.1808
2016-08-20 10:25:00,2016-08-20 11:20:00,9,599.0,549.0,537.0,537.0,609.6667,624.5,556.6842,580.82153
2016-08-20 10:25:00,2016-08-20 11:20:00,13,449.0,436.0,448.0,448.0,437.33334,448.5,446.76926,456.71402
2016-08-20 10:25:00,2016-08-20 11:20:00,102,96.0,132.0,103.0,103.0,101.5,113.0,99.03456,111.09828
2016-08-20 10:30:00,2016-08-20 11:25:00,9,534.0,642.0,599.0,599.0,598.1667,605.5,566.49963,578.28705
2016-08-20 10:30:00,2016-08-20 11:25:00,13,438.0,455.0,449.0,449.0,429.0,434.83334,439.13513,443.53476
2016-08-20 10:30:00,2016-08-20 11:25:00,102,110.0,111.0,96.0,96.0,113.166664,111.666664,105.965744,105.94321
2016-08-20 10:35:00,2016-08-20 11:30:00,9,546.0,614.0,534.0,534.0,619.0,606.1667,574.2055,568.6829
2016-08-20 10:35:00,2016-08-20 11:30:00,13,448.0,459.0,438.0,438.0,432.5,444.33334,438.92145,449.72696
2016-08-20 10:35:00,2016-08-20 11:30:00,102,104.0,104.0,110.0,110.0,104.166664,114.5,103.666336,113.92801
2016-08-20 10:40:00,2016-08-20 11:35:00,9,539.0,611.0,546.0,546.0,584.3333,615.1667,550.14734,586.4133
2016-08-20 10:40:00,2016-08-20 11:35:00,13,454.0,448.0,448.0,448.0,433.83334,453.5,440.76605,459.5069
2016-08-20 10:40:00,2016-08-20 11:35:00,102,104.0,113.0,104.0,104.0,106.5,118.5,104.10773,116.601364
2016-08-20 10:45:00,2016-08-20 11:40:00,9,588.0,674.0,539.0,539.0,629.1667,605.5,574.8699,561.29877
2016-08-20 10:45:00,2016-08-20 11:40:00,13,427.0,430.0,454.0,454.0,442.83334,450.33334,447.23083,454.06482
2016-08-20 10:45:00,2016-08-20 11:40:00,102,112.0,115.0,104.0,104.0,115.0,114.0,110.42233,110.21035
2016-08-20 10:50:00,2016-08-20 11:45:00,9,629.0,547.0,588.0,588.0,607.6667,597.1667,578.07886,571.5831
2016-08-20 10:50:00,2016-08-20 11:45:00,13,433.0,440.0,427.0,427.0,457.33334,440.33334,449.06723,433.98233
2016-08-20 10:50:00,2016-08-20 11:45:00,102,110.0,94.0,112.0,112.0,106.333336,115.166664,107.060776,115.62214
2016-08-20 10:55:00,2016-08-20 11:50:00,9,566.0,582.0,629.0,629.0,621.1667,637.3333,616.87256,631.44934
2016-08-20 10:55:00,2016-08-20 11:50:00,13,450.0,454.0,433.0,433.0,441.66666,433.83334,436.09076,429.99158
2016-08-20 10:55:00,2016-08-20 11:50:00,102,129.0,117.0,110.0,110.0,109.166664,113.666664,107.671776,112.24489
2016-08-20 11:00:00,2016-08-20 11:55:00,9,507.0,618.0,566.0,566.0,576.8333,610.3333,578.3872,610.7456
2016-08-20 11:00:00,2016-08-20 11:55:00,13,441.0,436.0,450.0,450.0,445.66666,452.0,446.23376,452.6977
2016-08-20 11:00:00,2016-08-20 11:55:00,102,98.0,109.0,129.0,129.0,118.5,102.833336,120.11067,103.42294
2016-08-20 11:05:00,2016-08-20 12:00:00,9,661.0,637.0,507.0,507.0,604.0,639.6667,577.73785,619.25464
2016-08-20 11:05:00,2016-08-20 12:00:00,13,447.0,488.0,441.0,441.0,446.5,443.33334,446.03738,443.1145
2016-08-20 11:05:00,2016-08-20 12:00:00,102,120.0,105.0,98.0,98.0,107.666664,112.0,109.463135,113.403656
2016-08-20 11:10:00,2016-08-20 12:05:00,9,606.0,634.0,661.0,661.0,570.6667,625.1667,588.9092,639.37427
2016-08-20 11:10:00,2016-08-20 12:05:00,13,433.0,440.0,447.0,447.0,441.33334,442.33334,443.39972,444.19998
2016-08-20 11:10:00,2016-08-20 12:05:00,102,119.0,123.0,120.0,120.0,105.333336,124.833336,113.20418,130.99403
2016-08-20 11:15:00,2016-08-20 12:10:00,9,577.0,608.0,606.0,606.0,591.5,619.1667,597.33545,622.5858
2016-08-20 11:15:00,2016-08-20 12:10:00,13,455.0,435.0,433.0,433.0,443.5,439.16666,440.1496,436.83044
2016-08-20 11:15:00,2016-08-20 12:10:00,102,90.0,125.0,119.0,119.0,110.0,125.333336,116.64035,130.73938
2016-08-20 11:20:00,2016-08-20 12:15:00,9,549.0,642.0,577.0,577.0,624.5,645.3333,612.9467,634.87714
2016-08-20 11:20:00,2016-08-20 12:15:00,13,436.0,445.0,455.0,455.0,448.5,438.33334,449.65744,439.10394
2016-08-20 11:20:00,2016-08-20 12:15:00,102,132.0,136.0,90.0,90.0,113.0,109.666664,107.14598,105.34099
2016-08-20 11:25:00,2016-08-20 12:20:00,9,642.0,654.0,549.0,549.0,605.5,639.1667,583.8281,623.40826
2016-08-20 11:25:00,2016-08-20 12:20:00,13,455.0,445.0,436.0,436.0,434.83334,437.33334,437.97098,440.14868
2016-08-20 11:25:00,2016-08-20 12:20:00,102,111.0,108.0,132.0,132.0,111.666664,117.166664,115.18708,119.87198
2016-08-20 11:30:00,2016-08-20 12:25:00,9,614.0,673.0,642.0,642.0,606.1667,641.8333,608.73474,643.3502
2016-08-20 11:30:00,2016-08-20 12:25:00,13,459.0,445.0,455.0,455.0,444.33334,444.66666,447.03363,446.63858
2016-08-20 11:30:00,2016-08-20 12:25:00,102,104.0,131.0,111.0,111.0,114.5,114.333336,114.40293,114.3864
2016-08-20 11:35:00,2016-08-20 12:30:00,9,611.0,664.0,614.0,614.0,615.1667,658.8333,621.1044,663.1599
2016-08-20 11:35:00,2016-08-20 12:30:00,13,448.0,405.0,459.0,459.0,453.5,430.33334,453.92642,430.30435
2016-08-20 11:35:00,2016-08-20 12:30:00,102,113.0,134.0,104.0,104.0,118.5,122.5,116.09596,120.57332
2016-08-20 11:40:00,2016-08-20 12:35:00,9,674.0,656.0,611.0,611.0,605.5,640.5,613.4478,646.84705
2016-08-20 11:40:00,2016-08-20 12:35:00,13,430.0,445.0,448.0,448.0,450.33334,461.0,456.536,465.93436
2016-08-20 11:40:00,2016-08-20 12:35:00,102,115.0,130.0,113.0,113.0,114.0,116.0,112.87427,115.56299
2016-08-20 11:45:00,2016-08-20 12:40:00,9,547.0,599.0,674.0,674.0,597.1667,638.3333,619.92834,655.2883
2016-08-20 11:45:00,2016-08-20 12:40:00,13,440.0,439.0,430.0,430.0,440.33334,443.5,444.52356,447.57108
2016-08-20 11:45:00,2016-08-20 12:40:00,102,94.0,105.0,115.0,115.0,115.166664,107.666664,113.27251,106.19316
2016-08-20 11:50:00,2016-08-20 12:45:00,9,582.0,645.0,547.0,547.0,637.3333,674.8333,619.6782,661.1674
2016-08-20 11:50:00,2016-08-20 12:45:00,13,454.0,421.0,440.0,440.0,433.83334,449.16666,437.5712,452.8998
2016-08-20 11:50:00,2016-08-20 12:45:00,102,117.0,121.0,94.0,94.0,113.666664,119.666664,109.92645,116.858154
2016-08-20 11:55:00,2016-08-20 12:50:00,9,618.0,674.0,582.0,582.0,610.3333,639.0,595.6453,628.588
2016-08-20 11:55:00,2016-08-20 12:50:00,13,436.0,457.0,454.0,454.0,452.0,430.66666,450.13394,429.33
2016-08-20 11:55:00,2016-08-20 12:50:00,102,109.0,105.0,117.0,117.0,102.833336,116.166664,105.18976,118.523865
2016-08-20 12:00:00,2016-08-20 12:55:00,9,637.0,648.0,618.0,618.0,639.6667,643.1667,621.8526,629.5608
2016-08-20 12:00:00,2016-08-20 12:55:00,13,488.0,406.0,436.0,436.0,443.33334,430.16666,442.69806,429.86505
2016-08-20 12:00:00,2016-08-20 12:55:00,102,105.0,112.0,109.0,109.0,112.0,119.0,108.85974,116.49977
2016-08-20 12:05:00,2016-08-20 13:00:00,9,634.0,653.0,637.0,637.0,625.1667,647.3333,620.0797,642.39056
2016-08-20 12:05:00,2016-08-20 13:00:00,13,440.0,305.0,488.0,488.0,442.33334,439.0,459.1945,452.07642
2016-08-20 12:05:00,2016-08-20 13:00:00,102,123.0,115.0,105.0,105.0,124.833336,114.666664,113.05469,105.09381
2016-08-20 12:10:00,2016-08-20 13:05:00,9,608.0,657.0,634.0,634.0,619.1667,645.6667,619.7771,645.50885
2016-08-20 12:10:00,2016-08-20 13:05:00,13,435.0,392.0,440.0,440.0,439.16666,437.66666,450.56927,446.86972
2016-08-20 12:10:00,2016-08-20 13:05:00,102,125.0,110.0,123.0,123.0,125.333336,106.5,119.433495,101.70582
2016-08-20 12:15:00,2016-08-20 13:10:00,9,642.0,760.0,608.0,608.0,645.3333,637.8333,628.4795,624.51996
2016-08-20 12:15:00,2016-08-20 13:10:00,13,445.0,433.0,435.0,435.0,438.33334,442.16666,444.27942,447.2702
2016-08-20 12:15:00,2016-08-20 13:10:00,102,136.0,130.0,125.0,125.0,109.666664,115.833336,116.13598,120.55408
2016-08-20 12:20:00,2016-08-20 13:15:00,9,654.0,629.0,642.0,642.0,639.1667,658.8333,635.6814,655.0187
2016-08-20 12:20:00,2016-08-20 13:15:00,13,445.0,344.0,445.0,445.0,437.33334,445.33334,443.3827,450.99463
2016-08-20 12:20:00,2016-08-20 13:15:00,102,108.0,107.0,136.0,136.0,117.166664,112.5,124.33568,117.51848
2016-08-20 12:25:00,2016-08-20 13:20:00,9,673.0,538.0,654.0,654.0,641.8333,635.3333,637.921,631.40515
2016-08-20 12:25:00,2016-08-20 13:20:00,13,445.0,419.0,445.0,445.0,444.66666,420.66666,445.1424,421.2823
2016-08-20 12:25:00,2016-08-20 13:20:00,102,131.0,118.0,108.0,108.0,114.333336,117.0,116.9319,119.04375
2016-08-20 12:30:00,2016-08-20 13:25:00,9,664.0,752.0,673.0,673.0,658.8333,674.3333,666.6928,679.24805
2016-08-20 12:30:00,2016-08-20 13:25:00,13,405.0,413.0,445.0,445.0,430.33334,456.0,437.93994,462.3047
2016-08-20 12:30:00,2016-08-20 13:25:00,102,134.0,119.0,131.0,131.0,122.5,110.833336,125.98022,113.26532
2016-08-20 12:35:00,2016-08-20 13:30:00,9,656.0,673.0,664.0,664.0,640.5,672.8333,658.6551,686.334
2016-08-20 12:35:00,2016-08-20 13:30:00,13,445.0,366.0,405.0,405.0,461.0,435.83334,442.24866,422.04712
2016-08-20 12:35:00,2016-08-20 13:30:00,102,130.0,129.0,134.0,134.0,116.0,121.166664,127.785995,130.3592
2016-08-20 12:40:00,2016-08-20 13:35:00,9,599.0,711.0,656.0,656.0,638.3333,664.1667,648.0591,671.7931
2016-08-20 12:40:00,2016-08-20 13:35:00,13,439.0,414.0,445.0,445.0,443.5,451.16666,440.5926,449.48535
2016-08-20 12:40:00,2016-08-20 13:35:00,102,105.0,134.0,130.0,130.0,107.666664,118.166664,122.4007,129.86636
2016-08-20 12:45:00,2016-08-20 13:40:00,9,645.0,638.0,599.0,599.0,674.8333,662.6667,659.45966,651.186
2016-08-20 12:45:00,2016-08-20 13:40:00,13,421.0,436.0,439.0,439.0,449.16666,451.83334,447.52667,451.27936
2016-08-20 12:45:00,2016-08-20 13:40:00,102,121.0,137.0,105.0,105.0,119.666664,117.166664,121.59068,119.07999
2016-08-20 12:50:00,2016-08-20 13:45:00,9,674.0,642.0,645.0,645.0,639.0,664.5,643.1937,668.93256
2016-08-20 12:50:00,2016-08-20 13:45:00,13,457.0,425.0,421.0,421.0,430.66666,450.16666,431.52548,451.79825
2016-08-20 12:50:00,2016-08-20 13:45:00,102,105.0,127.0,121.0,121.0,116.166664,128.16667,120.69301,132.34831
2016-08-20 12:55:00,2016-08-20 13:50:00,9,648.0,714.0,674.0,674.0,643.1667,669.1667,656.23175,680.02167
2016-08-20 12:55:00,2016-08-20 13:50:00,13,406.0,412.0,457.0,457.0,430.16666,447.33334,438.24982,454.11725
2016-08-20 12:55:00,2016-08-20 13:50:00,102,112.0,137.0,105.0,105.0,119.0,119.833336,118.15616,119.95861
2016-08-20 13:00:00,2016-08-20 13:55:00,9,653.0,655.0,648.0,648.0,647.3333,673.8333,655.9863,681.01825
2016-08-20 13:00:00,2016-08-20 13:55:00,13,305.0,416.0,406.0,406.0,439.0,448.33334,429.19757,441.37796
2016-08-20 13:00:00,2016-08-20 13:55:00,102,115.0,125.0,112.0,112.0,114.666664,113.0,115.497826,114.32
2016-08-20 13:05:00,2016-08-20 14:00:00,9,657.0,715.0,653.0,653.0,645.6667,676.6667,655.03033,684.9315
2016-08-20 13:05:00,2016-08-20 14:00:00,13,392.0,460.0,305.0,305.0,437.66666,436.16666,390.03146,400.48422
2016-08-20 13:05:00,2016-08-20 14:00:00,102,110.0,114.0,115.0,115.0,106.5,117.5,109.69319,120.69107
2016-08-20 13:10:00,2016-08-20 14:05:00,9,760.0,714.0,657.0,657.0,637.8333,661.6667,648.0244,670.54926
2016-08-20 13:10:00,2016-08-20 14:05:00,13,433.0,431.0,392.0,392.0,442.16666,439.5,398.38672,406.60596
2016-08-20 13:10:00,2016-08-20 14:05:00,102,130.0,122.0,110.0,110.0,115.833336,120.833336,114.35979,119.98703
2016-08-20 13:15:00,2016-08-20 14:10:00,9,629.0,706.0,760.0,760.0,658.8333,689.0,698.7062,719.33545
2016-08-20 13:15:00,2016-08-20 14:10:00,13,344.0,429.0,433.0,433.0,445.33334,429.5,417.62198,407.64697
2016-08-20 13:15:00,2016-08-20 14:10:00,102,107.0,129.0,130.0,130.0,112.5,110.666664,116.2733,113.772446
2016-08-20 13:20:00,2016-08-20 14:15:00,9,538.0,755.0,629.0,629.0,635.3333,668.5,654.375,684.0117
2016-08-20 13:20:00,2016-08-20 14:15:00,13,419.0,433.0,344.0,344.0,420.66666,449.16666,382.64877,419.15884
2016-08-20 13:20:00,2016-08-20 14:15:00,102,118.0,136.0,107.0,107.0,117.0,115.5,116.048904,114.90936
2016-08-20 13:25:00,2016-08-20 14:20:00,9,752.0,734.0,538.0,538.0,674.3333,662.3333,630.641,629.42413
2016-08-20 13:25:00,2016-08-20 14:20:00,13,413.0,446.0,419.0,419.0,456.0,429.66666,413.1887,395.6261
2016-08-20 13:25:00,2016-08-20 14:20:00,102,119.0,124.0,118.0,118.0,110.833336,117.833336,112.08148,118.76131
2016-08-20 13:30:00,2016-08-20 14:25:00,9,673.0,727.0,752.0,752.0,672.8333,694.1667,680.13055,700.27325
2016-08-20 13:30:00,2016-08-20 14:25:00,13,366.0,423.0,413.0,413.0,435.83334,411.33334,403.7452,384.96738
2016-08-20 13:30:00,2016-08-20 14:25:00,102,129.0,134.0,119.0,119.0,121.166664,121.5,119.51936,120.22763
2016-08-20 13:35:00,2016-08-20 14:30:00,9,711.0,667.0,673.0,673.0,664.1667,660.1667,673.5914,667.6043
2016-08-20 13:35:00,2016-08-20 14:30:00,13,414.0,466.0,366.0,366.0,451.16666,432.5,403.98267,393.4515
2016-08-20 13:35:00,2016-08-20 14:30:00,102,134.0,128.0,129.0,129.0,118.166664,117.5,121.32805,119.80307
2016-08-20 13:40:00,2016-08-20 14:35:00,9,638.0,714.0,711.0,711.0,662.6667,668.6667,687.09644,686.57623
2016-08-20 13:40:00,2016-08-20 14:35:00,13,436.0,441.0,414.0,414.0,451.83334,405.0,410.74185,371.41254
2016-08-20 13:40:00,2016-08-20 14:35:00,102,137.0,139.0,134.0,134.0,117.166664,122.0,124.13106,127.127495
2016-08-20 13:45:00,2016-08-20 14:40:00,9,642.0,698.0,638.0,638.0,664.5,645.5,662.04224,644.7343
2016-08-20 13:45:00,2016-08-20 14:40:00,13,425.0,443.0,436.0,436.0,450.16666,414.0,423.29913,390.4765
2016-08-20 13:45:00,2016-08-20 14:40:00,102,127.0,123.0,137.0,137.0,128.16667,121.666664,134.24931,126.17261
2016-08-20 13:50:00,2016-08-20 14:45:00,9,714.0,716.0,642.0,642.0,669.1667,669.0,660.2261,661.9923
2016-08-20 13:50:00,2016-08-20 14:45:00,13,412.0,447.0,425.0,425.0,447.33334,416.83334,425.33997,396.63556
2016-08-20 13:50:00,2016-08-20 14:45:00,102,137.0,120.0,127.0,127.0,119.833336,119.833336,130.02167,127.842834
2016-08-20 13:55:00,2016-08-20 14:50:00,9,655.0,728.0,714.0,714.0,673.8333,671.6667,685.956,681.1923
2016-08-20 13:55:00,2016-08-20 14:50:00,13,416.0,402.0,412.0,412.0,448.33334,429.16666,429.41525,413.28012
2016-08-20 13:55:00,2016-08-20 14:50:00,102,125.0,104.0,137.0,137.0,113.0,124.166664,128.30821,136.40524
2016-08-20 14:00:00,2016-08-20 14:55:00,9,715.0,688.0,655.0,655.0,676.6667,672.3333,678.5312,674.608
2016-08-20 14:00:00,2016-08-20 14:55:00,13,460.0,401.0,416.0,416.0,436.16666,435.33334,427.94336,428.10745
2016-08-20 14:00:00,2016-08-20 14:55:00,102,114.0,130.0,125.0,125.0,117.5,115.666664,126.80803,123.31077
2016-08-20 14:05:00,2016-08-20 15:00:00,9,714.0,696.0,715.0,715.0,661.6667,663.1667,678.0033,674.912
2016-08-20 14:05:00,2016-08-20 15:00:00,13,431.0,378.0,460.0,460.0,439.5,430.83334,440.96362,430.50803
2016-08-20 14:05:00,2016-08-20 15:00:00,102,122.0,151.0,114.0,114.0,120.833336,114.5,124.96954,118.126175
2016-08-20 14:10:00,2016-08-20 15:05:00,9,706.0,728.0,714.0,714.0,689.0,678.8333,701.0815,688.3136
2016-08-20 14:10:00,2016-08-20 15:05:00,13,429.0,427.0,431.0,431.0,429.5,441.5,432.5417,443.5205
2016-08-20 14:10:00,2016-08-20 15:05:00,102,129.0,128.0,122.0,122.0,110.666664,117.0,117.99943,123.489914
2016-08-20 14:15:00,2016-08-20 15:10:00,9,755.0,710.0,706.0,706.0,668.5,679.6667,701.163,705.68445
2016-08-20 14:15:00,2016-08-20 15:10:00,13,433.0,418.0,429.0,429.0,449.16666,427.66666,447.0679,425.44583
2016-08-20 14:15:00,2016-08-20 15:10:00,102,136.0,111.0,129.0,129.0,115.5,121.5,123.700356,128.39606
2016-08-20 14:20:00,2016-08-20 15:15:00,9,734.0,759.0,755.0,755.0,662.3333,679.1667,713.5383,719.12933
2016-08-20 14:20:00,2016-08-20 15:15:00,13,446.0,466.0,433.0,433.0,429.66666,431.16666,436.94177,437.1112
2016-08-20 14:20:00,2016-08-20 15:15:00,102,124.0,118.0,136.0,136.0,117.833336,116.0,126.738396,123.18825
2016-08-20 14:25:00,2016-08-20 15:20:00,9,727.0,743.0,734.0,734.0,694.1667,701.1667,732.5061,731.65906
2016-08-20 14:25:00,2016-08-20 15:20:00,13,423.0,458.0,446.0,446.0,411.33334,411.0,427.76764,424.15128
2016-08-20 14:25:00,2016-08-20 15:20:00,102,134.0,112.0,124.0,124.0,121.5,114.166664,126.2856,118.18767
2016-08-20 14:30:00,2016-08-20 15:25:00,9,667.0,710.0,727.0,727.0,660.1667,701.6667,716.5888,746.69684
2016-08-20 14:30:00,2016-08-20 15:25:00,13,466.0,451.0,423.0,423.0,432.5,421.5,441.23538,428.54572
2016-08-20 14:30:00,2016-08-20 15:25:00,102,128.0,97.0,134.0,134.0,117.5,114.5,125.47091,120.8945
2016-08-20 14:35:00,2016-08-20 15:30:00,9,714.0,733.0,667.0,667.0,668.6667,700.5,702.03644,729.63257
2016-08-20 14:35:00,2016-08-20 15:30:00,13,441.0,413.0,466.0,466.0,405.0,438.66666,436.2891,463.72708
2016-08-20 14:35:00,2016-08-20 15:30:00,102,139.0,103.0,128.0,128.0,122.0,119.166664,128.30695,124.29908
2016-08-20 14:40:00,2016-08-20 15:35:00,9,698.0,696.0,714.0,714.0,645.5,693.0,691.31146,731.7064
2016-08-20 14:40:00,2016-08-20 15:35:00,13,443.0,463.0,441.0,441.0,414.0,448.83334,438.08078,468.38678
2016-08-20 14:40:00,2016-08-20 15:35:00,102,123.0,121.0,139.0,139.0,121.666664,117.166664,131.46231,124.95802
2016-08-20 14:45:00,2016-08-20 15:40:00,9,716.0,727.0,698.0,698.0,669.0,692.6667,699.7457,718.958
2016-08-20 14:45:00,2016-08-20 15:40:00,13,447.0,437.0,443.0,443.0,416.83334,437.0,435.28165,452.05707
2016-08-20 14:45:00,2016-08-20 15:40:00,102,120.0,124.0,123.0,123.0,119.833336,116.666664,126.48183,122.165375
2016-08-20 14:50:00,2016-08-20 15:45:00,9,728.0,701.0,716.0,716.0,671.6667,691.0,702.7543,717.4557
2016-08-20 14:50:00,2016-08-20 15:45:00,13,402.0,446.0,447.0,447.0,429.16666,441.5,442.0495,452.34677
2016-08-20 14:50:00,2016-08-20 15:45:00,102,104.0,112.0,120.0,120.0,124.166664,117.333336,126.98903,119.9433
2016-08-20 14:55:00,2016-08-20 15:50:00,9,688.0,730.0,728.0,728.0,672.3333,696.6667,711.58264,729.24194
2016-08-20 14:55:00,2016-08-20 15:50:00,13,401.0,439.0,402.0,402.0,435.33334,444.5,433.24265,443.79172
2016-08-20 14:55:00,2016-08-20 15:50:00,102,130.0,111.0,104.0,104.0,115.666664,118.0,116.696396,119.73959
2016-08-20 15:00:00,2016-08-20 15:55:00,9,696.0,682.0,688.0,688.0,663.1667,681.5,689.75024,704.28564
2016-08-20 15:00:00,2016-08-20 15:55:00,13,378.0,465.0,401.0,401.0,430.83334,439.5,420.10492,432.41354
2016-08-20 15:00:00,2016-08-20 15:55:00,102,151.0,126.0,130.0,130.0,114.5,115.666664,120.36458,120.879005
2016-08-20 15:05:00,2016-08-20 16:00:00,9,728.0,731.0,696.0,696.0,678.8333,653.6667,691.3628,664.80206
2016-08-20 15:05:00,2016-08-20 16:00:00,13,427.0,425.0,378.0,378.0,441.5,446.0,417.03955,428.60886
2016-08-20 15:05:00,2016-08-20 16:00:00,102,128.0,127.0,151.0,151.0,117.0,111.0,129.26941,120.65498
2016-08-20 15:10:00,2016-08-20 16:05:00,9,710.0,726.0,728.0,728.0,679.6667,640.8333,698.33746,655.9893
2016-08-20 15:10:00,2016-08-20 16:05:00,13,418.0,463.0,427.0,427.0,427.66666,447.5,418.4984,441.26578
2016-08-20 15:10:00,2016-08-20 16:05:00,102,111.0,121.0,128.0,128.0,121.5,116.833336,130.82051,124.124794
2016-08-20 15:15:00,2016-08-20 16:10:00,9,759.0,720.0,710.0,710.0,679.1667,643.3333,693.62494,654.4106
2016-08-20 15:15:00,2016-08-20 16:10:00,13,466.0,449.0,418.0,418.0,431.16666,450.83334,424.67123,446.57834
2016-08-20 15:15:00,2016-08-20 16:10:00,102,118.0,116.0,111.0,111.0,116.0,112.166664,120.80893,116.47514
2016-08-20 15:20:00,2016-08-20 16:15:00,9,743.0,710.0,759.0,759.0,701.1667,634.5,720.7832,648.7228
2016-08-20 15:20:00,2016-08-20 16:15:00,13,458.0,453.0,466.0,466.0,411.0,455.33334,427.62146,468.5941
2016-08-20 15:20:00,2016-08-20 16:15:00,102,112.0,97.0,118.0,118.0,114.166664,114.333336,118.801544,118.64853
2016-08-20 15:25:00,2016-08-20 16:20:00,9,710.0,745.0,743.0,743.0,701.6667,690.8333,732.44165,714.7876
2016-08-20 15:25:00,2016-08-20 16:20:00,13,451.0,444.0,458.0,458.0,421.5,441.33334,434.9748,451.34888
2016-08-20 15:25:00,2016-08-20 16:20:00,102,97.0,133.0,112.0,112.0,114.5,120.5,116.51686,122.66131
2016-08-20 15:30:00,2016-08-20 16:25:00,9,733.0,703.0,710.0,710.0,700.5,687.1667,727.43134,708.7268
2016-08-20 15:30:00,2016-08-20 16:25:00,13,413.0,472.0,451.0,451.0,438.66666,464.66666,446.23242,469.80225
2016-08-20 15:30:00,2016-08-20 16:25:00,102,103.0,142.0,97.0,97.0,119.166664,118.333336,112.73799,113.97733
2016-08-20 15:35:00,2016-08-20 16:30:00,9,696.0,692.0,733.0,733.0,693.0,671.3333,721.6011,695.0966
2016-08-20 15:35:00,2016-08-20 16:30:00,13,463.0,460.0,413.0,413.0,448.83334,453.0,442.37885,447.89893
2016-08-20 15:35:00,2016-08-20 16:30:00,102,121.0,135.0,103.0,103.0,117.166664,119.666664,109.066574,114.1311
2016-08-20 15:40:00,2016-08-20 16:35:00,9,727.0,688.0,696.0,696.0,692.6667,658.8333,710.5901,674.4763
2016-08-20 15:40:00,2016-08-20 16:35:00,13,437.0,458.0,463.0,463.0,437.0,467.0,446.1248,474.02313
2016-08-20 15:40:00,2016-08-20 16:35:00,102,124.0,123.0,121.0,121.0,116.666664,113.5,113.0952,111.004974
2016-08-20 15:45:00,2016-08-20 16:40:00,9,701.0,736.0,727.0,727.0,691.0,656.5,714.76886,676.1061
2016-08-20 15:45:00,2016-08-20 16:40:00,13,446.0,446.0,437.0,437.0,441.5,448.5,442.57062,449.33115
2016-08-20 15:45:00,2016-08-20 16:40:00,102,112.0,135.0,124.0,124.0,117.333336,107.666664,116.95985,107.36079
2016-08-20 15:50:00,2016-08-20 16:45:00,9,730.0,673.0,701.0,701.0,696.6667,665.3333,717.83997,684.0251
2016-08-20 15:50:00,2016-08-20 16:45:00,13,439.0,458.0,446.0,446.0,444.5,467.83334,449.35052,471.58783
2016-08-20 15:50:00,2016-08-20 16:45:00,102,111.0,121.0,112.0,112.0,118.0,101.166664,115.994194,99.5171
2016-08-20 15:55:00,2016-08-20 16:50:00,9,682.0,708.0,730.0,730.0,681.5,686.5,724.7468,722.5128
2016-08-20 15:55:00,2016-08-20 16:50:00,13,465.0,447.0,439.0,439.0,439.5,455.66666,442.69498,458.91403
2016-08-20 15:55:00,2016-08-20 16:50:00,102,126.0,136.0,111.0,111.0,115.666664,111.833336,114.34506,110.72762
2016-08-20 16:00:00,2016-08-20 16:55:00,9,731.0,690.0,682.0,682.0,653.6667,676.0,696.506,712.8424
2016-08-20 16:00:00,2016-08-20 16:55:00,13,425.0,461.0,465.0,465.0,446.0,457.5,453.7956,463.5612
2016-08-20 16:00:00,2016-08-20 16:55:00,102,127.0,118.0,126.0,126.0,111.0,105.833336,114.06111,108.05964
2016-08-20 16:05:00,2016-08-20 17:00:00,9,726.0,700.0,731.0,731.0,640.8333,676.1667,695.595,722.0724
2016-08-20 16:05:00,2016-08-20 17:00:00,13,463.0,444.0,425.0,425.0,447.5,450.33334,442.99866,447.1708
2016-08-20 16:05:00,2016-08-20 17:00:00,102,121.0,109.0,127.0,127.0,116.833336,113.0,122.05873,116.79181
2016-08-20 16:10:00,2016-08-20 17:05:00,9,720.0,662.0,726.0,726.0,643.3333,669.8333,699.34705,716.13477
2016-08-20 16:10:00,2016-08-20 17:05:00,13,449.0,459.0,463.0,463.0,450.83334,449.33334,451.3074,449.59586
2016-08-20 16:10:00,2016-08-20 17:05:00,102,116.0,141.0,121.0,121.0,112.166664,105.166664,117.93689,109.48822
2016-08-20 16:15:00,2016-08-20 17:10:00,9,710.0,696.0,720.0,720.0,634.5,672.6667,684.8466,713.9498
2016-08-20 16:15:00,2016-08-20 17:10:00,13,453.0,461.0,449.0,449.0,455.33334,444.5,452.5811,442.20004
2016-08-20 16:15:00,2016-08-20 17:10:00,102,97.0,129.0,116.0,116.0,114.333336,119.166664,117.7149,121.844055
2016-08-20 16:20:00,2016-08-20 17:15:00,9,745.0,713.0,710.0,710.0,690.8333,672.1667,713.52124,691.3252
2016-08-20 16:20:00,2016-08-20 17:15:00,13,444.0,469.0,453.0,453.0,441.33334,457.33334,444.8507,459.80933
2016-08-20 16:20:00,2016-08-20 17:15:00,102,133.0,122.0,97.0,97.0,120.5,107.5,113.88063,102.67738
2016-08-20 16:25:00,2016-08-20 17:20:00,9,703.0,728.0,745.0,745.0,687.1667,694.1667,727.66907,727.2248
2016-08-20 16:25:00,2016-08-20 17:20:00,13,472.0,459.0,444.0,444.0,464.66666,454.83334,456.4538,448.4643
2016-08-20 16:25:00,2016-08-20 17:20:00,102,142.0,122.0,133.0,133.0,118.333336,111.166664,121.384735,113.642876
2016-08-20 16:30:00,2016-08-20 17:25:00,9,692.0,707.0,703.0,703.0,671.3333,665.8333,709.0549,697.3501
2016-08-20 16:30:00,2016-08-20 17:25:00,13,460.0,458.0,472.0,472.0,453.0,451.5,456.7217,454.0857
2016-08-20 16:30:00,2016-08-20 17:25:00,102,135.0,98.0,142.0,142.0,119.666664,113.666664,130.7279,122.23845
2016-08-20 16:35:00,2016-08-20 17:30:00,9,688.0,692.0,692.0,692.0,658.8333,658.5,693.31415,687.74854
2016-08-20 16:35:00,2016-08-20 17:30:00,13,458.0,452.0,460.0,460.0,467.0,445.5,464.6892,443.214
2016-08-20 16:35:00,2016-08-20 17:30:00,102,123.0,115.0,135.0,135.0,113.5,109.666664,129.13672,121.78324
2016-08-20 16:40:00,2016-08-20 17:35:00,9,736.0,719.0,688.0,688.0,656.5,647.5,681.53864,669.50146
2016-08-20 16:40:00,2016-08-20 17:35:00,13,446.0,456.0,458.0,458.0,448.5,423.83334,450.3308,424.9568
2016-08-20 16:40:00,2016-08-20 17:35:00,102,135.0,101.0,123.0,123.0,107.666664,106.666664,123.134544,119.21542
2016-08-20 16:45:00,2016-08-20 17:40:00,9,673.0,714.0,736.0,736.0,665.3333,633.6667,695.4894,658.1015
2016-08-20 16:45:00,2016-08-20 17:40:00,13,458.0,445.0,446.0,446.0,467.83334,460.33334,463.60263,456.9558
2016-08-20 16:45:00,2016-08-20 17:40:00,102,121.0,113.0,135.0,135.0,101.166664,105.833336,120.7321,121.60641
2016-08-20 16:50:00,2016-08-20 17:45:00,9,708.0,680.0,673.0,673.0,686.5,633.1667,694.8002,640.7695
2016-08-20 16:50:00,2016-08-20 17:45:00,13,447.0,468.0,458.0,458.0,455.66666,431.5,456.24673,431.97058
2016-08-20 16:50:00,2016-08-20 17:45:00,102,136.0,106.0,121.0,121.0,111.833336,90.5,122.685196,99.17867
2016-08-20 16:55:00,2016-08-20 17:50:00,9,690.0,699.0,708.0,708.0,676.0,613.8333,691.6046,626.7459
2016-08-20 16:55:00,2016-08-20 17:50:00,13,461.0,431.0,447.0,447.0,457.5,424.66666,453.11282,421.32025
2016-08-20 16:55:00,2016-08-20 17:50:00,102,118.0,115.0,136.0,136.0,105.833336,106.333336,123.05778,120.07731
2016-08-20 17:00:00,2016-08-20 17:55:00,9,700.0,700.0,690.0,690.0,676.1667,660.0,693.15155,674.49536
2016-08-20 17:00:00,2016-08-20 17:55:00,13,444.0,465.0,461.0,461.0,450.33334,445.16666,456.61218,450.13745
2016-08-20 17:00:00,2016-08-20 17:55:00,102,109.0,106.0,118.0,118.0,113.0,95.666664,122.14201,103.26474
2016-08-20 17:05:00,2016-08-20 18:00:00,9,662.0,670.0,700.0,700.0,669.8333,668.3333,693.8032,688.3506
2016-08-20 17:05:00,2016-08-20 18:00:00,13,459.0,450.0,444.0,444.0,449.33334,443.33334,451.84125,445.7961
2016-08-20 17:05:00,2016-08-20 18:00:00,102,141.0,89.0,109.0,109.0,105.166664,101.0,111.59277,106.58493
2016-08-20 17:10:00,2016-08-20 18:05:00,9,696.0,688.0,662.0,662.0,672.6667,628.8333,677.36096,634.25085
2016-08-20 17:10:00,2016-08-20 18:05:00,13,461.0,414.0,459.0,459.0,444.5,416.5,447.46182,418.96347
2016-08-20 17:10:00,2016-08-20 18:05:00,102,129.0,102.0,141.0,141.0,119.166664,97.166664,128.08932,104.54411
2016-08-20 17:15:00,2016-08-20 18:10:00,9,713.0,700.0,696.0,696.0,672.1667,617.8333,676.744,622.11804
2016-08-20 17:15:00,2016-08-20 18:10:00,13,469.0,455.0,461.0,461.0,457.33334,432.83334,458.12057,433.3495
2016-08-20 17:15:00,2016-08-20 18:10:00,102,122.0,94.0,129.0,129.0,107.5,89.333336,121.38807,100.49012
2016-08-20 17:20:00,2016-08-20 18:15:00,9,728.0,696.0,713.0,713.0,694.1667,630.8333,704.2572,638.8484
2016-08-20 17:20:00,2016-08-20 18:15:00,13,459.0,447.0,469.0,469.0,454.83334,439.83334,464.18726,446.97333
2016-08-20 17:20:00,2016-08-20 18:15:00,102,122.0,76.0,122.0,122.0,111.166664,87.166664,119.99217,94.13303
2016-08-20 17:25:00,2016-08-20 18:20:00,9,707.0,696.0,728.0,728.0,665.8333,633.6667,705.65137,665.42883
2016-08-20 17:25:00,2016-08-20 18:20:00,13,458.0,434.0,459.0,459.0,451.5,445.5,463.5633,455.34875
2016-08-20 17:25:00,2016-08-20 18:20:00,102,98.0,107.0,122.0,122.0,113.666664,88.666664,120.77946,94.63935
2016-08-20 17:30:00,2016-08-20 18:25:00,9,692.0,694.0,707.0,707.0,658.5,627.5,701.43536,662.2529
2016-08-20 17:30:00,2016-08-20 18:25:00,13,452.0,451.0,458.0,458.0,445.5,437.0,460.30603,449.29218
2016-08-20 17:30:00,2016-08-20 18:25:00,102,115.0,76.0,98.0,98.0,109.666664,97.166664,113.21373,100.6564
2016-08-20 17:35:00,2016-08-20 18:30:00,9,719.0,712.0,692.0,692.0,647.5,629.6667,690.6209,664.8988
2016-08-20 17:35:00,2016-08-20 18:30:00,13,456.0,439.0,452.0,452.0,423.83334,426.5,439.55817,439.6275
2016-08-20 17:35:00,2016-08-20 18:30:00,102,101.0,77.0,115.0,115.0,106.666664,89.5,112.71118,94.90407
2016-08-20 17:40:00,2016-08-20 18:35:00,9,714.0,668.0,719.0,719.0,633.6667,623.8333,687.93396,668.1876
2016-08-20 17:40:00,2016-08-20 18:35:00,13,445.0,441.0,456.0,456.0,460.33334,424.0,464.8412,427.8592
2016-08-20 17:40:00,2016-08-20 18:35:00,102,113.0,83.0,101.0,101.0,105.833336,87.666664,108.78017,90.953636
2016-08-20 17:45:00,2016-08-20 18:40:00,9,680.0,728.0,714.0,714.0,633.1667,639.6667,696.33777,691.1174
2016-08-20 17:45:00,2016-08-20 18:40:00,13,468.0,447.0,445.0,445.0,431.5,422.83334,446.76678,435.81094
2016-08-20 17:45:00,2016-08-20 18:40:00,102,106.0,76.0,113.0,113.0,90.5,85.333336,100.40277,93.64681
2016-08-20 17:50:00,2016-08-20 18:45:00,9,699.0,665.0,680.0,680.0,613.8333,621.6667,664.91925,664.0369
2016-08-20 17:50:00,2016-08-20 18:45:00,13,431.0,428.0,468.0,468.0,424.66666,427.16666,446.15298,444.64536
2016-08-20 17:50:00,2016-08-20 18:45:00,102,115.0,110.0,106.0,106.0,106.333336,88.666664,109.23857,91.534615
2016-08-20 17:55:00,2016-08-20 18:50:00,9,700.0,665.0,699.0,699.0,660.0,628.3333,690.2272,653.6616
2016-08-20 17:55:00,2016-08-20 18:50:00,13,465.0,445.0,431.0,431.0,445.16666,412.16666,446.40765,413.8252
2016-08-20 17:55:00,2016-08-20 18:50:00,102,106.0,77.0,115.0,115.0,95.666664,85.666664,105.93919,94.26397
2016-08-20 18:00:00,2016-08-20 18:55:00,9,670.0,700.0,700.0,700.0,668.3333,623.3333,702.14343,651.80023
2016-08-20 18:00:00,2016-08-20 18:55:00,13,450.0,377.0,465.0,465.0,443.33334,383.0,451.65146,389.6163
2016-08-20 18:00:00,2016-08-20 18:55:00,102,89.0,81.0,106.0,106.0,101.0,77.833336,107.04554,82.84483
2016-08-20 18:05:00,2016-08-20 19:00:00,9,688.0,673.0,670.0,670.0,628.8333,607.5,673.5378,645.1122
2016-08-20 18:05:00,2016-08-20 19:00:00,13,414.0,391.0,450.0,450.0,416.5,396.66666,434.7463,411.44012
2016-08-20 18:05:00,2016-08-20 19:00:00,102,102.0,72.0,89.0,89.0,97.166664,81.0,99.21494,83.20392
2016-08-20 18:10:00,2016-08-20 19:05:00,9,700.0,538.0,688.0,688.0,617.8333,636.6667,668.19305,679.0229
2016-08-20 18:10:00,2016-08-20 19:05:00,13,455.0,373.0,414.0,414.0,432.83334,395.0,431.3999,394.18408
2016-08-20 18:10:00,2016-08-20 19:05:00,102,94.0,80.0,102.0,102.0,89.333336,72.833336,95.76022,78.432465
2016-08-20 18:15:00,2016-08-20 19:10:00,9,696.0,461.0,700.0,700.0,630.8333,642.0,678.8833,682.10443
2016-08-20 18:15:00,2016-08-20 19:10:00,13,447.0,382.0,455.0,455.0,439.83334,379.83334,438.6231,378.9029
2016-08-20 18:15:00,2016-08-20 19:10:00,102,76.0,76.0,94.0,94.0,87.166664,82.833336,93.52776,88.38206
2016-08-20 18:20:00,2016-08-20 19:15:00,9,696.0,622.0,696.0,696.0,633.6667,620.8333,678.93005,658.2777
2016-08-20 18:20:00,2016-08-20 19:15:00,13,434.0,401.0,447.0,447.0,445.5,390.5,445.61847,390.4392
2016-08-20 18:20:00,2016-08-20 19:15:00,102,107.0,78.0,76.0,76.0,88.666664,73.5,85.26994,71.450905
2016-08-20 18:25:00,2016-08-20 19:20:00,9,694.0,702.0,696.0,696.0,627.5,610.5,674.3722,649.3203
2016-08-20 18:25:00,2016-08-20 19:20:00,13,451.0,350.0,434.0,434.0,437.0,396.0,441.43887,399.4083
2016-08-20 18:25:00,2016-08-20 19:20:00,102,76.0,59.0,107.0,107.0,97.166664,71.333336,97.09447,71.454956
2016-08-20 18:30:00,2016-08-20 19:25:00,9,712.0,601.0,694.0,694.0,629.6667,626.8333,678.9039,667.30505
2016-08-20 18:30:00,2016-08-20 19:25:00,13,439.0,370.0,451.0,451.0,426.5,378.0,438.25986,387.7234
2016-08-20 18:30:00,2016-08-20 19:25:00,102,77.0,74.0,76.0,76.0,89.5,71.333336,86.682495,69.58882
2016-08-20 18:35:00,2016-08-20 19:30:00,9,668.0,609.0,712.0,712.0,623.8333,582.5,674.74817,623.7324
2016-08-20 18:35:00,2016-08-20 19:30:00,13,441.0,393.0,439.0,439.0,424.0,361.5,433.1803,368.8845
2016-08-20 18:35:00,2016-08-20 19:30:00,102,83.0,70.0,77.0,77.0,87.666664,71.0,83.75865,68.23359
2016-08-20 18:40:00,2016-08-20 19:35:00,9,728.0,612.0,668.0,668.0,639.6667,590.6667,675.6758,620.4674
2016-08-20 18:40:00,2016-08-20 19:35:00,13,447.0,349.0,441.0,441.0,422.83334,344.66666,431.6658,351.18277
2016-08-20 18:40:00,2016-08-20 19:35:00,102,76.0,70.0,83.0,83.0,85.333336,69.5,81.537796,67.09024
2016-08-20 18:45:00,2016-08-20 19:40:00,9,665.0,646.0,728.0,728.0,621.6667,590.5,679.92816,637.3031
2016-08-20 18:45:00,2016-08-20 19:40:00,13,428.0,372.0,447.0,447.0,427.16666,378.66666,444.5506,392.65424
2016-08-20 18:45:00,2016-08-20 19:40:00,102,110.0,77.0,76.0,76.0,88.666664,68.0,81.98451,62.85519
2016-08-20 18:50:00,2016-08-20 19:45:00,9,665.0,679.0,665.0,665.0,628.3333,558.3333,667.3508,590.4406
2016-08-20 18:50:00,2016-08-20 19:45:00,13,445.0,410.0,428.0,428.0,412.16666,367.83334,437.12125,388.23523
2016-08-20 18:50:00,2016-08-20 19:45:00,102,77.0,71.0,110.0,110.0,85.666664,72.666664,91.77101,77.20673
2016-08-20 18:55:00,2016-08-20 19:50:00,9,700.0,645.0,665.0,665.0,623.3333,551.1667,658.7504,580.3733
2016-08-20 18:55:00,2016-08-20 19:50:00,13,377.0,371.0,445.0,445.0,383.0,368.66666,419.63898,398.5116
2016-08-20 18:55:00,2016-08-20 19:50:00,102,81.0,68.0,77.0,77.0,77.833336,73.333336,82.68959,77.50867
2016-08-20 19:00:00,2016-08-20 19:55:00,9,673.0,644.0,700.0,700.0,607.5,601.8333,660.7313,645.4735
2016-08-20 19:00:00,2016-08-20 19:55:00,13,391.0,351.0,377.0,377.0,396.66666,369.0,407.5978,379.6105
2016-08-20 19:00:00,2016-08-20 19:55:00,102,72.0,58.0,81.0,81.0,81.0,67.333336,83.81345,69.54933
2016-08-20 19:05:00,2016-08-20 20:00:00,9,538.0,635.0,673.0,673.0,636.6667,619.3333,675.64874,651.68713
2016-08-20 19:05:00,2016-08-20 20:00:00,13,373.0,378.0,391.0,391.0,395.0,364.33334,403.72882,373.08426
2016-08-20 19:05:00,2016-08-20 20:00:00,102,80.0,76.0,72.0,72.0,72.833336,73.0,74.56536,74.94313
2016-08-20 19:10:00,2016-08-20 20:05:00,9,461.0,597.0,538.0,538.0,642.0,567.0,628.4094,559.7439
2016-08-20 19:10:00,2016-08-20 20:05:00,13,382.0,374.0,373.0,373.0,379.83334,364.66666,383.77246,370.30057
2016-08-20 19:10:00,2016-08-20 20:05:00,102,76.0,62.0,80.0,80.0,82.833336,60.5,81.39604,59.56735
2016-08-20 19:15:00,2016-08-20 20:10:00,9,622.0,611.0,461.0,461.0,620.8333,588.1667,568.32733,552.59393
2016-08-20 19:15:00,2016-08-20 20:10:00,13,401.0,392.0,382.0,382.0,390.5,348.66666,385.1326,346.0098
2016-08-20 19:15:00,2016-08-20 20:10:00,102,78.0,51.0,76.0,76.0,73.5,77.333336,78.59563,81.60887
2016-08-20 19:20:00,2016-08-20 20:15:00,9,702.0,525.0,622.0,622.0,610.5,561.5,584.6387,544.73975
2016-08-20 19:20:00,2016-08-20 20:15:00,13,350.0,388.0,401.0,401.0,396.0,369.16666,398.9649,372.63162
2016-08-20 19:20:00,2016-08-20 20:15:00,102,59.0,63.0,78.0,78.0,71.333336,64.166664,74.53935,67.16018
2016-08-20 19:25:00,2016-08-20 20:20:00,9,601.0,571.0,702.0,702.0,626.8333,569.8333,642.6465,582.74243
2016-08-20 19:25:00,2016-08-20 20:20:00,13,370.0,393.0,350.0,350.0,378.0,352.0,376.2044,352.46832
2016-08-20 19:25:00,2016-08-20 20:20:00,102,74.0,56.0,59.0,59.0,71.333336,65.166664,69.37517,64.07154
2016-08-20 19:30:00,2016-08-20 20:25:00,9,609.0,537.0,601.0,601.0,582.5,575.1667,606.2751,594.8107
2016-08-20 19:30:00,2016-08-20 20:25:00,13,393.0,364.0,370.0,370.0,361.5,348.5,367.32507,354.5471
2016-08-20 19:30:00,2016-08-20 20:25:00,102,70.0,63.0,74.0,74.0,71.0,64.833336,71.080215,65.27499
2016-08-20 19:35:00,2016-08-20 20:30:00,9,612.0,625.0,609.0,609.0,590.6667,573.0,605.54663,585.82434
2016-08-20 19:35:00,2016-08-20 20:30:00,13,349.0,365.0,393.0,393.0,344.66666,366.0,361.96155,380.85162
2016-08-20 19:35:00,2016-08-20 20:30:00,102,70.0,69.0,70.0,70.0,69.5,64.666664,69.925735,65.38556
2016-08-20 19:40:00,2016-08-20 20:35:00,9,646.0,558.0,612.0,612.0,590.5,579.6667,610.06213,596.5725
2016-08-20 19:40:00,2016-08-20 20:35:00,13,372.0,357.0,349.0,349.0,378.66666,352.66666,370.3187,346.61075
2016-08-20 19:40:00,2016-08-20 20:35:00,102,77.0,54.0,70.0,70.0,68.0,60.833332,68.02592,60.844486
2016-08-20 19:45:00,2016-08-20 20:40:00,9,679.0,625.0,646.0,646.0,558.3333,556.3333,605.4924,593.84674
2016-08-20 19:45:00,2016-08-20 20:40:00,13,410.0,334.0,372.0,372.0,367.83334,374.5,369.00723,375.96533
2016-08-20 19:45:00,2016-08-20 20:40:00,102,71.0,46.0,77.0,77.0,72.666664,65.5,71.49361,64.56927
2016-08-20 19:50:00,2016-08-20 20:45:00,9,645.0,587.0,679.0,679.0,551.1667,590.8333,612.9667,639.4291
2016-08-20 19:50:00,2016-08-20 20:45:00,13,371.0,352.0,410.0,410.0,368.66666,354.33334,378.80438,362.61267
2016-08-20 19:50:00,2016-08-20 20:45:00,102,68.0,48.0,71.0,71.0,73.333336,62.5,73.02733,62.183315
2016-08-20 19:55:00,2016-08-20 20:50:00,9,644.0,557.0,645.0,645.0,601.8333,567.1667,631.4767,589.70685
2016-08-20 19:55:00,2016-08-20 20:50:00,13,351.0,308.0,371.0,371.0,369.0,362.16666,378.77652,369.5952
2016-08-20 19:55:00,2016-08-20 20:50:00,102,58.0,54.0,68.0,68.0,67.333336,62.0,68.04718,62.588005
2016-08-20 20:00:00,2016-08-20 20:55:00,9,635.0,558.0,644.0,644.0,619.3333,597.8333,652.57874,623.96155
2016-08-20 20:00:00,2016-08-20 20:55:00,13,378.0,321.0,351.0,351.0,364.33334,346.66666,365.67932,348.40216
2016-08-20 20:00:00,2016-08-20 20:55:00,102,76.0,50.0,58.0,58.0,73.0,69.5,69.89422,67.341385
2016-08-20 20:05:00,2016-08-20 21:00:00,9,597.0,558.0,635.0,635.0,567.0,596.3333,625.82764,645.19977
2016-08-20 20:05:00,2016-08-20 21:00:00,13,374.0,349.0,378.0,378.0,364.66666,362.33334,373.4593,369.99786
2016-08-20 20:05:00,2016-08-20 21:00:00,102,62.0,45.0,76.0,76.0,60.5,59.333332,63.07522,61.458534
2016-08-20 20:10:00,2016-08-20 21:05:00,9,611.0,595.0,597.0,597.0,588.1667,580.3333,627.72614,613.82495
2016-08-20 20:10:00,2016-08-20 21:05:00,13,392.0,330.0,374.0,374.0,348.66666,347.16666,361.77176,357.67032
2016-08-20 20:10:00,2016-08-20 21:05:00,102,51.0,77.0,62.0,62.0,77.333336,61.833332,71.91857,57.502934
2016-08-20 20:15:00,2016-08-20 21:10:00,9,525.0,593.0,611.0,611.0,561.5,611.3333,605.65393,648.9196
2016-08-20 20:15:00,2016-08-20 21:10:00,13,388.0,335.0,392.0,392.0,369.16666,368.16666,382.98074,379.12015
2016-08-20 20:15:00,2016-08-20 21:10:00,102,63.0,56.0,51.0,51.0,64.166664,65.5,60.53519,63.025967
2016-08-20 20:20:00,2016-08-20 21:15:00,9,571.0,559.0,525.0,525.0,569.8333,612.1667,576.2009,621.5915
2016-08-20 20:20:00,2016-08-20 21:15:00,13,393.0,338.0,388.0,388.0,352.0,344.66666,374.31744,362.66803
2016-08-20 20:20:00,2016-08-20 21:15:00,102,56.0,55.0,63.0,63.0,65.166664,62.833332,62.545555,61.09105
2016-08-20 20:25:00,2016-08-20 21:20:00,9,537.0,605.0,571.0,571.0,575.1667,599.5,578.97455,605.9867
2016-08-20 20:25:00,2016-08-20 21:20:00,13,364.0,300.0,393.0,393.0,348.5,364.16666,374.0135,384.16937
2016-08-20 20:25:00,2016-08-20 21:20:00,102,63.0,60.0,56.0,56.0,64.833336,64.166664,60.514877,61.03648
2016-08-20 20:30:00,2016-08-20 21:25:00,9,625.0,528.0,537.0,537.0,573.0,588.6667,561.7335,583.56995
2016-08-20 20:30:00,2016-08-20 21:25:00,13,365.0,341.0,364.0,364.0,366.0,364.16666,377.71613,374.06174
2016-08-20 20:30:00,2016-08-20 21:25:00,102,69.0,57.0,63.0,63.0,64.666664,63.333332,62.154392,61.40519
2016-08-20 20:35:00,2016-08-20 21:30:00,9,558.0,581.0,625.0,625.0,579.6667,572.0,586.7396,578.75525
2016-08-20 20:35:00,2016-08-20 21:30:00,13,357.0,277.0,365.0,365.0,352.66666,360.0,364.89694,370.59732
2016-08-20 20:35:00,2016-08-20 21:30:00,102,54.0,61.0,69.0,69.0,60.833332,64.0,61.948414,64.92588
2016-08-20 20:40:00,2016-08-20 21:35:00,9,625.0,554.0,558.0,558.0,556.3333,595.5,561.73987,601.26086
2016-08-20 20:40:00,2016-08-20 21:35:00,13,334.0,369.0,357.0,357.0,374.5,362.66666,373.84445,362.8669
2016-08-20 20:40:00,2016-08-20 21:35:00,102,46.0,58.0,54.0,54.0,65.5,67.166664,61.906796,64.33299
2016-08-20 20:45:00,2016-08-20 21:40:00,9,587.0,614.0,625.0,625.0,590.8333,574.1667,594.8294,577.12445
2016-08-20 20:45:00,2016-08-20 21:40:00,13,352.0,359.0,334.0,334.0,354.33334,371.0,351.69028,370.36072
2016-08-20 20:45:00,2016-08-20 21:40:00,102,48.0,52.0,46.0,46.0,62.5,70.5,56.462643,66.01609
2016-08-20 20:50:00,2016-08-20 21:45:00,9,557.0,594.0,587.0,587.0,567.1667,557.5,571.93274,561.0284
2016-08-20 20:50:00,2016-08-20 21:45:00,13,308.0,359.0,352.0,352.0,362.16666,365.0,358.8533,363.7538
2016-08-20 20:50:00,2016-08-20 21:45:00,102,54.0,74.0,48.0,48.0,62.0,61.833332,52.321484,54.5938
2016-08-20 20:55:00,2016-08-20 21:50:00,9,558.0,613.0,557.0,557.0,597.8333,581.1667,581.2357,567.4532
2016-08-20 20:55:00,2016-08-20 21:50:00,13,321.0,356.0,308.0,308.0,346.66666,355.83334,333.08545,346.8583
2016-08-20 20:55:00,2016-08-20 21:50:00,102,50.0,56.0,54.0,54.0,69.5,58.833332,58.514355,50.037712
2016-08-20 21:00:00,2016-08-20 21:55:00,9,558.0,545.0,558.0,558.0,596.3333,571.1667,576.3118,555.55475
2016-08-20 21:00:00,2016-08-20 21:55:00,13,349.0,395.0,321.0,321.0,362.33334,356.16666,338.20724,338.21338
2016-08-20 21:00:00,2016-08-20 21:55:00,102,45.0,67.0,50.0,50.0,59.333332,58.166668,51.165745,51.68609
2016-08-20 21:05:00,2016-08-20 22:00:00,9,595.0,627.0,558.0,558.0,580.3333,577.5,561.4318,562.76794
2016-08-20 21:05:00,2016-08-20 22:00:00,13,330.0,349.0,349.0,349.0,347.16666,339.83334,332.32596,328.72186
2016-08-20 21:05:00,2016-08-20 22:00:00,102,77.0,60.0,45.0,45.0,61.833332,61.5,50.98603,52.94522
2016-08-20 21:10:00,2016-08-20 22:05:00,9,593.0,617.0,595.0,595.0,611.3333,590.3333,589.5753,572.39496
2016-08-20 21:10:00,2016-08-20 22:05:00,13,335.0,367.0,330.0,330.0,368.16666,340.16666,343.84338,320.6455
2016-08-20 21:10:00,2016-08-20 22:05:00,102,56.0,41.0,77.0,77.0,65.5,62.333332,62.88203,59.73312
2016-08-20 21:15:00,2016-08-20 22:10:00,9,559.0,634.0,593.0,593.0,612.1667,561.1667,596.6036,548.1914
2016-08-20 21:15:00,2016-08-20 22:10:00,13,338.0,396.0,335.0,335.0,344.66666,345.33334,329.25058,332.73624
2016-08-20 21:15:00,2016-08-20 22:10:00,102,55.0,59.0,56.0,56.0,62.833332,60.0,58.733704,56.34106
2016-08-20 21:20:00,2016-08-20 22:15:00,9,605.0,603.0,559.0,559.0,599.5,585.0,586.2907,574.6045
2016-08-20 21:20:00,2016-08-20 22:15:00,13,300.0,362.0,338.0,338.0,364.16666,356.16666,341.78445,338.0478
2016-08-20 21:20:00,2016-08-20 22:15:00,102,60.0,50.0,55.0,55.0,64.166664,61.166668,58.75951,56.442684
2016-08-20 21:25:00,2016-08-20 22:20:00,9,528.0,683.0,605.0,605.0,588.6667,598.0,596.6901,604.2666
2016-08-20 21:25:00,2016-08-20 22:20:00,13,341.0,346.0,300.0,300.0,364.16666,341.16666,330.52454,314.15186
2016-08-20 21:25:00,2016-08-20 22:20:00,102,57.0,69.0,60.0,60.0,63.333332,59.0,58.437565,54.867393
2016-08-20 21:30:00,2016-08-20 22:25:00,9,581.0,619.0,528.0,528.0,572.0,586.1667,561.83093,579.51294
2016-08-20 21:30:00,2016-08-20 22:25:00,13,277.0,361.0,341.0,341.0,360.0,349.16666,334.84695,328.59793
2016-08-20 21:30:00,2016-08-20 22:25:00,102,61.0,71.0,57.0,57.0,64.0,61.333332,58.41767,56.506763
2016-08-20 21:35:00,2016-08-20 22:30:00,9,554.0,690.0,581.0,581.0,595.5,574.1667,584.65466,565.59033
2016-08-20 21:35:00,2016-08-20 22:30:00,13,369.0,328.0,277.0,277.0,362.66666,342.0,318.4105,307.109
2016-08-20 21:35:00,2016-08-20 22:30:00,102,58.0,59.0,61.0,61.0,67.166664,60.833332,61.732,56.12447
2016-08-20 21:40:00,2016-08-20 22:35:00,9,614.0,618.0,554.0,554.0,574.1667,576.8333,566.54034,571.83
2016-08-20 21:40:00,2016-08-20 22:35:00,13,359.0,366.0,369.0,369.0,371.0,333.33334,344.73148,310.92184
2016-08-20 21:40:00,2016-08-20 22:35:00,102,52.0,52.0,58.0,58.0,70.5,63.5,64.93392,58.945957
2016-08-20 21:45:00,2016-08-20 22:40:00,9,594.0,638.0,614.0,614.0,557.5,590.3333,575.386,604.23645
2016-08-20 21:45:00,2016-08-20 22:40:00,13,359.0,323.0,359.0,359.0,365.0,328.33334,349.9697,315.14645
2016-08-20 21:45:00,2016-08-20 22:40:00,102,74.0,57.0,52.0,52.0,61.833332,61.833332,58.494804,59.14216
2016-08-20 21:50:00,2016-08-20 22:45:00,9,613.0,640.0,594.0,594.0,581.1667,568.0,590.06195,574.8242
2016-08-20 21:50:00,2016-08-20 22:45:00,13,356.0,352.0,359.0,359.0,355.83334,324.16666,352.07568,319.20255
2016-08-20 21:50:00,2016-08-20 22:45:00,102,56.0,54.0,74.0,74.0,58.833332,62.5,62.58213,65.32288
2016-08-20 21:55:00,2016-08-20 22:50:00,9,545.0,638.0,613.0,613.0,571.1667,583.6667,591.6895,599.36694
2016-08-20 21:55:00,2016-08-20 22:50:00,13,395.0,302.0,356.0,356.0,356.16666,305.0,353.7127,301.5557
2016-08-20 21:55:00,2016-08-20 22:50:00,102,67.0,54.0,56.0,56.0,58.166668,61.666668,59.413017,62.689743
2016-08-20 22:00:00,2016-08-20 22:55:00,9,627.0,685.0,545.0,545.0,577.5,572.5,575.3616,571.0494
2016-08-20 22:00:00,2016-08-20 22:55:00,13,349.0,351.0,395.0,395.0,339.83334,313.83334,358.8504,327.1736
2016-08-20 22:00:00,2016-08-20 22:55:00,102,60.0,51.0,67.0,67.0,61.5,51.666668,62.04441,51.69326
2016-08-20 22:05:00,2016-08-20 23:00:00,9,617.0,627.0,627.0,627.0,590.3333,560.8333,600.12555,568.0798
2016-08-20 22:05:00,2016-08-20 23:00:00,13,367.0,319.0,349.0,349.0,340.16666,287.0,349.6275,292.8032
2016-08-20 22:05:00,2016-08-20 23:00:00,102,41.0,46.0,60.0,60.0,62.333332,55.333332,60.906425,54.10187
2016-08-20 22:10:00,2016-08-20 23:05:00,9,634.0,654.0,617.0,617.0,561.1667,554.5,586.3202,573.93555
2016-08-20 22:10:00,2016-08-20 23:05:00,13,396.0,304.0,367.0,367.0,345.33334,297.33334,353.96777,302.8006
2016-08-20 22:10:00,2016-08-20 23:05:00,102,59.0,42.0,41.0,41.0,60.0,55.0,54.213432,50.48521
2016-08-20 22:15:00,2016-08-20 23:10:00,9,603.0,599.0,634.0,634.0,585.0,555.5,607.5541,571.60315
2016-08-20 22:15:00,2016-08-20 23:10:00,13,362.0,279.0,396.0,396.0,356.16666,293.16666,372.53748,304.80017
2016-08-20 22:15:00,2016-08-20 23:10:00,102,50.0,42.0,59.0,59.0,61.166668,56.833332,57.430412,53.911736
2016-08-20 22:20:00,2016-08-20 23:15:00,9,683.0,512.0,603.0,603.0,598.0,541.6667,608.84955,549.7476
2016-08-20 22:20:00,2016-08-20 23:15:00,13,346.0,279.0,362.0,362.0,341.16666,279.0,359.09985,291.97354
2016-08-20 22:20:00,2016-08-20 23:15:00,102,69.0,50.0,50.0,50.0,59.0,54.166668,53.272587,49.796566
2016-08-20 22:25:00,2016-08-20 23:20:00,9,619.0,543.0,683.0,683.0,586.1667,540.8333,630.37775,574.37286
2016-08-20 22:25:00,2016-08-20 23:20:00,13,361.0,291.0,346.0,346.0,349.16666,279.0,356.563,284.7636
2016-08-20 22:25:00,2016-08-20 23:20:00,102,71.0,41.0,69.0,69.0,61.333332,54.833332,59.703476,53.108055
2016-08-20 22:30:00,2016-08-20 23:25:00,9,690.0,523.0,619.0,619.0,574.1667,515.1667,611.92523,544.3726
2016-08-20 22:30:00,2016-08-20 23:25:00,13,328.0,248.0,361.0,361.0,342.0,262.66666,355.4017,273.3408
2016-08-20 22:30:00,2016-08-20 23:25:00,102,59.0,33.0,71.0,71.0,60.833332,54.166668,62.402477,55.081604
2016-08-20 22:35:00,2016-08-20 23:30:00,9,618.0,473.0,690.0,690.0,576.8333,513.3333,631.90216,555.3111
2016-08-20 22:35:00,2016-08-20 23:30:00,13,366.0,266.0,328.0,328.0,333.33334,252.66667,338.75507,257.19156
2016-08-20 22:35:00,2016-08-20 23:30:00,102,52.0,43.0,59.0,59.0,63.5,54.5,62.806965,53.619637
2016-08-20 22:40:00,2016-08-20 23:35:00,9,638.0,484.0,618.0,618.0,590.3333,517.6667,628.9119,548.0735
2016-08-20 22:40:00,2016-08-20 23:35:00,13,323.0,281.0,366.0,366.0,328.33334,259.83334,346.37747,274.2436
2016-08-20 22:40:00,2016-08-20 23:35:00,102,57.0,42.0,52.0,52.0,61.833332,48.666668,58.310482,45.69403
2016-08-20 22:45:00,2016-08-20 23:40:00,9,640.0,507.0,638.0,638.0,568.0,452.0,608.0045,483.05502
2016-08-20 22:45:00,2016-08-20 23:40:00,13,352.0,261.0,323.0,323.0,324.16666,267.33334,338.32886,279.61203
2016-08-20 22:45:00,2016-08-20 23:40:00,102,54.0,41.0,57.0,57.0,62.5,52.166668,58.67505,49.154434
2016-08-20 22:50:00,2016-08-20 23:45:00,9,638.0,488.0,640.0,640.0,583.6667,463.83334,620.4086,492.91272
2016-08-20 22:50:00,2016-08-20 23:45:00,13,302.0,228.0,352.0,352.0,305.0,242.33333,328.61624,261.362
2016-08-20 22:50:00,2016-08-20 23:45:00,102,54.0,22.0,54.0,54.0,61.666668,48.833332,59.34149,46.886116
2016-08-20 22:55:00,2016-08-20 23:50:00,9,685.0,411.0,638.0,638.0,572.5,442.0,618.69086,478.33356
2016-08-20 22:55:00,2016-08-20 23:50:00,13,351.0,234.0,302.0,302.0,313.83334,235.16667,320.749,241.91846
2016-08-20 22:55:00,2016-08-20 23:50:00,102,51.0,29.0,54.0,54.0,51.666668,41.833332,51.27452,41.542595
2016-08-20 23:00:00,2016-08-20 23:55:00,9,627.0,431.0,685.0,685.0,560.8333,443.16666,627.58453,495.3545
2016-08-20 23:00:00,2016-08-20 23:55:00,13,319.0,227.0,351.0,351.0,287.0,214.83333,313.7836,236.4454
2016-08-20 23:00:00,2016-08-20 23:55:00,102,46.0,28.0,51.0,51.0,55.333332,38.333332,51.51263,35.324318
2016-08-20 23:05:00,2016-08-21 00:00:00,9,654.0,442.0,627.0,627.0,554.5,444.33334,615.60986,493.2664
2016-08-20 23:05:00,2016-08-21 00:00:00,13,304.0,216.0,319.0,319.0,297.33334,231.33333,317.67865,247.85275
2016-08-20 23:05:00,2016-08-21 00:00:00,102,42.0,37.0,46.0,46.0,55.0,42.833332,50.424637,39.15817
2016-08-20 23:10:00,2016-08-21 00:05:00,9,599.0,419.0,654.0,654.0,555.5,416.33334,618.4233,466.39594
2016-08-20 23:10:00,2016-08-21 00:05:00,13,279.0,222.0,304.0,304.0,293.16666,210.66667,307.4878,222.6738
2016-08-20 23:10:00,2016-08-21 00:05:00,102,42.0,30.0,42.0,42.0,56.833332,38.5,48.628155,32.13244
2016-08-20 23:15:00,2016-08-21 00:10:00,9,512.0,321.0,599.0,599.0,541.6667,418.16666,599.50446,465.47278
2016-08-20 23:15:00,2016-08-21 00:10:00,13,279.0,204.0,279.0,279.0,279.0,199.5,287.21252,207.24998
2016-08-20 23:15:00,2016-08-21 00:10:00,102,50.0,30.0,42.0,42.0,54.166668,35.666668,45.475426,28.820263
2016-08-20 23:20:00,2016-08-21 00:15:00,9,543.0,377.0,512.0,512.0,540.8333,390.66666,563.432,411.67355
2016-08-20 23:20:00,2016-08-21 00:15:00,13,291.0,217.0,279.0,279.0,279.0,209.16667,285.81473,215.81302
2016-08-20 23:20:00,2016-08-21 00:15:00,102,41.0,24.0,50.0,50.0,54.833332,40.333332,47.529137,34.33696
2016-08-20 23:25:00,2016-08-21 00:20:00,9,523.0,335.0,543.0,543.0,515.1667,395.83334,544.13416,422.1364
2016-08-20 23:25:00,2016-08-21 00:20:00,13,248.0,198.0,291.0,291.0,262.66666,192.16667,277.61972,205.13156
2016-08-20 23:25:00,2016-08-21 00:20:00,102,33.0,37.0,41.0,41.0,54.166668,37.0,45.325165,29.870953
2016-08-20 23:30:00,2016-08-21 00:25:00,9,473.0,355.0,523.0,523.0,513.3333,398.33334,531.7067,416.79214
2016-08-20 23:30:00,2016-08-21 00:25:00,13,266.0,214.0,248.0,248.0,252.66667,195.5,259.16898,202.03813
2016-08-20 23:30:00,2016-08-21 00:25:00,102,43.0,23.0,33.0,33.0,54.5,36.0,43.312614,27.14595
2016-08-20 23:35:00,2016-08-21 00:30:00,9,484.0,350.0,473.0,473.0,517.6667,393.16666,524.441,402.3108
2016-08-20 23:35:00,2016-08-21 00:30:00,13,281.0,203.0,266.0,266.0,259.83334,184.33333,258.1306,183.96364
2016-08-20 23:35:00,2016-08-21 00:30:00,102,42.0,31.0,43.0,43.0,48.666668,31.333334,40.705917,24.948082
2016-08-20 23:40:00,2016-08-21 00:35:00,9,507.0,343.0,484.0,484.0,452.0,336.0,470.03433,354.8179
2016-08-20 23:40:00,2016-08-21 00:35:00,13,261.0,165.0,281.0,281.0,267.33334,179.66667,271.92603,183.68732
2016-08-20 23:40:00,2016-08-21 00:35:00,102,41.0,28.0,42.0,42.0,52.166668,31.5,43.96524,24.735313
2016-08-20 23:45:00,2016-08-21 00:40:00,9,488.0,284.0,507.0,507.0,463.83334,321.33334,480.15488,336.84732
2016-08-20 23:45:00,2016-08-21 00:40:00,13,228.0,160.0,261.0,261.0,242.33333,171.83333,256.2621,183.4326
2016-08-20 23:45:00,2016-08-21 00:40:00,102,22.0,20.0,41.0,41.0,48.833332,32.0,44.02993,27.938557
2016-08-20 23:50:00,2016-08-21 00:45:00,9,411.0,287.0,488.0,488.0,442.0,314.5,466.9179,335.5163
2016-08-20 23:50:00,2016-08-21 00:45:00,13,234.0,170.0,228.0,228.0,235.16667,157.33333,242.55801,164.02116
2016-08-20 23:50:00,2016-08-21 00:45:00,102,29.0,28.0,22.0,22.0,41.833332,27.833334,33.896828,21.717438
2016-08-20 23:55:00,2016-08-21 00:50:00,9,431.0,267.0,411.0,411.0,443.16666,302.33334,439.87766,302.0697
2016-08-20 23:55:00,2016-08-21 00:50:00,13,227.0,168.0,234.0,234.0,214.83333,134.66667,220.18954,139.82188
2016-08-20 23:55:00,2016-08-21 00:50:00,102,28.0,32.0,29.0,29.0,38.333332,26.0,30.126617,19.567585
2016-08-21 00:00:00,2016-08-21 00:55:00,9,442.0,225.0,431.0,431.0,444.33334,291.66666,436.85077,287.33307
2016-08-21 00:00:00,2016-08-21 00:55:00,13,216.0,153.0,227.0,227.0,231.33333,146.16667,231.58893,146.70161
2016-08-21 00:00:00,2016-08-21 00:55:00,102,37.0,17.0,28.0,28.0,42.833332,25.5,32.731483,17.510677
2016-08-21 00:05:00,2016-08-21 01:00:00,9,419.0,249.0,442.0,442.0,416.33334,257.5,416.20114,258.2425
2016-08-21 00:05:00,2016-08-21 01:00:00,13,222.0,153.0,216.0,216.0,210.66667,173.0,221.71524,182.7524
2016-08-21 00:05:00,2016-08-21 01:00:00,102,30.0,27.0,37.0,37.0,38.5,28.166666,33.972507,24.410732
2016-08-21 00:10:00,2016-08-21 01:05:00,9,321.0,199.0,419.0,419.0,418.16666,240.0,415.824,238.46892
2016-08-21 00:10:00,2016-08-21 01:05:00,13,204.0,157.0,222.0,222.0,199.5,151.5,211.04776,161.77545
2016-08-21 00:10:00,2016-08-21 01:05:00,102,30.0,16.0,30.0,30.0,35.666668,25.666666,30.457935,21.38258
2016-08-21 00:15:00,2016-08-21 01:10:00,9,377.0,207.0,321.0,321.0,390.66666,243.5,370.39343,229.22699
2016-08-21 00:15:00,2016-08-21 01:10:00,13,217.0,142.0,204.0,204.0,209.16667,134.16667,208.4992,134.28734
2016-08-21 00:15:00,2016-08-21 01:10:00,102,24.0,22.0,30.0,30.0,40.333332,26.0,32.606445,19.65023
2016-08-21 00:20:00,2016-08-21 01:15:00,9,335.0,220.0,377.0,377.0,395.83334,229.5,370.14014,210.28716
2016-08-21 00:20:00,2016-08-21 01:15:00,13,198.0,132.0,217.0,217.0,192.16667,133.0,200.51462,140.09782
2016-08-21 00:20:00,2016-08-21 01:15:00,102,37.0,26.0,24.0,24.0,37.0,23.333334,29.367764,17.21421
2016-08-21 00:25:00,2016-08-21 01:20:00,9,355.0,234.0,335.0,335.0,398.33334,199.66667,359.08508,169.54294
2016-08-21 00:25:00,2016-08-21 01:20:00,13,214.0,147.0,198.0,198.0,195.5,125.0,201.78648,130.559
2016-08-21 00:25:00,2016-08-21 01:20:00,102,23.0,14.0,37.0,37.0,36.0,27.333334,33.751118,25.31705
2016-08-21 00:30:00,2016-08-21 01:25:00,9,350.0,170.0,355.0,355.0,393.16666,202.16667,368.69336,182.92972
2016-08-21 00:30:00,2016-08-21 01:25:00,13,203.0,131.0,214.0,214.0,184.33333,135.66667,201.00485,149.07915
2016-08-21 00:30:00,2016-08-21 01:25:00,102,31.0,20.0,23.0,23.0,31.333334,24.5,27.91568,21.728695
2016-08-21 00:35:00,2016-08-21 01:30:00,9,343.0,160.0,350.0,350.0,336.0,177.33333,336.3849,178.40442
2016-08-21 00:35:00,2016-08-21 01:30:00,13,165.0,132.0,203.0,203.0,179.66667,145.66667,198.25406,160.88844
2016-08-21 00:35:00,2016-08-21 01:30:00,102,28.0,14.0,31.0,31.0,31.5,24.833334,28.887108,22.56044
2016-08-21 00:40:00,2016-08-21 01:35:00,9,284.0,168.0,343.0,343.0,321.33334,173.5,327.2824,178.18668
2016-08-21 00:40:00,2016-08-21 01:35:00,13,160.0,122.0,165.0,165.0,171.83333,124.333336,181.42139,133.04887
2016-08-21 00:40:00,2016-08-21 01:35:00,102,20.0,13.0,28.0,28.0,32.0,22.833334,29.291367,20.645725
2016-08-21 00:45:00,2016-08-21 01:40:00,9,287.0,127.0,284.0,284.0,314.5,168.33333,308.24213,164.2073
2016-08-21 00:45:00,2016-08-21 01:40:00,13,170.0,102.0,160.0,160.0,157.33333,122.0,168.47711,132.33342
2016-08-21 00:45:00,2016-08-21 01:40:00,102,28.0,12.0,20.0,20.0,27.833334,26.166666,26.024582,24.755981
2016-08-21 00:50:00,2016-08-21 01:45:00,9,267.0,144.0,287.0,287.0,302.33334,159.5,297.5006,156.92987
2016-08-21 00:50:00,2016-08-21 01:45:00,13,168.0,132.0,170.0,170.0,134.66667,120.0,152.18654,135.34755
2016-08-21 00:50:00,2016-08-21 01:45:00,102,32.0,16.0,28.0,28.0,26.0,19.166666,25.053974,18.449715
2016-08-21 00:55:00,2016-08-21 01:50:00,9,225.0,170.0,267.0,267.0,291.66666,159.0,286.67554,156.36334
2016-08-21 00:55:00,2016-08-21 01:50:00,13,153.0,114.0,168.0,168.0,146.16667,114.833336,154.00209,121.66713
2016-08-21 00:55:00,2016-08-21 01:50:00,102,17.0,21.0,32.0,32.0,25.5,20.0,26.122036,20.3349
2016-08-21 01:00:00,2016-08-21 01:55:00,9,249.0,172.0,225.0,225.0,257.5,149.0,250.41266,145.35718
2016-08-21 01:00:00,2016-08-21 01:55:00,13,153.0,111.0,153.0,153.0,173.0,120.666664,167.60628,116.90837
2016-08-21 01:00:00,2016-08-21 01:55:00,102,27.0,15.0,17.0,17.0,28.166666,22.5,24.466072,19.455032
2016-08-21 01:05:00,2016-08-21 02:00:00,9,199.0,126.0,249.0,249.0,240.0,146.83333,239.08647,148.26602
2016-08-21 01:05:00,2016-08-21 02:00:00,13,157.0,111.0,153.0,153.0,151.5,125.166664,155.76994,129.47064
2016-08-21 01:05:00,2016-08-21 02:00:00,102,16.0,20.0,27.0,27.0,25.666666,18.333334,23.998848,16.969124
2016-08-21 01:10:00,2016-08-21 02:05:00,9,207.0,125.0,199.0,199.0,243.5,146.83333,230.80634,138.88184
2016-08-21 01:10:00,2016-08-21 02:05:00,13,142.0,128.0,157.0,157.0,134.16667,121.0,146.93364,131.86716
2016-08-21 01:10:00,2016-08-21 02:05:00,102,22.0,17.0,16.0,16.0,26.0,18.0,21.48053,14.492458
2016-08-21 01:15:00,2016-08-21 02:10:00,9,220.0,142.0,207.0,207.0,229.5,148.5,220.46753,143.34195
2016-08-21 01:15:00,2016-08-21 02:10:00,13,132.0,126.0,142.0,142.0,133.0,125.5,142.54382,133.92783
2016-08-21 01:15:00,2016-08-21 02:10:00,102,26.0,8.0,22.0,22.0,23.333334,17.166666,20.05817,14.380615
2016-08-21 01:20:00,2016-08-21 02:15:00,9,234.0,143.0,220.0,220.0,199.66667,147.66667,206.83937,155.40128
2016-08-21 01:20:00,2016-08-21 02:15:00,13,147.0,106.0,132.0,132.0,125.0,115.5,129.62901,119.946625
2016-08-21 01:20:00,2016-08-21 02:15:00,102,14.0,16.0,26.0,26.0,27.333334,20.0,24.082348,17.324944
2016-08-21 01:25:00,2016-08-21 02:20:00,9,170.0,135.0,234.0,234.0,202.16667,150.16667,216.82587,162.64331
2016-08-21 01:25:00,2016-08-21 02:20:00,13,131.0,116.0,147.0,147.0,135.66667,108.666664,134.27994,107.72574
2016-08-21 01:25:00,2016-08-21 02:20:00,102,20.0,14.0,14.0,14.0,24.5,16.833334,19.801888,13.02927
2016-08-21 01:30:00,2016-08-21 02:25:00,9,160.0,109.0,170.0,170.0,177.33333,138.83333,185.62079,146.80618
2016-08-21 01:30:00,2016-08-21 02:25:00,13,132.0,84.0,131.0,131.0,145.66667,110.333336,140.18945,106.07852
2016-08-21 01:30:00,2016-08-21 02:25:00,102,14.0,15.0,20.0,20.0,24.833334,18.166666,20.192253,14.3520775
2016-08-21 01:35:00,2016-08-21 02:30:00,9,168.0,108.0,160.0,160.0,173.5,141.66667,172.18726,142.57678
2016-08-21 01:35:00,2016-08-21 02:30:00,13,122.0,99.0,132.0,132.0,124.333336,106.833336,128.72208,110.55174
2016-08-21 01:35:00,2016-08-21 02:30:00,102,13.0,17.0,14.0,14.0,22.833334,17.166666,17.157757,12.7436905
2016-08-21 01:40:00,2016-08-21 02:35:00,9,127.0,110.0,168.0,168.0,168.33333,130.33333,167.65314,131.26373
2016-08-21 01:40:00,2016-08-21 02:35:00,13,102.0,93.0,122.0,122.0,122.0,100.666664,122.59273,101.47418
2016-08-21 01:40:00,2016-08-21 02:35:00,102,12.0,7.0,13.0,13.0,26.166666,13.5,18.822659,7.5523796
2016-08-21 01:45:00,2016-08-21 02:40:00,9,144.0,128.0,127.0,127.0,159.5,124.833336,147.2898,116.575714
2016-08-21 01:45:00,2016-08-21 02:40:00,13,132.0,92.0,102.0,102.0,120.0,95.5,112.04933,89.49692
2016-08-21 01:45:00,2016-08-21 02:40:00,102,16.0,14.0,12.0,12.0,19.166666,12.666667,13.36467,8.063477
2016-08-21 01:50:00,2016-08-21 02:45:00,9,170.0,111.0,144.0,144.0,159.0,116.0,144.60095,105.72922
2016-08-21 01:50:00,2016-08-21 02:45:00,13,114.0,101.0,132.0,132.0,114.833336,112.0,115.44827,112.51146
2016-08-21 01:50:00,2016-08-21 02:45:00,102,21.0,24.0,16.0,16.0,20.0,12.0,14.057335,7.1650925
2016-08-21 01:55:00,2016-08-21 02:50:00,9,172.0,95.0,170.0,170.0,149.0,111.0,145.979,108.86951
2016-08-21 01:55:00,2016-08-21 02:50:00,13,111.0,88.0,114.0,114.0,120.666664,99.5,114.1875,94.3369
2016-08-21 01:55:00,2016-08-21 02:50:00,102,15.0,15.0,21.0,21.0,22.5,14.0,19.069504,10.912224
2016-08-21 02:00:00,2016-08-21 02:55:00,9,126.0,88.0,172.0,172.0,146.83333,115.0,149.70056,116.62851
2016-08-21 02:00:00,2016-08-21 02:55:00,13,111.0,84.0,111.0,111.0,125.166664,93.5,113.23511,83.53491
2016-08-21 02:00:00,2016-08-21 02:55:00,102,20.0,31.0,15.0,15.0,18.333334,13.833333,15.784451,11.643089
2016-08-21 02:05:00,2016-08-21 03:00:00,9,125.0,110.0,126.0,126.0,146.83333,103.666664,137.91953,96.414795
2016-08-21 02:05:00,2016-08-21 03:00:00,13,128.0,96.0,111.0,111.0,121.0,85.833336,107.91733,75.13516
2016-08-21 02:05:00,2016-08-21 03:00:00,102,17.0,20.0,20.0,20.0,18.0,19.5,17.889778,19.171303
2016-08-21 02:10:00,2016-08-21 03:05:00,9,142.0,82.0,125.0,125.0,148.5,96.833336,130.36615,82.27673
2016-08-21 02:10:00,2016-08-21 03:05:00,13,126.0,78.0,128.0,128.0,125.5,88.666664,118.97847,82.62883
2016-08-21 02:10:00,2016-08-21 03:05:00,102,8.0,14.0,17.0,17.0,17.166666,14.666667,15.994564,13.553982
2016-08-21 02:15:00,2016-08-21 03:10:00,9,143.0,81.0,142.0,142.0,147.66667,87.333336,130.51465,72.77225
2016-08-21 02:15:00,2016-08-21 03:10:00,13,106.0,90.0,126.0,126.0,115.5,88.166664,118.279175,89.417435
2016-08-21 02:15:00,2016-08-21 03:10:00,102,16.0,11.0,8.0,8.0,20.0,13.666667,14.730614,9.394955
2016-08-21 02:20:00,2016-08-21 03:15:00,9,135.0,101.0,143.0,143.0,150.16667,89.333336,136.09583,76.95615
2016-08-21 02:20:00,2016-08-21 03:15:00,13,116.0,77.0,106.0,106.0,108.666664,92.0,108.735016,91.60878
2016-08-21 02:20:00,2016-08-21 03:15:00,102,14.0,10.0,16.0,16.0,16.833334,11.333333,14.018513,8.978378
2016-08-21 02:25:00,2016-08-21 03:20:00,9,109.0,75.0,135.0,135.0,138.83333,92.5,131.6242,85.77182
2016-08-21 02:25:00,2016-08-21 03:20:00,13,84.0,95.0,116.0,116.0,110.333336,94.666664,111.42772,95.03339
2016-08-21 02:25:00,2016-08-21 03:20:00,102,15.0,11.0,14.0,14.0,18.166666,13.833333,15.128056,11.306923
2016-08-21 02:30:00,2016-08-21 03:25:00,9,108.0,82.0,109.0,109.0,141.66667,86.5,125.07611,72.73126
2016-08-21 02:30:00,2016-08-21 03:25:00,13,99.0,95.0,84.0,84.0,106.833336,95.0,100.94177,90.4899
2016-08-21 02:30:00,2016-08-21 03:25:00,102,17.0,6.0,15.0,15.0,17.166666,11.5,15.620567,10.087608
2016-08-21 02:35:00,2016-08-21 03:30:00,9,110.0,82.0,108.0,108.0,130.33333,73.0,113.4577,59.28003
2016-08-21 02:35:00,2016-08-21 03:30:00,13,93.0,71.0,99.0,99.0,100.666664,88.833336,97.33154,86.34126
2016-08-21 02:35:00,2016-08-21 03:30:00,102,7.0,10.0,17.0,17.0,13.5,11.5,14.24807,12.008423
2016-08-21 02:40:00,2016-08-21 03:35:00,9,128.0,75.0,110.0,110.0,124.833336,74.166664,112.48624,64.056335
2016-08-21 02:40:00,2016-08-21 03:35:00,13,92.0,91.0,93.0,93.0,95.5,95.666664,91.32269,92.53554
2016-08-21 02:40:00,2016-08-21 03:35:00,102,14.0,19.0,7.0,7.0,12.666667,12.166667,11.161087,10.96096
2016-08-21 02:45:00,2016-08-21 03:40:00,9,111.0,64.0,128.0,128.0,116.0,68.833336,112.78439,65.45828
2016-08-21 02:45:00,2016-08-21 03:40:00,13,101.0,80.0,92.0,92.0,112.0,92.0,99.51634,81.94539
2016-08-21 02:45:00,2016-08-21 03:40:00,102,24.0,10.0,14.0,14.0,12.0,12.833333,11.230591,12.133133
2016-08-21 02:50:00,2016-08-21 03:45:00,9,95.0,76.0,111.0,111.0,111.0,65.5,105.64096,60.33954
2016-08-21 02:50:00,2016-08-21 03:45:00,13,88.0,97.0,101.0,101.0,99.5,99.0,97.55609,97.427444
2016-08-21 02:50:00,2016-08-21 03:45:00,102,15.0,8.0,24.0,24.0,14.0,16.166666,16.041744,17.601238
2016-08-21 02:55:00,2016-08-21 03:50:00,9,88.0,55.0,95.0,95.0,115.0,62.333332,102.784485,52.039062
2016-08-21 02:55:00,2016-08-21 03:50:00,13,84.0,78.0,88.0,88.0,93.5,99.833336,92.49826,99.24605
2016-08-21 02:55:00,2016-08-21 03:50:00,102,31.0,10.0,15.0,15.0,13.833333,13.0,14.156109,12.96402
2016-08-21 03:00:00,2016-08-21 03:55:00,9,110.0,64.0,88.0,88.0,103.666664,73.0,95.983185,66.76532
2016-08-21 03:00:00,2016-08-21 03:55:00,13,96.0,90.0,84.0,84.0,85.833336,89.333336,83.349945,87.358734
2016-08-21 03:00:00,2016-08-21 03:55:00,102,20.0,8.0,31.0,31.0,19.5,10.833333,21.993519,12.306751
2016-08-21 03:05:00,2016-08-21 04:00:00,9,82.0,73.0,110.0,110.0,96.833336,69.0,98.0842,69.61661
2016-08-21 03:05:00,2016-08-21 04:00:00,13,78.0,71.0,96.0,96.0,88.666664,83.166664,85.120895,80.09352
2016-08-21 03:05:00,2016-08-21 04:00:00,102,14.0,10.0,20.0,20.0,14.666667,9.333333,18.835014,12.387951
2016-08-21 03:10:00,2016-08-21 04:05:00,9,81.0,66.0,82.0,82.0,87.333336,68.666664,85.00653,66.62146
2016-08-21 03:10:00,2016-08-21 04:05:00,13,90.0,77.0,78.0,78.0,88.166664,97.166664,81.856064,91.88017
2016-08-21 03:10:00,2016-08-21 04:05:00,102,11.0,13.0,14.0,14.0,13.666667,13.333333,17.52922,16.183662
2016-08-21 03:15:00,2016-08-21 04:10:00,9,101.0,56.0,81.0,81.0,89.333336,57.833332,79.90634,50.054535
2016-08-21 03:15:00,2016-08-21 04:10:00,13,77.0,86.0,90.0,90.0,92.0,93.0,85.3347,87.16536
2016-08-21 03:15:00,2016-08-21 04:10:00,102,10.0,8.0,11.0,11.0,11.333333,12.5,13.300152,14.236828
2016-08-21 03:20:00,2016-08-21 04:15:00,9,75.0,57.0,101.0,101.0,92.5,57.166668,87.63852,52.76056
2016-08-21 03:20:00,2016-08-21 04:15:00,13,95.0,87.0,77.0,77.0,94.666664,87.333336,81.51683,76.64255
2016-08-21 03:20:00,2016-08-21 04:15:00,102,11.0,9.0,10.0,10.0,13.833333,9.833333,12.817833,9.156986
2016-08-21 03:25:00,2016-08-21 04:20:00,9,82.0,69.0,75.0,75.0,86.5,61.833332,83.642975,59.13977
2016-08-21 03:25:00,2016-08-21 04:20:00,13,95.0,89.0,95.0,95.0,95.0,93.5,87.94798,87.06587
2016-08-21 03:25:00,2016-08-21 04:20:00,102,6.0,13.0,11.0,11.0,11.5,12.666667,11.158379,12.468033
2016-08-21 03:30:00,2016-08-21 04:25:00,9,82.0,56.0,82.0,82.0,73.0,68.166664,76.5871,70.7926
2016-08-21 03:30:00,2016-08-21 04:25:00,13,71.0,99.0,95.0,95.0,88.833336,106.166664,87.32994,104.36162
2016-08-21 03:30:00,2016-08-21 04:25:00,102,10.0,10.0,6.0,6.0,11.5,11.333333,8.819706,9.479588
2016-08-21 03:35:00,2016-08-21 04:30:00,9,75.0,59.0,82.0,82.0,74.166664,69.2,76.767,71.15021
2016-08-21 03:35:00,2016-08-21 04:30:00,13,91.0,101.0,71.0,71.0,95.666664,105.0,85.31172,96.46495
2016-08-21 03:35:00,2016-08-21 04:30:00,102,19.0,17.0,10.0,10.0,12.166667,11.8,9.617786,9.878025
2016-08-21 03:40:00,2016-08-21 04:35:00,9,64.0,47.0,75.0,75.0,68.833336,62.0,70.1066,62.631622
2016-08-21 03:40:00,2016-08-21 04:35:00,13,80.0,108.0,91.0,91.0,92.0,102.8,83.92761,95.885635
2016-08-21 03:40:00,2016-08-21 04:35:00,102,10.0,12.0,19.0,19.0,12.833333,13.8,12.464481,13.391079
2016-08-21 03:45:00,2016-08-21 04:40:00,9,76.0,71.0,64.0,64.0,65.5,70.0,65.28412,69.7887
2016-08-21 03:45:00,2016-08-21 04:40:00,13,97.0,116.0,80.0,80.0,99.0,115.0,86.91377,105.07193
2016-08-21 03:45:00,2016-08-21 04:40:00,102,8.0,8.0,10.0,10.0,16.166666,12.8,13.233952,10.381409
2016-08-21 03:50:00,2016-08-21 04:45:00,9,55.0,67.0,76.0,76.0,62.333332,67.2,63.719208,68.20056
2016-08-21 03:50:00,2016-08-21 04:45:00,13,78.0,103.0,97.0,97.0,99.833336,112.2,94.514084,107.33165
2016-08-21 03:50:00,2016-08-21 04:45:00,102,10.0,11.0,8.0,8.0,13.0,13.8,11.029728,12.166561
2016-08-21 03:55:00,2016-08-21 04:50:00,9,64.0,47.0,55.0,55.0,73.0,67.8,64.289276,60.53781
2016-08-21 03:55:00,2016-08-21 04:50:00,13,90.0,119.0,78.0,78.0,89.333336,115.8,85.72296,112.82753
2016-08-21 03:55:00,2016-08-21 04:50:00,102,8.0,11.0,10.0,10.0,10.833333,14.0,9.202869,12.742123
2016-08-21 04:00:00,2016-08-21 04:55:00,9,73.0,49.0,64.0,64.0,69.0,71.8,61.57364,65.671906
2016-08-21 04:00:00,2016-08-21 04:55:00,13,71.0,104.0,90.0,90.0,83.166664,114.8,80.88933,112.68271
2016-08-21 04:00:00,2016-08-21 04:55:00,102,10.0,7.0,8.0,8.0,9.333333,12.0,7.398758,10.390194
2016-08-21 04:05:00,2016-08-21 05:00:00,9,66.0,74.0,73.0,73.0,68.666664,78.8,67.327545,77.461975
2016-08-21 04:05:00,2016-08-21 05:00:00,13,77.0,100.0,71.0,71.0,97.166664,108.6,83.53598,97.48117
2016-08-21 04:05:00,2016-08-21 05:00:00,102,13.0,11.0,10.0,10.0,13.333333,12.0,10.178547,9.357613
2016-08-21 04:10:00,2016-08-21 05:05:00,9,56.0,73.0,66.0,66.0,57.833332,80.2,60.830627,82.14172
2016-08-21 04:10:00,2016-08-21 05:05:00,13,86.0,122.0,77.0,77.0,93.0,112.2,81.10582,102.53882
2016-08-21 04:10:00,2016-08-21 05:05:00,102,8.0,12.0,13.0,13.0,12.5,11.2,11.021519,9.868309
2016-08-21 04:15:00,2016-08-21 05:10:00,9,57.0,88.0,56.0,56.0,57.166668,78.0,54.19275,75.419464
2016-08-21 04:15:00,2016-08-21 05:10:00,13,87.0,124.0,86.0,86.0,87.333336,121.0,80.2021,114.936676
2016-08-21 04:15:00,2016-08-21 05:10:00,102,9.0,12.0,8.0,8.0,9.833333,12.0,8.374851,10.667648
2016-08-21 04:20:00,2016-08-21 05:15:00,9,69.0,78.0,57.0,57.0,61.833332,84.4,55.1976,78.849396
2016-08-21 04:20:00,2016-08-21 05:15:00,13,89.0,130.0,87.0,87.0,93.5,133.4,83.47569,124.82057
2016-08-21 04:20:00,2016-08-21 05:15:00,102,13.0,12.0,9.0,9.0,12.666667,13.8,10.081757,11.633518
2016-08-21 04:25:00,2016-08-21 05:20:00,9,56.0,86.0,69.0,69.0,68.166664,101.2,63.72888,97.09183
2016-08-21 04:25:00,2016-08-21 05:20:00,13,99.0,144.0,89.0,89.0,106.166664,151.6,93.67175,141.13287
2016-08-21 04:25:00,2016-08-21 05:20:00,102,10.0,12.0,13.0,13.0,11.333333,15.4,10.722248,14.79464
2016-08-21 04:30:00,2016-08-21 05:25:00,9,59.0,103.0,56.0,56.0,69.2,113.4,64.06583,109.08136
2016-08-21 04:30:00,2016-08-21 05:25:00,13,101.0,148.0,99.0,99.0,105.0,145.2,96.09035,137.55814
2016-08-21 04:30:00,2016-08-21 05:25:00,102,17.0,19.0,10.0,10.0,11.8,10.4,9.484684,8.324387
2016-08-21 04:35:00,2016-08-21 05:30:00,9,47.0,94.0,59.0,59.0,62.0,115.2,57.765106,111.77817
2016-08-21 04:35:00,2016-08-21 05:30:00,13,108.0,144.0,101.0,101.0,102.8,146.0,94.73518,138.83084
2016-08-21 04:35:00,2016-08-21 05:30:00,102,12.0,10.0,17.0,17.0,13.8,13.6,12.716728,12.421471
2016-08-21 04:40:00,2016-08-21 05:35:00,9,71.0,105.0,47.0,47.0,70.0,107.2,56.20337,96.15283
2016-08-21 04:40:00,2016-08-21 05:35:00,13,116.0,146.0,108.0,108.0,115.0,155.0,107.12985,147.7386
2016-08-21 04:40:00,2016-08-21 05:35:00,102,8.0,12.0,12.0,12.0,12.8,13.2,12.062443,12.393444
2016-08-21 04:45:00,2016-08-21 05:40:00,9,67.0,119.0,71.0,71.0,67.2,125.6,61.690796,120.835846
2016-08-21 04:45:00,2016-08-21 05:40:00,13,103.0,132.0,116.0,116.0,112.2,149.6,108.69902,145.87433
2016-08-21 04:45:00,2016-08-21 05:40:00,102,11.0,7.0,8.0,8.0,13.8,15.4,11.609806,13.482075
2016-08-21 04:50:00,2016-08-21 05:45:00,9,47.0,131.0,67.0,67.0,67.8,128.0,64.17755,124.72516
2016-08-21 04:50:00,2016-08-21 05:45:00,13,119.0,138.0,103.0,103.0,115.8,159.4,110.74663,154.50542
2016-08-21 04:50:00,2016-08-21 05:45:00,102,11.0,11.0,11.0,11.0,14.0,16.6,12.151016,15.084301
2016-08-21 04:55:00,2016-08-21 05:50:00,9,49.0,124.0,47.0,47.0,71.8,127.4,57.94861,116.01013
2016-08-21 04:55:00,2016-08-21 05:50:00,13,104.0,141.0,119.0,119.0,114.8,149.4,112.62596,146.84766
2016-08-21 04:55:00,2016-08-21 05:50:00,102,7.0,11.0,11.0,11.0,12.0,13.8,10.707806,12.703999
2016-08-21 05:00:00,2016-08-21 05:55:00,9,74.0,125.0,49.0,49.0,78.8,123.4,56.391632,105.19885
2016-08-21 05:00:00,2016-08-21 05:55:00,13,100.0,132.0,104.0,104.0,108.6,155.0,106.44142,152.73271
2016-08-21 05:00:00,2016-08-21 05:55:00,102,11.0,16.0,7.0,7.0,12.0,13.2,9.3669815,11.019531
2016-08-21 05:05:00,2016-08-21 06:00:00,9,73.0,118.0,74.0,74.0,80.2,116.6,62.385315,101.510345
2016-08-21 05:05:00,2016-08-21 06:00:00,13,122.0,144.0,100.0,100.0,112.2,163.6,104.441864,156.93353
2016-08-21 05:05:00,2016-08-21 06:00:00,102,12.0,12.0,11.0,11.0,11.2,15.2,9.426476,13.752338
2016-08-21 05:10:00,2016-08-21 06:05:00,9,88.0,144.0,73.0,73.0,78.0,145.6,67.341034,135.87393
2016-08-21 05:10:00,2016-08-21 06:05:00,13,124.0,156.0,122.0,122.0,121.0,169.8,111.661575,161.73026
2016-08-21 05:10:00,2016-08-21 06:05:00,102,12.0,11.0,12.0,12.0,12.0,15.2,10.446926,13.836628
2016-08-21 05:15:00,2016-08-21 06:10:00,9,78.0,145.0,88.0,88.0,84.4,148.2,73.829254,138.32095
2016-08-21 05:15:00,2016-08-21 06:10:00,13,130.0,163.0,124.0,124.0,133.4,167.0,118.142365,153.81711
2016-08-21 05:15:00,2016-08-21 06:10:00,102,12.0,7.0,12.0,12.0,13.8,15.2,11.570286,13.212257
2016-08-21 05:20:00,2016-08-21 06:15:00,9,86.0,168.0,78.0,78.0,101.2,160.8,80.50351,142.90768
2016-08-21 05:20:00,2016-08-21 06:15:00,13,144.0,176.0,130.0,130.0,151.6,187.8,134.7031,173.04294
2016-08-21 05:20:00,2016-08-21 06:15:00,102,12.0,20.0,12.0,12.0,15.4,15.6,13.0294075,13.558781
2016-08-21 05:25:00,2016-08-21 06:20:00,9,103.0,100.0,86.0,86.0,113.4,176.0,91.48099,157.04428
2016-08-21 05:25:00,2016-08-21 06:20:00,13,148.0,169.0,144.0,144.0,145.2,192.0,137.71927,185.03944
2016-08-21 05:25:00,2016-08-21 06:20:00,102,19.0,22.0,12.0,12.0,10.4,21.4,10.81287,21.601383
2016-08-21 05:30:00,2016-08-21 06:25:00,9,94.0,139.0,103.0,103.0,115.2,194.2,102.282135,182.70834
2016-08-21 05:30:00,2016-08-21 06:25:00,13,144.0,192.0,148.0,148.0,146.0,209.0,143.71272,206.08754
2016-08-21 05:30:00,2016-08-21 06:25:00,102,10.0,22.0,19.0,19.0,13.6,19.6,14.395321,20.005886
2016-08-21 05:35:00,2016-08-21 06:30:00,9,105.0,177.0,94.0,94.0,107.2,200.6,97.00723,191.48419
2016-08-21 05:35:00,2016-08-21 06:30:00,13,146.0,204.0,144.0,144.0,155.0,213.6,150.42122,209.06306
2016-08-21 05:35:00,2016-08-21 06:30:00,102,12.0,22.0,10.0,10.0,13.2,17.6,11.910694,16.450325
2016-08-21 05:40:00,2016-08-21 06:35:00,9,119.0,181.0,105.0,105.0,125.6,202.2,108.17139,187.1311
2016-08-21 05:40:00,2016-08-21 06:35:00,13,132.0,208.0,146.0,146.0,149.6,216.0,146.78407,213.287
2016-08-21 05:40:00,2016-08-21 06:35:00,102,7.0,16.0,12.0,12.0,15.4,20.0,13.098423,18.009357
2016-08-21 05:45:00,2016-08-21 06:40:00,9,131.0,215.0,119.0,119.0,128.0,220.2,117.84149,211.09673
2016-08-21 05:45:00,2016-08-21 06:40:00,13,138.0,253.0,132.0,132.0,159.4,235.0,152.16084,229.07724
2016-08-21 05:45:00,2016-08-21 06:40:00,102,11.0,12.0,7.0,7.0,16.6,19.8,12.425507,16.494068
2016-08-21 05:50:00,2016-08-21 06:45:00,9,124.0,212.0,131.0,131.0,127.4,227.4,127.34378,226.25475
2016-08-21 05:50:00,2016-08-21 06:45:00,13,141.0,235.0,138.0,138.0,149.4,228.0,143.31029,223.3554
2016-08-21 05:50:00,2016-08-21 06:45:00,102,11.0,20.0,11.0,11.0,13.8,21.0,11.533039,19.185658
2016-08-21 05:55:00,2016-08-21 06:50:00,9,125.0,208.0,124.0,124.0,123.4,235.8,126.729004,237.65517
2016-08-21 05:55:00,2016-08-21 06:50:00,13,132.0,229.0,141.0,141.0,155.0,218.2,143.22539,208.8926
2016-08-21 05:55:00,2016-08-21 06:50:00,102,16.0,20.0,11.0,11.0,13.2,22.8,11.12101,21.138474
2016-08-21 06:00:00,2016-08-21 06:55:00,9,118.0,184.0,125.0,125.0,116.6,239.8,117.01932,239.56372
2016-08-21 06:00:00,2016-08-21 06:55:00,13,144.0,211.0,132.0,132.0,163.6,211.2,142.2043,193.87682
2016-08-21 06:00:00,2016-08-21 06:55:00,102,12.0,13.0,16.0,16.0,15.2,22.2,13.342464,20.58083
2016-08-21 06:05:00,2016-08-21 07:00:00,9,144.0,198.0,118.0,118.0,145.6,220.4,125.713684,203.64783
2016-08-21 06:05:00,2016-08-21 07:00:00,13,156.0,210.0,144.0,144.0,169.8,199.6,144.64177,178.89828
2016-08-21 06:05:00,2016-08-21 07:00:00,102,11.0,12.0,12.0,12.0,15.2,26.6,13.397865,25.05878
2016-08-21 06:10:00,2016-08-21 07:05:00,9,145.0,231.0,144.0,144.0,148.2,234.6,132.27237,220.58382
2016-08-21 06:10:00,2016-08-21 07:05:00,13,163.0,197.0,156.0,156.0,167.0,208.4,145.48564,190.15836
2016-08-21 06:10:00,2016-08-21 07:05:00,102,7.0,19.0,11.0,11.0,15.2,23.6,12.185734,21.140297
2016-08-21 06:15:00,2016-08-21 07:10:00,9,168.0,202.0,145.0,145.0,160.8,234.4,140.13425,216.33517
2016-08-21 06:15:00,2016-08-21 07:10:00,13,176.0,186.0,163.0,163.0,187.8,226.4,161.97072,204.12468
2016-08-21 06:15:00,2016-08-21 07:10:00,102,20.0,23.0,7.0,7.0,15.6,24.6,9.94239,20.070656
2016-08-21 06:20:00,2016-08-21 07:15:00,9,100.0,201.0,168.0,168.0,176.0,242.2,154.22061,222.53397
2016-08-21 06:20:00,2016-08-21 07:15:00,13,169.0,219.0,176.0,176.0,192.0,233.4,167.6748,212.18295
2016-08-21 06:20:00,2016-08-21 07:15:00,102,22.0,14.0,20.0,20.0,21.4,26.6,16.893188,22.71727
2016-08-21 06:25:00,2016-08-21 07:20:00,9,139.0,222.0,100.0,100.0,194.2,263.2,147.1098,224.582
2016-08-21 06:25:00,2016-08-21 07:20:00,13,192.0,250.0,169.0,169.0,209.0,254.4,179.00145,228.8028
2016-08-21 06:25:00,2016-08-21 07:20:00,102,22.0,22.0,22.0,22.0,19.6,24.8,18.129444,23.272545
2016-08-21 06:30:00,2016-08-21 07:25:00,9,177.0,195.0,139.0,139.0,200.6,269.4,153.11813,230.46005
2016-08-21 06:30:00,2016-08-21 07:25:00,13,204.0,254.0,192.0,192.0,213.6,262.2,189.79964,241.42488
2016-08-21 06:30:00,2016-08-21 07:25:00,102,22.0,32.0,22.0,22.0,17.6,27.4,18.56205,27.737862
2016-08-21 06:35:00,2016-08-21 07:30:00,9,181.0,213.0,177.0,177.0,202.2,270.8,163.76273,238.57391
2016-08-21 06:35:00,2016-08-21 07:30:00,13,208.0,258.0,204.0,204.0,216.0,253.8,195.7799,235.86777
2016-08-21 06:35:00,2016-08-21 07:30:00,102,16.0,20.0,22.0,22.0,20.0,30.4,20.715786,30.65532
2016-08-21 06:40:00,2016-08-21 07:35:00,9,215.0,242.0,181.0,181.0,220.2,289.6,182.36176,256.93896
2016-08-21 06:40:00,2016-08-21 07:35:00,13,253.0,271.0,208.0,208.0,235.0,277.4,217.28165,261.32318
2016-08-21 06:40:00,2016-08-21 07:35:00,102,12.0,22.0,16.0,16.0,19.8,30.4,19.09032,29.659985
2016-08-21 06:45:00,2016-08-21 07:40:00,9,212.0,265.0,215.0,215.0,227.4,309.4,202.2443,286.69025
2016-08-21 06:45:00,2016-08-21 07:40:00,13,235.0,301.0,253.0,253.0,228.0,275.8,233.11728,277.83017
2016-08-21 06:45:00,2016-08-21 07:40:00,102,20.0,28.0,12.0,12.0,21.0,37.0,18.025875,34.63498
2016-08-21 06:50:00,2016-08-21 07:45:00,9,208.0,273.0,212.0,212.0,235.8,321.0,215.53902,302.61157
2016-08-21 06:50:00,2016-08-21 07:45:00,13,229.0,299.0,235.0,235.0,218.2,278.0,233.17743,288.4456
2016-08-21 06:50:00,2016-08-21 07:45:00,102,20.0,33.0,20.0,20.0,22.8,36.2,19.961506,33.947998
2016-08-21 06:55:00,2016-08-21 07:50:00,9,184.0,310.0,208.0,208.0,239.8,328.8,224.07889,314.19473
2016-08-21 06:55:00,2016-08-21 07:50:00,13,211.0,290.0,229.0,229.0,211.2,267.0,229.31857,280.29657
2016-08-21 06:55:00,2016-08-21 07:50:00,102,13.0,39.0,20.0,20.0,22.2,38.2,19.56673,36.04879
2016-08-21 07:00:00,2016-08-21 07:55:00,9,198.0,330.0,184.0,184.0,220.4,310.6,202.11157,295.10748
2016-08-21 07:00:00,2016-08-21 07:55:00,13,210.0,279.0,211.0,211.0,199.6,259.8,212.73431,270.0297
2016-08-21 07:00:00,2016-08-21 07:55:00,102,12.0,22.0,13.0,13.0,26.6,35.4,20.10471,30.221748
2016-08-21 07:05:00,2016-08-21 08:00:00,9,231.0,230.0,198.0,198.0,234.6,313.2,208.71236,291.50262
2016-08-21 07:05:00,2016-08-21 08:00:00,13,197.0,264.0,210.0,210.0,208.4,274.6,212.32822,277.54446
2016-08-21 07:05:00,2016-08-21 08:00:00,102,19.0,36.0,12.0,12.0,23.6,33.0,16.429157,27.42482
2016-08-21 07:10:00,2016-08-21 08:05:00,9,202.0,246.0,231.0,231.0,234.4,318.6,217.8634,303.67896
2016-08-21 07:10:00,2016-08-21 08:05:00,13,186.0,309.0,197.0,197.0,226.4,274.4,213.00084,263.8055
2016-08-21 07:10:00,2016-08-21 08:05:00,102,23.0,28.0,19.0,19.0,24.6,35.4,18.664486,30.598362
2016-08-21 07:15:00,2016-08-21 08:10:00,9,201.0,266.0,202.0,202.0,242.2,322.8,214.00089,299.11417
2016-08-21 07:15:00,2016-08-21 08:10:00,13,219.0,265.0,186.0,186.0,233.4,284.0,205.01868,261.85907
2016-08-21 07:15:00,2016-08-21 08:10:00,102,14.0,35.0,23.0,23.0,26.6,39.2,22.021748,35.312733
2016-08-21 07:20:00,2016-08-21 08:15:00,9,222.0,279.0,201.0,201.0,263.2,343.0,225.12015,311.52133
2016-08-21 07:20:00,2016-08-21 08:15:00,13,250.0,281.0,219.0,219.0,254.4,287.4,220.92096,260.48676
2016-08-21 07:20:00,2016-08-21 08:15:00,102,22.0,38.0,14.0,14.0,24.8,39.4,18.398697,34.17913
2016-08-21 07:25:00,2016-08-21 08:20:00,9,195.0,310.0,222.0,222.0,269.4,338.0,228.82428,304.58966
2016-08-21 07:25:00,2016-08-21 08:20:00,13,254.0,296.0,250.0,250.0,262.2,307.0,240.46252,288.78244
2016-08-21 07:25:00,2016-08-21 08:20:00,102,32.0,39.0,22.0,22.0,27.4,43.4,20.755482,37.88053
2016-08-21 07:30:00,2016-08-21 08:25:00,9,213.0,322.0,195.0,195.0,270.8,356.2,220.56499,315.17578
2016-08-21 07:30:00,2016-08-21 08:25:00,13,258.0,303.0,254.0,254.0,253.8,327.8,243.86337,318.78882
2016-08-21 07:30:00,2016-08-21 08:25:00,102,20.0,34.0,32.0,32.0,30.4,50.6,27.054962,47.56231
2016-08-21 07:35:00,2016-08-21 08:30:00,9,242.0,315.0,213.0,213.0,289.6,362.0,229.63542,312.94464
2016-08-21 07:35:00,2016-08-21 08:30:00,13,271.0,309.0,258.0,258.0,277.4,306.8,258.89258,290.58734
2016-08-21 07:35:00,2016-08-21 08:30:00,102,22.0,54.0,20.0,20.0,30.4,49.2,24.687714,44.388866
2016-08-21 07:40:00,2016-08-21 08:35:00,9,265.0,318.0,242.0,242.0,309.4,375.2,247.9372,324.51636
2016-08-21 07:40:00,2016-08-21 08:35:00,13,301.0,347.0,271.0,271.0,275.8,322.2,265.23425,312.21237
2016-08-21 07:40:00,2016-08-21 08:35:00,102,28.0,58.0,22.0,22.0,37.0,54.6,28.488052,47.62038
2016-08-21 07:45:00,2016-08-21 08:40:00,9,273.0,369.0,265.0,265.0,321.0,389.4,268.56897,344.97336
2016-08-21 07:45:00,2016-08-21 08:40:00,13,299.0,339.0,301.0,301.0,278.0,340.2,286.3993,345.02664
2016-08-21 07:45:00,2016-08-21 08:40:00,102,33.0,60.0,28.0,28.0,36.2,57.8,29.484867,52.320015
2016-08-21 07:50:00,2016-08-21 08:45:00,9,310.0,334.0,273.0,273.0,328.8,391.4,285.11932,354.11298
2016-08-21 07:50:00,2016-08-21 08:45:00,13,290.0,345.0,299.0,299.0,267.0,339.8,288.74756,355.73926
2016-08-21 07:50:00,2016-08-21 08:45:00,102,39.0,74.0,33.0,33.0,38.2,64.8,34.696724,61.758385
2016-08-21 07:55:00,2016-08-21 08:50:00,9,330.0,378.0,310.0,310.0,310.6,383.4,291.1035,365.09424
2016-08-21 07:55:00,2016-08-21 08:50:00,13,279.0,315.0,290.0,290.0,259.8,335.8,281.7482,352.28207
2016-08-21 07:55:00,2016-08-21 08:50:00,102,22.0,61.0,39.0,39.0,35.4,65.4,36.9068,66.430016
2016-08-21 08:00:00,2016-08-21 08:55:00,9,230.0,357.0,330.0,330.0,313.2,387.6,306.91193,379.06808
2016-08-21 08:00:00,2016-08-21 08:55:00,13,264.0,310.0,279.0,279.0,274.6,347.0,285.8861,355.55005
2016-08-21 08:00:00,2016-08-21 08:55:00,102,36.0,63.0,22.0,22.0,33.0,67.0,30.912811,65.452515
2016-08-21 08:05:00,2016-08-21 09:00:00,9,246.0,353.0,230.0,230.0,318.6,415.6,288.1391,389.7821
2016-08-21 08:05:00,2016-08-21 09:00:00,13,309.0,328.0,264.0,264.0,274.4,342.0,277.82385,345.0594
2016-08-21 08:05:00,2016-08-21 09:00:00,102,28.0,56.0,36.0,36.0,35.4,61.8,32.698715,59.535946
2016-08-21 08:10:00,2016-08-21 09:05:00,9,266.0,358.0,246.0,246.0,322.8,391.6,276.5835,354.17023
2016-08-21 08:10:00,2016-08-21 09:05:00,13,265.0,294.0,309.0,309.0,284.0,331.4,290.8072,336.52786
2016-08-21 08:10:00,2016-08-21 09:05:00,102,35.0,69.0,28.0,28.0,39.2,63.8,33.225525,59.071106
2016-08-21 08:15:00,2016-08-21 09:10:00,9,279.0,361.0,266.0,266.0,343.0,418.0,290.30484,375.35895
2016-08-21 08:15:00,2016-08-21 09:10:00,13,281.0,348.0,265.0,265.0,287.4,352.4,280.5918,347.0419
2016-08-21 08:15:00,2016-08-21 09:10:00,102,38.0,62.0,35.0,35.0,39.4,73.8,35.665905,70.66033
2016-08-21 08:20:00,2016-08-21 09:15:00,9,310.0,382.0,279.0,279.0,338.0,425.2,289.78333,385.61002
2016-08-21 08:20:00,2016-08-21 09:15:00,13,296.0,335.0,281.0,281.0,307.0,373.6,289.89767,359.9257
2016-08-21 08:20:00,2016-08-21 09:15:00,102,39.0,68.0,38.0,38.0,43.4,73.0,37.337074,68.00617
2016-08-21 08:25:00,2016-08-21 09:20:00,9,322.0,401.0,310.0,310.0,356.2,414.0,308.51624,374.41736
2016-08-21 08:25:00,2016-08-21 09:20:00,13,303.0,361.0,296.0,296.0,327.8,368.2,306.8282,351.67578
2016-08-21 08:25:00,2016-08-21 09:20:00,102,34.0,67.0,39.0,39.0,50.6,73.0,41.26394,65.26351
2016-08-21 08:30:00,2016-08-21 09:25:00,9,315.0,399.0,322.0,322.0,362.0,437.6,320.417,402.46463
2016-08-21 08:30:00,2016-08-21 09:25:00,13,309.0,415.0,303.0,303.0,306.8,400.6,300.51944,395.4612
2016-08-21 08:30:00,2016-08-21 09:25:00,102,54.0,66.0,34.0,34.0,49.2,74.6,38.883984,66.12644
2016-08-21 08:35:00,2016-08-21 09:30:00,9,318.0,418.0,315.0,315.0,375.2,472.2,332.6742,436.10364
2016-08-21 08:35:00,2016-08-21 09:30:00,13,347.0,426.0,309.0,309.0,322.2,402.6,309.68732,392.29987
2016-08-21 08:35:00,2016-08-21 09:30:00,102,58.0,84.0,54.0,54.0,54.6,80.0,47.526695,73.889114
2016-08-21 08:40:00,2016-08-21 09:35:00,9,369.0,428.0,318.0,318.0,389.4,467.8,342.21487,428.72253
2016-08-21 08:40:00,2016-08-21 09:35:00,13,339.0,446.0,347.0,347.0,340.2,417.4,333.9954,411.7005
2016-08-21 08:40:00,2016-08-21 09:35:00,102,60.0,89.0,58.0,58.0,57.8,85.0,53.219707,80.653404
2016-08-21 08:45:00,2016-08-21 09:40:00,9,334.0,447.0,369.0,369.0,391.4,466.2,359.77603,438.6906
2016-08-21 08:45:00,2016-08-21 09:40:00,13,345.0,415.0,339.0,339.0,339.8,424.4,340.44485,423.98868
2016-08-21 08:45:00,2016-08-21 09:40:00,102,74.0,76.0,60.0,60.0,64.8,91.0,60.134136,86.47224
2016-08-21 08:50:00,2016-08-21 09:45:00,9,378.0,481.0,334.0,334.0,383.4,476.6,351.21152,448.689
2016-08-21 08:50:00,2016-08-21 09:45:00,13,315.0,440.0,345.0,345.0,335.8,437.0,342.845,441.95422
2016-08-21 08:50:00,2016-08-21 09:45:00,102,61.0,62.0,74.0,74.0,65.4,81.2,64.596634,79.760414
2016-08-21 08:55:00,2016-08-21 09:50:00,9,357.0,473.0,378.0,378.0,387.6,469.8,361.80017,446.98636
2016-08-21 08:55:00,2016-08-21 09:50:00,13,310.0,428.0,315.0,315.0,347.0,422.0,340.77502,417.28488
2016-08-21 08:55:00,2016-08-21 09:50:00,102,63.0,87.0,61.0,61.0,67.0,89.6,66.9972,88.91315
2016-08-21 09:00:00,2016-08-21 09:55:00,9,353.0,444.0,357.0,357.0,415.6,478.6,384.47253,451.97232
2016-08-21 09:00:00,2016-08-21 09:55:00,13,328.0,414.0,310.0,310.0,342.0,433.6,333.9426,427.53925
2016-08-21 09:00:00,2016-08-21 09:55:00,102,56.0,94.0,63.0,63.0,61.8,93.0,64.287865,94.59931
2016-08-21 09:05:00,2016-08-21 10:00:00,9,358.0,453.0,353.0,353.0,391.6,483.2,365.55536,460.83118
2016-08-21 09:05:00,2016-08-21 10:00:00,13,294.0,375.0,328.0,328.0,331.4,426.8,323.48578,421.07538
2016-08-21 09:05:00,2016-08-21 10:00:00,102,69.0,101.0,56.0,56.0,63.8,86.0,60.65946,83.437996
2016-08-21 09:10:00,2016-08-21 10:05:00,9,361.0,463.0,358.0,358.0,418.0,473.4,376.19418,438.8122
2016-08-21 09:10:00,2016-08-21 10:05:00,13,348.0,442.0,294.0,294.0,352.4,414.2,320.117,388.92584
2016-08-21 09:10:00,2016-08-21 10:05:00,102,62.0,97.0,69.0,69.0,73.8,92.2,69.01311,88.00948
2016-08-21 09:15:00,2016-08-21 10:10:00,9,382.0,478.0,361.0,361.0,425.2,503.0,384.5162,469.42163
2016-08-21 09:15:00,2016-08-21 10:10:00,13,335.0,420.0,348.0,348.0,373.6,416.0,340.9758,389.2654
2016-08-21 09:15:00,2016-08-21 10:10:00,102,68.0,80.0,62.0,62.0,73.0,91.4,67.3421,86.72513
2016-08-21 09:20:00,2016-08-21 10:15:00,9,401.0,438.0,382.0,382.0,414.0,509.0,380.19806,480.64868
2016-08-21 09:20:00,2016-08-21 10:15:00,13,361.0,419.0,335.0,335.0,368.2,444.6,337.24185,419.3136
2016-08-21 09:20:00,2016-08-21 10:15:00,102,67.0,104.0,68.0,68.0,73.0,100.8,69.514786,97.94826
2016-08-21 09:25:00,2016-08-21 10:20:00,9,399.0,514.0,401.0,401.0,437.6,497.6,393.9178,460.9643
2016-08-21 09:25:00,2016-08-21 10:20:00,13,415.0,454.0,361.0,361.0,400.6,436.8,362.3255,404.63116
2016-08-21 09:25:00,2016-08-21 10:20:00,102,66.0,79.0,67.0,67.0,74.6,103.6,70.01707,99.92786
2016-08-21 09:30:00,2016-08-21 10:25:00,9,418.0,501.0,399.0,399.0,472.2,518.0,420.0621,474.1712
2016-08-21 09:30:00,2016-08-21 10:25:00,13,426.0,459.0,415.0,415.0,402.6,436.8,381.25278,417.2466
2016-08-21 09:30:00,2016-08-21 10:25:00,102,84.0,102.0,66.0,66.0,80.0,96.8,69.65548,88.43938
2016-08-21 09:35:00,2016-08-21 10:30:00,9,428.0,530.0,418.0,418.0,467.8,497.2,423.88306,459.72916
2016-08-21 09:35:00,2016-08-21 10:30:00,13,446.0,452.0,426.0,426.0,417.4,444.2,403.10425,429.39838
2016-08-21 09:35:00,2016-08-21 10:30:00,102,89.0,91.0,84.0,84.0,85.0,111.0,78.94106,105.784615
2016-08-21 09:40:00,2016-08-21 10:35:00,9,447.0,526.0,428.0,428.0,466.2,545.6,434.5221,518.2667
2016-08-21 09:40:00,2016-08-21 10:35:00,13,415.0,422.0,446.0,446.0,424.4,443.0,422.3244,437.4468
2016-08-21 09:40:00,2016-08-21 10:35:00,102,76.0,115.0,89.0,89.0,91.0,103.8,87.29736,100.284805
2016-08-21 09:45:00,2016-08-21 10:40:00,9,481.0,531.0,447.0,447.0,476.6,559.6,454.79944,540.0159
2016-08-21 09:45:00,2016-08-21 10:40:00,13,440.0,451.0,415.0,415.0,437.0,442.0,430.14304,433.96802
2016-08-21 09:45:00,2016-08-21 10:40:00,102,62.0,100.0,76.0,76.0,81.2,110.2,79.23585,108.26212
2016-08-21 09:50:00,2016-08-21 10:45:00,9,473.0,527.0,481.0,481.0,469.8,555.2,462.07687,546.8236
2016-08-21 09:50:00,2016-08-21 10:45:00,13,428.0,462.0,440.0,440.0,422.0,425.0,427.17285,426.57962
2016-08-21 09:50:00,2016-08-21 10:45:00,102,87.0,126.0,62.0,62.0,89.6,106.4,77.5985,96.86585
2016-08-21 09:55:00,2016-08-21 10:50:00,9,444.0,530.0,473.0,473.0,478.6,551.0,471.60608,543.2654
2016-08-21 09:55:00,2016-08-21 10:50:00,13,414.0,453.0,428.0,428.0,433.6,440.6,437.52264,441.8733
2016-08-21 09:55:00,2016-08-21 10:50:00,102,94.0,106.0,87.0,87.0,93.0,118.6,86.61838,113.410126
2016-08-21 10:00:00,2016-08-21 10:55:00,9,453.0,516.0,444.0,444.0,483.2,541.0,467.52777,527.01886
2016-08-21 10:00:00,2016-08-21 10:55:00,13,375.0,436.0,414.0,414.0,426.8,440.4,431.73926,443.67645
2016-08-21 10:00:00,2016-08-21 10:55:00,102,101.0,114.0,94.0,94.0,86.0,120.6,87.709885,121.68885
2016-08-21 10:05:00,2016-08-21 11:00:00,9,463.0,503.0,453.0,453.0,473.4,530.8,456.6016,516.47687
2016-08-21 10:05:00,2016-08-21 11:00:00,13,442.0,407.0,375.0,375.0,414.2,423.0,406.60907,417.422
2016-08-21 10:05:00,2016-08-21 11:00:00,102,97.0,93.0,101.0,101.0,92.2,111.0,93.161514,111.21193
2016-08-21 10:10:00,2016-08-21 11:05:00,9,478.0,525.0,463.0,463.0,503.0,508.0,471.43677,481.35638
2016-08-21 10:10:00,2016-08-21 11:05:00,13,420.0,459.0,442.0,442.0,416.0,428.8,413.96747,427.08682
2016-08-21 10:10:00,2016-08-21 11:05:00,102,80.0,110.0,97.0,97.0,91.4,116.4,92.72657,116.96099
2016-08-21 10:15:00,2016-08-21 11:10:00,9,438.0,558.0,478.0,478.0,509.0,556.0,486.91525,536.63934
2016-08-21 10:15:00,2016-08-21 11:10:00,13,419.0,452.0,420.0,420.0,444.6,432.6,432.42395,422.56155
2016-08-21 10:15:00,2016-08-21 11:10:00,102,104.0,140.0,80.0,80.0,100.8,111.4,92.32047,104.38417
2016-08-21 10:20:00,2016-08-21 11:15:00,9,514.0,476.0,438.0,438.0,497.6,535.0,464.7182,508.3021
2016-08-21 10:20:00,2016-08-21 11:15:00,13,454.0,455.0,419.0,419.0,436.8,423.6,426.40097,414.90787
2016-08-21 10:20:00,2016-08-21 11:15:00,102,79.0,127.0,104.0,104.0,103.6,122.6,101.65996,120.7048
2016-08-21 10:25:00,2016-08-21 11:20:00,9,501.0,597.0,514.0,514.0,518.0,563.0,497.5714,545.20386
2016-08-21 10:25:00,2016-08-21 11:20:00,13,459.0,463.0,454.0,454.0,436.8,446.4,436.2484,445.52332
2016-08-21 10:25:00,2016-08-21 11:20:00,102,102.0,135.0,79.0,79.0,96.8,123.8,90.75659,119.115616
2016-08-21 10:30:00,2016-08-21 11:25:00,9,530.0,556.0,501.0,501.0,497.2,539.4,480.67755,524.70483
2016-08-21 10:30:00,2016-08-21 11:25:00,13,452.0,432.0,459.0,459.0,444.2,442.0,447.7896,443.78406
2016-08-21 10:30:00,2016-08-21 11:25:00,102,91.0,124.0,102.0,102.0,111.0,118.4,101.33534,110.284775
2016-08-21 10:35:00,2016-08-21 11:30:00,9,526.0,570.0,530.0,530.0,545.6,554.8,519.2508,530.92377
2016-08-21 10:35:00,2016-08-21 11:30:00,13,422.0,461.0,452.0,452.0,443.0,445.6,450.5787,450.75107
2016-08-21 10:35:00,2016-08-21 11:30:00,102,115.0,93.0,91.0,91.0,103.8,117.6,94.5254,110.18821
2016-08-21 10:40:00,2016-08-21 11:35:00,9,531.0,574.0,526.0,526.0,559.6,575.4,537.0722,555.2531
2016-08-21 10:40:00,2016-08-21 11:35:00,13,451.0,472.0,422.0,422.0,442.0,442.4,444.11542,444.29593
2016-08-21 10:40:00,2016-08-21 11:35:00,102,100.0,102.0,115.0,115.0,110.2,124.6,107.04904,121.55527
2016-08-21 10:45:00,2016-08-21 11:40:00,9,527.0,565.0,531.0,531.0,555.2,584.2,540.94543,570.9488
2016-08-21 10:45:00,2016-08-21 11:40:00,13,462.0,441.0,451.0,451.0,425.0,436.6,435.6758,445.01053
2016-08-21 10:45:00,2016-08-21 11:40:00,102,126.0,122.0,100.0,100.0,106.4,132.4,104.15044,130.36621
2016-08-21 10:50:00,2016-08-21 11:45:00,9,530.0,596.0,527.0,527.0,551.0,583.0,542.4556,575.01184
2016-08-21 10:50:00,2016-08-21 11:45:00,13,453.0,475.0,462.0,462.0,440.6,413.0,448.84753,419.0284
2016-08-21 10:50:00,2016-08-21 11:45:00,102,106.0,137.0,126.0,126.0,118.6,127.8,116.512146,125.49483
2016-08-21 10:55:00,2016-08-21 11:50:00,9,516.0,561.0,530.0,530.0,541.0,571.0,539.2818,569.13434
2016-08-21 10:55:00,2016-08-21 11:50:00,13,436.0,457.0,453.0,453.0,440.4,423.2,453.97015,433.67947
2016-08-21 10:55:00,2016-08-21 11:50:00,102,114.0,112.0,106.0,106.0,120.6,125.2,115.673134,120.81216
2016-08-21 11:00:00,2016-08-21 11:55:00,9,503.0,537.0,516.0,516.0,530.8,543.6,528.50085,541.42035
2016-08-21 11:00:00,2016-08-21 11:55:00,13,407.0,479.0,436.0,436.0,423.0,422.0,439.82788,435.5437
2016-08-21 11:00:00,2016-08-21 11:55:00,102,93.0,125.0,114.0,114.0,111.0,131.8,112.030594,132.27342
2016-08-21 11:05:00,2016-08-21 12:00:00,9,525.0,521.0,503.0,503.0,508.0,560.6,505.00366,558.3537
2016-08-21 11:05:00,2016-08-21 12:00:00,13,459.0,462.0,407.0,407.0,428.8,436.2,429.34448,437.7307
2016-08-21 11:05:00,2016-08-21 12:00:00,102,110.0,104.0,93.0,93.0,116.4,134.4,110.30365,129.834
2016-08-21 11:10:00,2016-08-21 12:05:00,9,558.0,513.0,525.0,525.0,556.0,574.2,538.40753,560.1996
2016-08-21 11:10:00,2016-08-21 12:05:00,13,452.0,448.0,459.0,459.0,432.6,446.4,444.1531,456.2367
2016-08-21 11:10:00,2016-08-21 12:05:00,102,140.0,113.0,110.0,110.0,111.4,127.2,107.298935,123.95061
2016-08-21 11:15:00,2016-08-21 12:10:00,9,476.0,553.0,558.0,558.0,535.0,533.2,530.9096,529.00793
2016-08-21 11:15:00,2016-08-21 12:10:00,13,455.0,432.0,452.0,452.0,423.6,445.8,438.24664,457.98453
2016-08-21 11:15:00,2016-08-21 12:10:00,102,127.0,121.0,140.0,140.0,122.6,129.2,122.73212,128.78265
2016-08-21 11:20:00,2016-08-21 12:15:00,9,597.0,592.0,476.0,476.0,563.0,562.4,528.62885,534.8487
2016-08-21 11:20:00,2016-08-21 12:15:00,13,463.0,443.0,455.0,455.0,446.4,440.6,451.48276,444.53842
2016-08-21 11:20:00,2016-08-21 12:15:00,102,135.0,110.0,127.0,127.0,123.8,137.0,128.03702,139.78516
2016-08-21 11:25:00,2016-08-21 12:20:00,9,556.0,629.0,597.0,597.0,539.4,587.6,545.1497,591.0887
2016-08-21 11:25:00,2016-08-21 12:20:00,13,432.0,471.0,463.0,463.0,442.0,441.4,452.57852,449.91553
2016-08-21 11:25:00,2016-08-21 12:20:00,102,124.0,139.0,135.0,135.0,118.4,124.4,126.29346,130.18921
2016-08-21 11:30:00,2016-08-21 12:25:00,9,570.0,598.0,556.0,556.0,554.8,579.0,550.80865,574.9525
2016-08-21 11:30:00,2016-08-21 12:25:00,13,461.0,435.0,432.0,432.0,445.6,438.4,449.07623,441.679
2016-08-21 11:30:00,2016-08-21 12:25:00,102,93.0,130.0,124.0,124.0,117.6,133.6,123.9312,138.43135
2016-08-21 11:35:00,2016-08-21 12:30:00,9,574.0,604.0,570.0,570.0,575.4,571.0,565.2831,560.8734
2016-08-21 11:35:00,2016-08-21 12:30:00,13,472.0,448.0,461.0,461.0,442.4,437.2,455.96033,448.20294
2016-08-21 11:35:00,2016-08-21 12:30:00,102,102.0,150.0,93.0,93.0,124.6,128.4,114.89097,120.886284
2016-08-21 11:40:00,2016-08-21 12:35:00,9,565.0,583.0,574.0,574.0,584.2,566.0,572.9509,555.84094
2016-08-21 11:40:00,2016-08-21 12:35:00,13,441.0,462.0,472.0,472.0,436.6,421.2,458.677,438.98663
2016-08-21 11:40:00,2016-08-21 12:35:00,102,122.0,149.0,102.0,102.0,132.4,124.8,116.73254,112.66516
2016-08-21 11:45:00,2016-08-21 12:40:00,9,596.0,599.0,565.0,565.0,583.0,572.0,578.2344,567.02795
2016-08-21 11:45:00,2016-08-21 12:40:00,13,475.0,435.0,441.0,441.0,413.0,429.6,438.2265,449.95734
2016-08-21 11:45:00,2016-08-21 12:40:00,102,137.0,137.0,122.0,122.0,127.8,130.8,118.64865,123.7559
2016-08-21 11:50:00,2016-08-21 12:45:00,9,561.0,622.0,596.0,596.0,571.0,549.2,584.36456,558.5302
2016-08-21 11:50:00,2016-08-21 12:45:00,13,457.0,470.0,475.0,475.0,423.2,421.2,449.71185,442.42474
2016-08-21 11:50:00,2016-08-21 12:45:00,102,112.0,127.0,137.0,137.0,125.2,133.6,124.49826,132.54825
2016-08-21 11:55:00,2016-08-21 12:50:00,9,537.0,668.0,561.0,561.0,543.6,589.0,565.19403,606.3754
2016-08-21 11:55:00,2016-08-21 12:50:00,13,479.0,469.0,457.0,457.0,422.0,422.8,445.56314,441.99017
2016-08-21 11:55:00,2016-08-21 12:50:00,102,125.0,149.0,112.0,112.0,131.8,134.0,123.4837,127.39064
2016-08-21 12:00:00,2016-08-21 12:55:00,9,521.0,556.0,537.0,537.0,560.6,557.4,558.74786,556.2017
2016-08-21 12:00:00,2016-08-21 12:55:00,13,462.0,464.0,479.0,479.0,436.2,423.4,459.36945,441.26788
2016-08-21 12:00:00,2016-08-21 12:55:00,102,104.0,130.0,125.0,125.0,134.4,132.6,128.18488,127.62322
2016-08-21 12:05:00,2016-08-21 13:00:00,9,513.0,608.0,521.0,521.0,574.2,584.0,561.2253,574.94196
2016-08-21 12:05:00,2016-08-21 13:00:00,13,448.0,455.0,462.0,462.0,446.4,439.0,462.9544,452.4084
2016-08-21 12:05:00,2016-08-21 13:00:00,102,113.0,111.0,104.0,104.0,127.2,138.4,118.647156,131.83536
2016-08-21 12:10:00,2016-08-21 13:05:00,9,553.0,591.0,513.0,513.0,533.2,561.0,521.7109,554.0567
2016-08-21 12:10:00,2016-08-21 13:05:00,13,432.0,445.0,448.0,448.0,445.8,449.0,460.11462,461.04645
2016-08-21 12:10:00,2016-08-21 13:05:00,102,121.0,119.0,113.0,113.0,129.2,141.0,118.585396,132.76361
2016-08-21 12:15:00,2016-08-21 13:10:00,9,592.0,572.0,553.0,553.0,562.4,566.6,544.0284,552.2753
2016-08-21 12:15:00,2016-08-21 13:10:00,13,443.0,462.0,432.0,432.0,440.6,446.4,448.38147,453.9247
2016-08-21 12:15:00,2016-08-21 13:10:00,102,110.0,138.0,121.0,121.0,137.0,128.6,125.15031,119.20447
2016-08-21 12:20:00,2016-08-21 13:15:00,9,629.0,599.0,592.0,592.0,587.6,572.6,572.66046,560.21936
2016-08-21 12:20:00,2016-08-21 13:15:00,13,471.0,442.0,443.0,443.0,441.4,450.2,448.31104,457.32837
2016-08-21 12:20:00,2016-08-21 13:15:00,102,139.0,140.0,110.0,110.0,124.4,131.4,114.34451,123.34776
2016-08-21 12:25:00,2016-08-21 13:20:00,9,598.0,592.0,629.0,629.0,579.0,557.6,590.12067,564.56635
2016-08-21 12:25:00,2016-08-21 13:20:00,13,435.0,432.0,471.0,471.0,438.4,443.2,456.33206,458.34616
2016-08-21 12:25:00,2016-08-21 13:20:00,102,130.0,137.0,139.0,139.0,133.6,138.6,129.95291,135.31323
2016-08-21 12:30:00,2016-08-21 13:25:00,9,604.0,596.0,598.0,598.0,571.0,611.0,595.2856,629.0785
2016-08-21 12:30:00,2016-08-21 13:25:00,13,448.0,457.0,435.0,435.0,437.2,447.0,450.4484,458.75833
2016-08-21 12:30:00,2016-08-21 13:25:00,102,150.0,140.0,130.0,130.0,128.4,140.2,130.84338,142.02847
2016-08-21 12:35:00,2016-08-21 13:30:00,9,583.0,635.0,604.0,604.0,566.0,626.8,598.16327,652.1013
2016-08-21 12:35:00,2016-08-21 13:30:00,13,462.0,464.0,448.0,448.0,421.2,444.2,440.2209,460.69687
2016-08-21 12:35:00,2016-08-21 13:30:00,102,149.0,144.0,150.0,150.0,124.8,130.2,133.29472,136.23267
2016-08-21 12:40:00,2016-08-21 13:35:00,9,599.0,579.0,583.0,583.0,572.0,582.0,592.4303,598.40594
2016-08-21 12:40:00,2016-08-21 13:35:00,13,435.0,469.0,462.0,462.0,429.6,440.4,450.42413,457.8722
2016-08-21 12:40:00,2016-08-21 13:35:00,102,137.0,154.0,149.0,149.0,130.8,130.0,138.17859,135.0922
2016-08-21 12:45:00,2016-08-21 13:40:00,9,622.0,700.0,599.0,599.0,549.2,585.6,575.3394,606.41956
2016-08-21 12:45:00,2016-08-21 13:40:00,13,470.0,451.0,435.0,435.0,421.2,443.8,438.90045,458.84708
2016-08-21 12:45:00,2016-08-21 13:40:00,102,127.0,149.0,137.0,137.0,133.6,129.6,138.14969,132.61623
2016-08-21 12:50:00,2016-08-21 13:45:00,9,668.0,621.0,622.0,622.0,589.0,600.0,613.59467,619.27374
2016-08-21 12:50:00,2016-08-21 13:45:00,13,469.0,442.0,470.0,470.0,422.8,445.2,447.04895,464.96832
2016-08-21 12:50:00,2016-08-21 13:45:00,102,149.0,123.0,127.0,127.0,134.0,126.4,135.34845,127.21387
2016-08-21 12:55:00,2016-08-21 13:50:00,9,556.0,619.0,668.0,668.0,557.4,579.4,612.7075,622.72186
2016-08-21 12:55:00,2016-08-21 13:50:00,13,464.0,448.0,469.0,469.0,423.4,438.4,445.98453,456.66068
2016-08-21 12:55:00,2016-08-21 13:50:00,102,130.0,127.0,149.0,149.0,132.6,132.0,138.52905,136.5438
2016-08-21 13:00:00,2016-08-21 13:55:00,9,608.0,633.0,556.0,556.0,584.0,562.6,602.2024,577.6627
2016-08-21 13:00:00,2016-08-21 13:55:00,13,455.0,431.0,464.0,464.0,439.0,453.2,456.09647,466.50916
2016-08-21 13:00:00,2016-08-21 13:55:00,102,111.0,145.0,130.0,130.0,138.4,131.8,138.96704,132.15213
2016-08-21 13:05:00,2016-08-21 14:00:00,9,591.0,580.0,608.0,608.0,561.0,580.4,592.7097,606.4802
2016-08-21 13:05:00,2016-08-21 14:00:00,13,445.0,456.0,455.0,455.0,449.0,446.4,459.0845,454.82007
2016-08-21 13:05:00,2016-08-21 14:00:00,102,119.0,127.0,111.0,111.0,141.0,133.6,133.93707,128.47148
2016-08-21 13:10:00,2016-08-21 14:05:00,9,572.0,592.0,591.0,591.0,566.6,559.8,588.00525,578.1573
2016-08-21 13:10:00,2016-08-21 14:05:00,13,462.0,459.0,445.0,445.0,446.4,425.8,450.53378,429.59256
2016-08-21 13:10:00,2016-08-21 14:05:00,102,138.0,127.0,119.0,119.0,128.6,132.0,123.98085,129.28816
2016-08-21 13:15:00,2016-08-21 14:10:00,9,599.0,586.0,572.0,572.0,572.6,608.4,588.89465,622.3112
2016-08-21 13:15:00,2016-08-21 14:10:00,13,442.0,433.0,462.0,462.0,450.2,445.2,458.74988,452.04565
2016-08-21 13:15:00,2016-08-21 14:10:00,102,140.0,117.0,138.0,138.0,131.4,133.6,130.05682,132.8187
2016-08-21 13:20:00,2016-08-21 14:15:00,9,592.0,580.0,599.0,599.0,557.6,589.8,570.5554,601.5231
2016-08-21 13:20:00,2016-08-21 14:15:00,13,432.0,476.0,442.0,442.0,443.2,452.0,450.48688,458.6789
2016-08-21 13:20:00,2016-08-21 14:15:00,102,137.0,108.0,140.0,140.0,138.6,137.2,137.31912,136.19513
2016-08-21 13:25:00,2016-08-21 14:20:00,9,596.0,629.0,592.0,592.0,611.0,583.4,595.95807,571.8686
2016-08-21 13:25:00,2016-08-21 14:20:00,13,457.0,443.0,432.0,432.0,447.0,446.4,447.61505,447.87704
2016-08-21 13:25:00,2016-08-21 14:20:00,102,140.0,100.0,137.0,137.0,140.2,132.6,140.09543,132.55133
2016-08-21 13:30:00,2016-08-21 14:25:00,9,635.0,581.0,596.0,596.0,626.8,585.6,614.67596,575.8998
2016-08-21 13:30:00,2016-08-21 14:25:00,13,464.0,482.0,457.0,457.0,444.2,437.0,448.06735,440.8006
2016-08-21 13:30:00,2016-08-21 14:25:00,102,144.0,124.0,140.0,140.0,130.2,130.2,134.93607,133.95656
2016-08-21 13:35:00,2016-08-21 14:30:00,9,579.0,698.0,635.0,635.0,582.0,585.0,604.94025,603.60986
2016-08-21 13:35:00,2016-08-21 14:30:00,13,469.0,444.0,464.0,464.0,440.4,451.6,451.85422,461.1281
2016-08-21 13:35:00,2016-08-21 14:30:00,102,154.0,137.0,144.0,144.0,130.0,124.8,136.86806,130.09128
2016-08-21 13:40:00,2016-08-21 14:35:00,9,700.0,604.0,579.0,579.0,585.6,593.0,596.4635,602.1514
2016-08-21 13:40:00,2016-08-21 14:35:00,13,451.0,457.0,469.0,469.0,443.8,430.6,457.55853,441.46088
2016-08-21 13:40:00,2016-08-21 14:35:00,102,149.0,134.0,154.0,154.0,129.6,130.0,143.05658,140.42212
2016-08-21 13:45:00,2016-08-21 14:40:00,9,621.0,639.0,700.0,700.0,600.0,632.8,644.2627,666.8525
2016-08-21 13:45:00,2016-08-21 14:40:00,13,442.0,436.0,451.0,451.0,445.2,453.8,456.64758,463.27267
2016-08-21 13:45:00,2016-08-21 14:40:00,102,123.0,146.0,149.0,149.0,126.4,121.4,140.52213,132.30264
