time_h1,time_hL,node,actual_h1,actual_hL,Persistence_h1,Persistence_hL,HistoricalAverage_h1,HistoricalAverage_hL,Ridge_h1,Ridge_hL
2017-07-18 09:00:00,2017-07-18 09:55:00,47,163.0,166.0,224.0,224.0,192.88889,179.55556,212.46115,195.04115
2017-07-18 09:00:00,2017-07-18 09:55:00,178,925.0,930.0,799.0,799.0,684.8889,771.8889,837.02783,894.79956
2017-07-18 09:00:00,2017-07-18 09:55:00,281,422.0,386.0,461.0,461.0,439.8889,440.55554,471.9712,468.89453
2017-07-18 09:05:00,2017-07-18 10:00:00,47,146.0,164.0,163.0,163.0,181.77777,159.44444,180.11743,160.3623
2017-07-18 09:05:00,2017-07-18 10:00:00,178,849.0,843.0,925.0,925.0,623.55554,679.44446,838.37244,849.73706
2017-07-18 09:05:00,2017-07-18 10:00:00,281,446.0,419.0,422.0,422.0,436.33334,384.0,440.64624,392.01776
2017-07-18 09:10:00,2017-07-18 10:05:00,47,180.0,192.0,146.0,146.0,188.33333,155.88889,164.39188,139.60733
2017-07-18 09:10:00,2017-07-18 10:05:00,178,983.0,909.0,849.0,849.0,593.44446,704.8889,803.0621,867.8158
2017-07-18 09:10:00,2017-07-18 10:05:00,281,389.0,415.0,446.0,446.0,427.44446,402.44446,442.6622,416.97046
2017-07-18 09:15:00,2017-07-18 10:10:00,47,180.0,178.0,180.0,180.0,194.77777,162.55556,174.50949,147.09471
2017-07-18 09:15:00,2017-07-18 10:10:00,178,970.0,917.0,983.0,983.0,629.1111,631.3333,855.02124,805.35364
2017-07-18 09:15:00,2017-07-18 10:10:00,281,424.0,394.0,389.0,389.0,407.55554,405.66666,404.46033,407.0716
2017-07-18 09:20:00,2017-07-18 10:15:00,47,180.0,181.0,180.0,180.0,194.55556,175.77777,177.00896,161.50267
2017-07-18 09:20:00,2017-07-18 10:15:00,178,808.0,898.0,970.0,970.0,632.7778,624.3333,864.1041,798.7486
2017-07-18 09:20:00,2017-07-18 10:15:00,281,439.0,412.0,424.0,424.0,441.1111,397.8889,416.7463,379.2358
2017-07-18 09:25:00,2017-07-18 10:20:00,47,204.0,168.0,180.0,180.0,200.88889,157.55556,177.06985,139.15938
2017-07-18 09:25:00,2017-07-18 10:20:00,178,890.0,895.0,808.0,808.0,647.2222,628.6667,810.9957,761.3591
2017-07-18 09:25:00,2017-07-18 10:20:00,281,341.0,374.0,439.0,439.0,455.0,399.22223,430.31882,379.6449
2017-07-18 09:30:00,2017-07-18 10:25:00,47,180.0,189.0,204.0,204.0,207.33333,154.77777,189.35034,138.85338
2017-07-18 09:30:00,2017-07-18 10:25:00,178,898.0,960.0,890.0,890.0,666.3333,648.0,828.97034,775.0805
2017-07-18 09:30:00,2017-07-18 10:25:00,281,480.0,384.0,341.0,341.0,453.0,413.66666,391.05338,367.5382
2017-07-18 09:35:00,2017-07-18 10:30:00,47,197.0,148.0,180.0,180.0,204.77777,134.44444,181.70851,115.83123
2017-07-18 09:35:00,2017-07-18 10:30:00,178,899.0,892.0,898.0,898.0,713.1111,644.55554,854.7334,751.59204
2017-07-18 09:35:00,2017-07-18 10:30:00,281,429.0,363.0,480.0,480.0,446.44446,384.66666,426.55835,364.93396
2017-07-18 09:40:00,2017-07-18 10:35:00,47,203.0,177.0,197.0,197.0,211.77777,160.33333,196.09956,145.98239
2017-07-18 09:40:00,2017-07-18 10:35:00,178,787.0,623.0,899.0,899.0,682.8889,630.44446,851.7075,762.52496
2017-07-18 09:40:00,2017-07-18 10:35:00,281,416.0,375.0,429.0,429.0,481.55554,394.77777,437.1176,359.75974
2017-07-18 09:45:00,2017-07-18 10:40:00,47,215.0,155.0,203.0,203.0,200.55556,146.88889,197.87003,143.8088
2017-07-18 09:45:00,2017-07-18 10:40:00,178,894.0,945.0,787.0,787.0,694.0,642.6667,799.1508,731.51526
2017-07-18 09:45:00,2017-07-18 10:40:00,281,442.0,388.0,416.0,416.0,456.8889,420.77777,427.8989,396.8139
2017-07-18 09:50:00,2017-07-18 10:45:00,47,183.0,181.0,215.0,215.0,191.44444,163.22223,205.3648,172.16357
2017-07-18 09:50:00,2017-07-18 10:45:00,178,826.0,658.0,894.0,894.0,627.55554,592.3333,788.9705,716.8979
2017-07-18 09:50:00,2017-07-18 10:45:00,281,368.0,413.0,442.0,442.0,461.44446,403.8889,440.34174,385.85654
2017-07-18 09:55:00,2017-07-18 10:50:00,47,166.0,149.0,183.0,183.0,179.55556,152.0,189.54797,160.86975
2017-07-18 09:55:00,2017-07-18 10:50:00,178,930.0,567.0,826.0,826.0,771.8889,594.55554,837.5488,649.66016
2017-07-18 09:55:00,2017-07-18 10:50:00,281,386.0,375.0,368.0,368.0,440.55554,382.44446,408.67786,362.0348
2017-07-18 10:00:00,2017-07-18 10:55:00,47,164.0,144.0,166.0,166.0,159.44444,148.33333,174.22755,161.17944
2017-07-18 10:00:00,2017-07-18 10:55:00,178,843.0,964.0,930.0,930.0,679.44446,630.3333,845.16345,753.90784
2017-07-18 10:00:00,2017-07-18 10:55:00,281,419.0,377.0,386.0,386.0,384.0,378.8889,385.41324,381.2924
2017-07-18 10:05:00,2017-07-18 11:00:00,47,192.0,174.0,164.0,164.0,155.88889,157.77777,170.02469,170.0271
2017-07-18 10:05:00,2017-07-18 11:00:00,178,909.0,554.0,843.0,843.0,704.8889,614.3333,835.84265,717.77246
2017-07-18 10:05:00,2017-07-18 11:00:00,281,415.0,338.0,419.0,419.0,402.44446,366.44446,402.31268,365.21417
2017-07-18 10:10:00,2017-07-18 11:05:00,47,178.0,179.0,192.0,192.0,162.55556,162.77777,180.5193,176.50879
2017-07-18 10:10:00,2017-07-18 11:05:00,178,917.0,953.0,909.0,909.0,631.3333,655.7778,829.4939,808.28595
2017-07-18 10:10:00,2017-07-18 11:05:00,281,394.0,347.0,415.0,415.0,405.66666,358.66666,408.69672,361.38397
2017-07-18 10:15:00,2017-07-18 11:10:00,47,181.0,177.0,178.0,178.0,175.77777,156.66667,182.54152,162.56439
2017-07-18 10:15:00,2017-07-18 11:10:00,178,898.0,942.0,917.0,917.0,624.3333,640.1111,837.75073,804.53424
2017-07-18 10:15:00,2017-07-18 11:10:00,281,412.0,358.0,394.0,394.0,397.8889,379.8889,399.31665,380.60287
2017-07-18 10:20:00,2017-07-18 11:15:00,47,168.0,166.0,181.0,181.0,157.55556,167.33333,176.60504,182.41982
2017-07-18 10:20:00,2017-07-18 11:15:00,178,895.0,555.0,898.0,898.0,628.6667,640.8889,841.27563,804.48285
2017-07-18 10:20:00,2017-07-18 11:15:00,281,374.0,362.0,412.0,412.0,399.22223,364.1111,400.433,362.54416
2017-07-18 10:25:00,2017-07-18 11:20:00,47,189.0,178.0,168.0,168.0,154.77777,171.44444,172.16924,185.57428
2017-07-18 10:25:00,2017-07-18 11:20:00,178,960.0,664.0,895.0,895.0,648.0,615.44446,840.1106,767.3166
2017-07-18 10:25:00,2017-07-18 11:20:00,281,384.0,294.0,374.0,374.0,413.66666,389.77777,399.74957,379.1544
2017-07-18 10:30:00,2017-07-18 11:25:00,47,148.0,176.0,189.0,189.0,134.44444,167.77777,170.46208,194.74628
2017-07-18 10:30:00,2017-07-18 11:25:00,178,892.0,664.0,960.0,960.0,644.55554,690.44446,880.15155,870.2739
2017-07-18 10:30:00,2017-07-18 11:25:00,281,363.0,363.0,384.0,384.0,384.66666,379.22223,381.71588,377.7633
2017-07-18 10:35:00,2017-07-18 11:30:00,47,177.0,166.0,148.0,148.0,160.33333,153.11111,162.74103,157.16788
2017-07-18 10:35:00,2017-07-18 11:30:00,178,623.0,605.0,892.0,892.0,630.44446,653.1111,852.3518,827.47473
2017-07-18 10:35:00,2017-07-18 11:30:00,281,375.0,355.0,363.0,363.0,394.77777,365.55554,372.36304,348.76196
2017-07-18 10:40:00,2017-07-18 11:35:00,47,155.0,137.0,177.0,177.0,146.88889,164.33333,163.73361,176.73589
2017-07-18 10:40:00,2017-07-18 11:35:00,178,945.0,652.0,623.0,623.0,642.6667,654.55554,739.5994,745.55164
2017-07-18 10:40:00,2017-07-18 11:35:00,281,388.0,385.0,375.0,375.0,420.77777,387.33334,387.3766,362.51242
2017-07-18 10:45:00,2017-07-18 11:40:00,47,181.0,195.0,155.0,155.0,163.22223,157.77777,161.98674,158.0307
2017-07-18 10:45:00,2017-07-18 11:40:00,178,658.0,646.0,945.0,945.0,592.3333,641.55554,803.7523,805.3269
2017-07-18 10:45:00,2017-07-18 11:40:00,281,413.0,392.0,388.0,388.0,403.8889,382.55554,389.61465,371.76596
2017-07-18 10:50:00,2017-07-18 11:45:00,47,149.0,199.0,181.0,181.0,152.0,161.44444,169.13277,174.4062
2017-07-18 10:50:00,2017-07-18 11:45:00,178,567.0,961.0,658.0,658.0,594.55554,661.0,713.2397,762.44055
2017-07-18 10:50:00,2017-07-18 11:45:00,281,375.0,372.0,413.0,413.0,382.44446,386.0,398.98468,396.59506
2017-07-18 10:55:00,2017-07-18 11:50:00,47,144.0,190.0,149.0,149.0,148.33333,162.33333,156.40381,168.92606
2017-07-18 10:55:00,2017-07-18 11:50:00,178,964.0,689.0,567.0,567.0,630.3333,649.8889,647.7494,679.11084
2017-07-18 10:55:00,2017-07-18 11:50:00,281,377.0,413.0,375.0,375.0,378.8889,387.22223,385.95737,393.3095
2017-07-18 11:00:00,2017-07-18 11:55:00,47,174.0,173.0,144.0,144.0,157.77777,158.77777,151.227,154.22533
2017-07-18 11:00:00,2017-07-18 11:55:00,178,554.0,666.0,964.0,964.0,614.3333,648.55554,774.53577,765.4081
2017-07-18 11:00:00,2017-07-18 11:55:00,281,338.0,327.0,377.0,377.0,366.44446,344.8889,371.79288,349.7224
2017-07-18 11:05:00,2017-07-18 12:00:00,47,179.0,172.0,174.0,174.0,162.77777,163.77777,163.44885,163.58025
2017-07-18 11:05:00,2017-07-18 12:00:00,178,953.0,952.0,554.0,554.0,655.7778,652.44446,661.54803,666.5119
2017-07-18 11:05:00,2017-07-18 12:00:00,281,347.0,367.0,338.0,338.0,358.66666,352.55554,351.0122,347.37787
2017-07-18 11:10:00,2017-07-18 12:05:00,47,177.0,197.0,179.0,179.0,156.66667,165.44444,167.74005,173.014
2017-07-18 11:10:00,2017-07-18 12:05:00,178,942.0,962.0,953.0,953.0,640.1111,681.55554,785.39636,784.1905
2017-07-18 11:10:00,2017-07-18 12:05:00,281,358.0,354.0,347.0,347.0,379.8889,348.55554,358.7107,333.9476
2017-07-18 11:15:00,2017-07-18 12:10:00,47,166.0,151.0,177.0,177.0,167.33333,168.22223,172.82686,171.16309
2017-07-18 11:15:00,2017-07-18 12:10:00,178,555.0,879.0,942.0,942.0,640.8889,717.3333,837.14026,858.55774
2017-07-18 11:15:00,2017-07-18 12:10:00,281,362.0,386.0,358.0,358.0,364.1111,353.77777,353.4802,344.19815
2017-07-18 11:20:00,2017-07-18 12:15:00,47,178.0,204.0,166.0,166.0,171.44444,184.44444,172.87975,185.07332
2017-07-18 11:20:00,2017-07-18 12:15:00,178,664.0,1019.0,555.0,555.0,615.44446,702.3333,671.1383,755.4038
2017-07-18 11:20:00,2017-07-18 12:15:00,281,294.0,359.0,362.0,362.0,389.77777,362.1111,366.24445,343.7315
2017-07-18 11:25:00,2017-07-18 12:20:00,47,176.0,223.0,178.0,178.0,167.77777,178.11111,175.8177,184.16962
2017-07-18 11:25:00,2017-07-18 12:20:00,178,664.0,939.0,664.0,664.0,690.44446,688.1111,684.75806,689.9989
2017-07-18 11:25:00,2017-07-18 12:20:00,281,363.0,368.0,294.0,294.0,379.22223,373.33334,335.34644,341.31827
2017-07-18 11:30:00,2017-07-18 12:25:00,47,166.0,202.0,176.0,176.0,153.11111,183.33333,172.3974,197.5533
2017-07-18 11:30:00,2017-07-18 12:25:00,178,605.0,705.0,664.0,664.0,653.1111,678.55554,670.4388,696.9141
2017-07-18 11:30:00,2017-07-18 12:25:00,281,355.0,371.0,363.0,363.0,365.55554,370.33334,347.12415,354.12695
2017-07-18 11:35:00,2017-07-18 12:30:00,47,137.0,210.0,166.0,166.0,164.33333,194.66667,173.366,202.0734
2017-07-18 11:35:00,2017-07-18 12:30:00,178,652.0,649.0,605.0,605.0,654.55554,723.8889,657.1303,734.43115
2017-07-18 11:35:00,2017-07-18 12:30:00,281,385.0,349.0,355.0,355.0,387.33334,359.55554,357.00342,335.74536
2017-07-18 11:40:00,2017-07-18 12:35:00,47,195.0,155.0,137.0,137.0,157.77777,194.66667,156.77193,195.71188
2017-07-18 11:40:00,2017-07-18 12:35:00,178,646.0,1010.0,652.0,652.0,641.55554,684.2222,637.5398,686.71893
2017-07-18 11:40:00,2017-07-18 12:35:00,281,392.0,405.0,385.0,385.0,382.55554,364.1111,370.76886,352.4958
2017-07-18 11:45:00,2017-07-18 12:40:00,47,199.0,271.0,195.0,195.0,161.44444,201.88889,176.75679,212.98657
2017-07-18 11:45:00,2017-07-18 12:40:00,178,961.0,969.0,646.0,646.0,661.0,684.0,650.78424,677.5734
2017-07-18 11:45:00,2017-07-18 12:40:00,281,372.0,394.0,392.0,392.0,386.0,363.1111,380.24768,355.80807
2017-07-18 11:50:00,2017-07-18 12:45:00,47,190.0,244.0,199.0,199.0,162.33333,205.55556,187.87506,224.19482
2017-07-18 11:50:00,2017-07-18 12:45:00,178,689.0,1017.0,961.0,961.0,649.8889,713.44446,785.5938,804.2571
2017-07-18 11:50:00,2017-07-18 12:45:00,281,413.0,407.0,372.0,372.0,387.22223,385.0,385.97824,383.12234
2017-07-18 11:55:00,2017-07-18 12:50:00,47,173.0,231.0,190.0,190.0,158.77777,196.55556,184.14554,215.37827
2017-07-18 11:55:00,2017-07-18 12:50:00,178,666.0,1029.0,689.0,689.0,648.55554,680.1111,709.2726,723.1346
2017-07-18 11:55:00,2017-07-18 12:50:00,281,327.0,394.0,413.0,413.0,344.8889,364.8889,384.84015,393.45148
2017-07-18 12:00:00,2017-07-18 12:55:00,47,172.0,194.0,173.0,173.0,163.77777,185.33333,175.30319,194.78194
2017-07-18 12:00:00,2017-07-18 12:55:00,178,952.0,965.0,666.0,666.0,652.44446,774.3333,704.1088,811.2695
2017-07-18 12:00:00,2017-07-18 12:55:00,281,367.0,345.0,327.0,327.0,352.55554,369.77777,358.7032,375.6387
2017-07-18 12:05:00,2017-07-18 13:00:00,47,197.0,193.0,172.0,172.0,165.44444,176.88889,172.1877,182.46558
2017-07-18 12:05:00,2017-07-18 13:00:00,178,962.0,1030.0,952.0,952.0,681.55554,768.3333,800.68933,849.9911
2017-07-18 12:05:00,2017-07-18 13:00:00,281,354.0,406.0,367.0,367.0,348.55554,350.22223,358.8246,359.18243
2017-07-18 12:10:00,2017-07-18 13:05:00,47,151.0,199.0,197.0,197.0,168.22223,172.88889,181.61955,181.53789
2017-07-18 12:10:00,2017-07-18 13:05:00,178,879.0,1072.0,962.0,962.0,717.3333,772.2222,866.6898,877.4607
2017-07-18 12:10:00,2017-07-18 13:05:00,281,386.0,380.0,354.0,354.0,353.77777,367.22223,357.92343,370.73422
2017-07-18 12:15:00,2017-07-18 13:10:00,47,204.0,201.0,151.0,151.0,184.44444,168.11111,171.09528,158.90967
2017-07-18 12:15:00,2017-07-18 13:10:00,178,1019.0,995.0,879.0,879.0,702.3333,731.3333,857.23615,850.92017
2017-07-18 12:15:00,2017-07-18 13:10:00,281,359.0,421.0,386.0,386.0,362.1111,383.1111,375.49316,392.20654
2017-07-18 12:20:00,2017-07-18 13:15:00,47,223.0,196.0,204.0,204.0,178.11111,190.0,186.30984,194.26431
2017-07-18 12:20:00,2017-07-18 13:15:00,178,939.0,949.0,1019.0,1019.0,688.1111,712.44446,903.4436,872.3897
2017-07-18 12:20:00,2017-07-18 13:15:00,281,368.0,412.0,359.0,359.0,373.33334,379.22223,372.53723,378.5815
2017-07-18 12:25:00,2017-07-18 13:20:00,47,202.0,213.0,223.0,223.0,183.33333,178.22223,198.9172,187.88661
2017-07-18 12:25:00,2017-07-18 13:20:00,178,705.0,980.0,939.0,939.0,678.55554,758.55554,899.01306,924.4339
2017-07-18 12:25:00,2017-07-18 13:20:00,281,371.0,412.0,368.0,368.0,370.33334,384.66666,370.03992,383.87976
2017-07-18 12:30:00,2017-07-18 13:25:00,47,210.0,172.0,202.0,202.0,194.66667,167.88889,199.22461,170.16304
2017-07-18 12:30:00,2017-07-18 13:25:00,178,649.0,1036.0,705.0,705.0,723.8889,738.6667,821.0393,824.69836
2017-07-18 12:30:00,2017-07-18 13:25:00,281,349.0,415.0,371.0,371.0,359.55554,395.1111,369.0443,401.5777
2017-07-18 12:35:00,2017-07-18 13:30:00,47,155.0,166.0,210.0,210.0,194.66667,181.11111,204.87283,187.02443
2017-07-18 12:35:00,2017-07-18 13:30:00,178,1010.0,1015.0,649.0,649.0,684.2222,787.6667,742.40564,841.55273
2017-07-18 12:35:00,2017-07-18 13:30:00,281,405.0,376.0,349.0,349.0,364.1111,394.66666,362.0944,393.51025
2017-07-18 12:40:00,2017-07-18 13:35:00,47,271.0,173.0,155.0,155.0,201.88889,172.22223,182.5428,158.54951
2017-07-18 12:40:00,2017-07-18 13:35:00,178,969.0,969.0,1010.0,1010.0,684.0,774.0,850.8227,900.7305
2017-07-18 12:40:00,2017-07-18 13:35:00,281,394.0,444.0,405.0,405.0,363.1111,390.33334,379.4053,401.06638
2017-07-18 12:45:00,2017-07-18 13:40:00,47,244.0,202.0,271.0,271.0,205.55556,189.33333,229.48184,204.18909
2017-07-18 12:45:00,2017-07-18 13:40:00,178,1017.0,973.0,969.0,969.0,713.44446,788.2222,882.3985,917.12585
2017-07-18 12:45:00,2017-07-18 13:40:00,281,407.0,425.0,394.0,394.0,385.0,401.44446,393.27118,406.87708
2017-07-18 12:50:00,2017-07-18 13:45:00,47,231.0,191.0,244.0,244.0,196.55556,193.33333,232.75427,219.74225
2017-07-18 12:50:00,2017-07-18 13:45:00,178,1029.0,980.0,1017.0,1017.0,680.1111,750.44446,904.1478,917.66223
2017-07-18 12:50:00,2017-07-18 13:45:00,281,394.0,419.0,407.0,407.0,364.8889,401.66666,392.1823,420.7743
2017-07-18 12:55:00,2017-07-18 13:50:00,47,194.0,215.0,231.0,231.0,185.33333,197.22223,226.69902,228.22214
2017-07-18 12:55:00,2017-07-18 13:50:00,178,965.0,939.0,1029.0,1029.0,774.3333,739.55554,955.8552,872.8375
2017-07-18 12:55:00,2017-07-18 13:50:00,281,345.0,444.0,394.0,394.0,369.77777,376.33334,393.05283,394.54675
2017-07-18 13:00:00,2017-07-18 13:55:00,47,193.0,186.0,194.0,194.0,176.88889,195.33333,206.34116,219.91916
2017-07-18 13:00:00,2017-07-18 13:55:00,178,1030.0,980.0,965.0,965.0,768.3333,725.2222,930.5084,846.95215
2017-07-18 13:00:00,2017-07-18 13:55:00,281,406.0,290.0,345.0,345.0,350.22223,364.22223,360.05322,373.32565
2017-07-18 13:05:00,2017-07-18 14:00:00,47,199.0,218.0,193.0,193.0,172.88889,195.11111,199.805,217.79224
2017-07-18 13:05:00,2017-07-18 14:00:00,178,1072.0,1070.0,1030.0,1030.0,772.2222,732.44446,966.59344,877.4712
2017-07-18 13:05:00,2017-07-18 14:00:00,281,380.0,437.0,406.0,406.0,367.22223,376.0,384.5371,387.0854
2017-07-18 13:10:00,2017-07-18 14:05:00,47,201.0,199.0,199.0,199.0,168.11111,203.11111,198.8706,227.19107
2017-07-18 13:10:00,2017-07-18 14:05:00,178,995.0,1032.0,1072.0,1072.0,731.3333,757.55554,985.3861,949.6754
2017-07-18 13:10:00,2017-07-18 14:05:00,281,421.0,374.0,380.0,380.0,383.1111,349.8889,381.4738,348.88306
2017-07-18 13:15:00,2017-07-18 14:10:00,47,196.0,231.0,201.0,201.0,190.0,218.66667,206.268,232.59068
2017-07-18 13:15:00,2017-07-18 14:10:00,178,949.0,981.0,995.0,995.0,712.44446,763.0,940.9227,942.62
2017-07-18 13:15:00,2017-07-18 14:10:00,281,412.0,413.0,421.0,421.0,379.22223,380.22223,400.16592,393.6576
2017-07-18 13:20:00,2017-07-18 14:15:00,47,213.0,221.0,196.0,196.0,178.22223,243.88889,201.55463,263.0319
2017-07-18 13:20:00,2017-07-18 14:15:00,178,980.0,986.0,949.0,949.0,758.55554,748.8889,932.78485,889.9592
2017-07-18 13:20:00,2017-07-18 14:15:00,281,412.0,412.0,412.0,412.0,384.66666,397.66666,404.40268,410.29092
2017-07-18 13:25:00,2017-07-18 14:20:00,47,172.0,247.0,213.0,213.0,167.88889,241.22223,201.2848,267.4338
2017-07-18 13:25:00,2017-07-18 14:20:00,178,1036.0,1028.0,980.0,980.0,738.6667,749.55554,936.50916,904.0759
2017-07-18 13:25:00,2017-07-18 14:20:00,281,415.0,418.0,412.0,412.0,395.1111,383.0,407.0468,390.44342
2017-07-18 13:30:00,2017-07-18 14:25:00,47,166.0,233.0,172.0,172.0,181.11111,219.88889,187.90335,227.32642
2017-07-18 13:30:00,2017-07-18 14:25:00,178,1015.0,968.0,1036.0,1036.0,787.6667,757.2222,982.16614,907.8423
2017-07-18 13:30:00,2017-07-18 14:25:00,281,376.0,365.0,415.0,415.0,394.66666,382.55554,410.25275,393.89996
2017-07-18 13:35:00,2017-07-18 14:30:00,47,173.0,227.0,166.0,166.0,172.22223,220.33333,176.14365,224.79115
2017-07-18 13:35:00,2017-07-18 14:30:00,178,969.0,993.0,1015.0,1015.0,774.0,735.2222,959.6047,880.228
2017-07-18 13:35:00,2017-07-18 14:30:00,281,444.0,372.0,376.0,376.0,390.33334,409.44446,395.0987,413.15472
2017-07-18 13:40:00,2017-07-18 14:35:00,47,202.0,239.0,173.0,173.0,189.33333,225.55556,177.91795,217.58807
2017-07-18 13:40:00,2017-07-18 14:35:00,178,973.0,962.0,969.0,969.0,788.2222,720.7778,946.8124,847.74963
2017-07-18 13:40:00,2017-07-18 14:35:00,281,425.0,419.0,444.0,444.0,401.44446,414.8889,424.06824,430.256
2017-07-18 13:45:00,2017-07-18 14:40:00,47,191.0,262.0,202.0,202.0,193.33333,240.11111,194.12169,239.87149
2017-07-18 13:45:00,2017-07-18 14:40:00,178,980.0,986.0,973.0,973.0,750.44446,736.6667,929.18555,876.9408
2017-07-18 13:45:00,2017-07-18 14:40:00,281,419.0,424.0,425.0,425.0,401.66666,422.66666,427.30722,443.26657
2017-07-18 13:50:00,2017-07-18 14:45:00,47,215.0,276.0,191.0,191.0,197.22223,260.77777,196.85052,259.75262
2017-07-18 13:50:00,2017-07-18 14:45:00,178,939.0,973.0,980.0,980.0,739.55554,797.3333,938.35706,950.7964
2017-07-18 13:50:00,2017-07-18 14:45:00,281,444.0,403.0,419.0,419.0,376.33334,423.55554,417.7738,456.03394
2017-07-18 13:55:00,2017-07-18 14:50:00,47,186.0,241.0,215.0,215.0,195.33333,248.77777,203.23328,253.36139
2017-07-18 13:55:00,2017-07-18 14:50:00,178,980.0,993.0,939.0,939.0,725.2222,789.2222,915.0327,940.0404
2017-07-18 13:55:00,2017-07-18 14:50:00,281,290.0,437.0,444.0,444.0,364.22223,433.33334,423.92337,477.56067
2017-07-18 14:00:00,2017-07-18 14:55:00,47,218.0,209.0,186.0,186.0,195.11111,232.66667,190.33458,228.99957
2017-07-18 14:00:00,2017-07-18 14:55:00,178,1070.0,985.0,980.0,980.0,732.44446,771.1111,913.4594,913.9204
2017-07-18 14:00:00,2017-07-18 14:55:00,281,437.0,440.0,290.0,290.0,376.0,412.22223,364.03638,410.5765
2017-07-18 14:05:00,2017-07-18 15:00:00,47,199.0,231.0,218.0,218.0,203.11111,228.44444,203.59778,227.48422
2017-07-18 14:05:00,2017-07-18 15:00:00,178,1032.0,965.0,1070.0,1070.0,757.55554,752.6667,957.55225,906.151
2017-07-18 14:05:00,2017-07-18 15:00:00,281,374.0,431.0,437.0,437.0,349.8889,422.44446,393.40607,454.82104
2017-07-18 14:10:00,2017-07-18 15:05:00,47,231.0,231.0,199.0,199.0,218.66667,232.88889,205.46371,221.06503
2017-07-18 14:10:00,2017-07-18 15:05:00,178,981.0,954.0,1032.0,1032.0,763.0,776.2222,973.0548,937.6553
2017-07-18 14:10:00,2017-07-18 15:05:00,281,413.0,405.0,374.0,374.0,380.22223,413.77777,384.4043,417.93536
2017-07-18 14:15:00,2017-07-18 15:10:00,47,221.0,228.0,231.0,231.0,243.88889,263.8889,231.57478,251.81436
2017-07-18 14:15:00,2017-07-18 15:10:00,178,986.0,974.0,981.0,981.0,748.8889,717.0,945.9426,872.9693
2017-07-18 14:15:00,2017-07-18 15:10:00,281,412.0,450.0,413.0,413.0,397.66666,446.22223,406.9832,452.42346
2017-07-18 14:20:00,2017-07-18 15:15:00,47,247.0,267.0,221.0,221.0,241.22223,290.0,234.87244,283.74698
2017-07-18 14:20:00,2017-07-18 15:15:00,178,1028.0,945.0,986.0,986.0,749.55554,782.7778,946.9513,934.9116
2017-07-18 14:20:00,2017-07-18 15:15:00,281,418.0,423.0,412.0,412.0,383.0,466.0,406.83478,483.14996
2017-07-18 14:25:00,2017-07-18 15:20:00,47,233.0,282.0,247.0,247.0,219.88889,292.1111,238.47307,304.46823
2017-07-18 14:25:00,2017-07-18 15:20:00,178,968.0,952.0,1028.0,1028.0,757.2222,781.44446,963.7572,941.2087
2017-07-18 14:25:00,2017-07-18 15:20:00,281,365.0,477.0,418.0,418.0,382.55554,464.1111,406.97546,481.05215
2017-07-18 14:30:00,2017-07-18 15:25:00,47,227.0,245.0,233.0,233.0,220.33333,263.44446,231.16592,272.0729
2017-07-18 14:30:00,2017-07-18 15:25:00,178,993.0,926.0,968.0,968.0,735.2222,893.0,951.70764,1060.7312
2017-07-18 14:30:00,2017-07-18 15:25:00,281,372.0,418.0,365.0,365.0,409.44446,446.33334,392.18695,434.2976
2017-07-18 14:35:00,2017-07-18 15:30:00,47,239.0,272.0,227.0,227.0,225.55556,274.55554,231.32568,278.80832
2017-07-18 14:35:00,2017-07-18 15:30:00,178,962.0,968.0,993.0,993.0,720.7778,823.0,936.01855,996.04736
2017-07-18 14:35:00,2017-07-18 15:30:00,281,419.0,460.0,372.0,372.0,414.8889,441.1111,385.48932,419.43408
2017-07-18 14:40:00,2017-07-18 15:35:00,47,262.0,243.0,239.0,239.0,240.11111,269.1111,239.6022,268.03586
2017-07-18 14:40:00,2017-07-18 15:35:00,178,986.0,983.0,962.0,962.0,736.6667,806.6667,914.66516,948.2623
2017-07-18 14:40:00,2017-07-18 15:35:00,281,424.0,444.0,419.0,419.0,422.66666,483.55554,414.02893,474.54575
2017-07-18 14:45:00,2017-07-18 15:40:00,47,276.0,251.0,262.0,262.0,260.77777,289.22223,263.48117,289.669
2017-07-18 14:45:00,2017-07-18 15:40:00,178,973.0,945.0,986.0,986.0,797.3333,841.8889,950.0186,962.24744
2017-07-18 14:45:00,2017-07-18 15:40:00,281,403.0,567.0,424.0,424.0,423.55554,526.7778,428.1775,528.6105
2017-07-18 14:50:00,2017-07-18 15:45:00,47,241.0,272.0,276.0,276.0,248.77777,285.66666,268.6321,299.584
2017-07-18 14:50:00,2017-07-18 15:45:00,178,993.0,946.0,973.0,973.0,789.2222,781.8889,943.56946,905.47974
2017-07-18 14:50:00,2017-07-18 15:45:00,281,437.0,528.0,403.0,403.0,433.33334,498.66666,421.20728,489.93073
2017-07-18 14:55:00,2017-07-18 15:50:00,47,209.0,296.0,241.0,241.0,232.66667,258.33334,246.8068,269.5224
2017-07-18 14:55:00,2017-07-18 15:50:00,178,985.0,907.0,993.0,993.0,771.1111,782.2222,943.96045,917.5423
2017-07-18 14:55:00,2017-07-18 15:50:00,281,440.0,501.0,437.0,437.0,412.22223,487.1111,424.30798,494.91675
2017-07-18 15:00:00,2017-07-18 15:55:00,47,231.0,296.0,209.0,209.0,228.44444,261.55554,226.25809,261.15402
2017-07-18 15:00:00,2017-07-18 15:55:00,178,965.0,953.0,985.0,985.0,752.6667,762.8889,924.4898,897.3451
2017-07-18 15:00:00,2017-07-18 15:55:00,281,431.0,455.0,440.0,440.0,422.44446,509.22223,433.95645,516.0553
2017-07-18 15:05:00,2017-07-18 16:00:00,47,231.0,271.0,231.0,231.0,232.88889,249.88889,228.34753,246.69855
2017-07-18 15:05:00,2017-07-18 16:00:00,178,954.0,876.0,965.0,965.0,776.2222,784.3333,933.2833,905.083
2017-07-18 15:05:00,2017-07-18 16:00:00,281,405.0,475.0,431.0,431.0,413.77777,478.44446,429.12543,489.46295
2017-07-18 15:10:00,2017-07-18 16:05:00,47,228.0,274.0,231.0,231.0,263.8889,247.22223,236.43254,225.09174
2017-07-18 15:10:00,2017-07-18 16:05:00,178,974.0,949.0,954.0,954.0,717.0,800.2222,902.422,944.3895
2017-07-18 15:10:00,2017-07-18 16:05:00,281,450.0,526.0,405.0,405.0,446.22223,510.66666,430.01495,497.67926
2017-07-18 15:15:00,2017-07-18 16:10:00,47,267.0,312.0,228.0,228.0,290.0,253.77777,243.60974,217.7034
2017-07-18 15:15:00,2017-07-18 16:10:00,178,945.0,901.0,974.0,974.0,782.7778,743.2222,920.5244,852.54474
2017-07-18 15:15:00,2017-07-18 16:10:00,281,423.0,574.0,450.0,450.0,466.0,497.8889,447.30624,482.2342
2017-07-18 15:20:00,2017-07-18 16:15:00,47,282.0,270.0,267.0,267.0,292.1111,270.66666,263.15677,245.80116
2017-07-18 15:20:00,2017-07-18 16:15:00,178,952.0,698.0,945.0,945.0,781.44446,803.1111,903.2682,894.0487
2017-07-18 15:20:00,2017-07-18 16:15:00,281,477.0,545.0,423.0,423.0,464.1111,510.22223,441.5224,491.1872
2017-07-18 15:25:00,2017-07-18 16:20:00,47,245.0,225.0,282.0,282.0,263.44446,255.55556,263.3619,252.65604
2017-07-18 15:25:00,2017-07-18 16:20:00,178,926.0,828.0,952.0,952.0,893.0,794.0,949.79504,841.38983
2017-07-18 15:25:00,2017-07-18 16:20:00,281,418.0,494.0,477.0,477.0,446.33334,510.66666,459.19446,518.92236
2017-07-18 15:30:00,2017-07-18 16:25:00,47,272.0,260.0,245.0,245.0,274.55554,260.0,259.21335,247.32236
2017-07-18 15:30:00,2017-07-18 16:25:00,178,968.0,849.0,926.0,926.0,823.0,791.44446,916.3883,866.1686
2017-07-18 15:30:00,2017-07-18 16:25:00,281,460.0,519.0,418.0,418.0,441.1111,510.1111,435.01633,504.69562
2017-07-18 15:35:00,2017-07-18 16:30:00,47,243.0,258.0,272.0,272.0,269.1111,249.88889,262.86188,242.78809
2017-07-18 15:35:00,2017-07-18 16:30:00,178,983.0,863.0,968.0,968.0,806.6667,759.2222,916.34485,845.52747
2017-07-18 15:35:00,2017-07-18 16:30:00,281,444.0,422.0,460.0,460.0,483.55554,522.3333,456.70877,498.38318
2017-07-18 15:40:00,2017-07-18 16:35:00,47,251.0,222.0,243.0,243.0,289.22223,257.0,261.81882,235.4198
2017-07-18 15:40:00,2017-07-18 16:35:00,178,945.0,768.0,983.0,983.0,841.8889,807.7778,951.751,890.9502
2017-07-18 15:40:00,2017-07-18 16:35:00,281,567.0,511.0,444.0,444.0,526.7778,512.55554,470.99133,469.28833
2017-07-18 15:45:00,2017-07-18 16:40:00,47,272.0,262.0,251.0,251.0,285.66666,275.1111,266.97205,261.22446
2017-07-18 15:45:00,2017-07-18 16:40:00,178,946.0,720.0,945.0,945.0,781.8889,826.44446,924.5543,937.2532
2017-07-18 15:45:00,2017-07-18 16:40:00,281,528.0,570.0,567.0,567.0,498.66666,551.3333,521.50604,561.7419
2017-07-18 15:50:00,2017-07-18 16:45:00,47,296.0,273.0,272.0,272.0,258.33334,256.66666,264.29944,260.83664
2017-07-18 15:50:00,2017-07-18 16:45:00,178,907.0,887.0,946.0,946.0,782.2222,769.8889,913.1103,875.6101
2017-07-18 15:50:00,2017-07-18 16:45:00,281,501.0,606.0,528.0,528.0,487.1111,529.8889,513.7703,547.1305
2017-07-18 15:55:00,2017-07-18 16:50:00,47,296.0,235.0,296.0,296.0,261.55554,256.44446,279.59357,268.88593
2017-07-18 15:55:00,2017-07-18 16:50:00,178,953.0,715.0,907.0,907.0,762.8889,711.6667,876.19037,803.1498
2017-07-18 15:55:00,2017-07-18 16:50:00,281,455.0,501.0,501.0,501.0,509.22223,514.1111,513.04443,516.4878
2017-07-18 16:00:00,2017-07-18 16:55:00,47,271.0,252.0,296.0,296.0,249.88889,248.22223,279.96893,270.51157
2017-07-18 16:00:00,2017-07-18 16:55:00,178,876.0,747.0,953.0,953.0,784.3333,799.0,908.8033,892.4025
2017-07-18 16:00:00,2017-07-18 16:55:00,281,475.0,549.0,455.0,455.0,478.44446,533.7778,481.2885,535.75464
2017-07-18 16:05:00,2017-07-18 17:00:00,47,274.0,206.0,271.0,271.0,247.22223,250.44444,272.8652,269.21542
2017-07-18 16:05:00,2017-07-18 17:00:00,178,949.0,886.0,876.0,876.0,800.2222,800.8889,896.1149,879.72375
2017-07-18 16:05:00,2017-07-18 17:00:00,281,526.0,598.0,475.0,475.0,510.66666,521.2222,494.72937,509.69485
2017-07-18 16:10:00,2017-07-18 17:05:00,47,312.0,242.0,274.0,274.0,253.77777,252.33333,273.14545,266.63428
2017-07-18 16:10:00,2017-07-18 17:05:00,178,901.0,826.0,949.0,949.0,743.2222,854.1111,894.6988,970.0617
2017-07-18 16:10:00,2017-07-18 17:05:00,281,574.0,555.0,526.0,526.0,497.8889,525.8889,509.2683,532.5802
2017-07-18 16:15:00,2017-07-18 17:10:00,47,270.0,238.0,312.0,312.0,270.66666,256.22223,294.78848,273.16202
2017-07-18 16:15:00,2017-07-18 17:10:00,178,698.0,774.0,901.0,901.0,803.1111,788.0,887.05945,857.36304
2017-07-18 16:15:00,2017-07-18 17:10:00,281,545.0,580.0,574.0,574.0,510.22223,563.7778,545.4895,587.40186
2017-07-18 16:20:00,2017-07-18 17:15:00,47,225.0,258.0,270.0,270.0,255.55556,263.1111,276.97546,279.4764
2017-07-18 16:20:00,2017-07-18 17:15:00,178,828.0,862.0,698.0,698.0,794.0,792.0,788.6792,797.17896
2017-07-18 16:20:00,2017-07-18 17:15:00,281,494.0,615.0,545.0,545.0,510.66666,586.6667,544.1927,609.45764
2017-07-18 16:25:00,2017-07-18 17:20:00,47,260.0,268.0,225.0,225.0,260.0,280.33334,258.38608,282.03625
2017-07-18 16:25:00,2017-07-18 17:20:00,178,849.0,699.0,828.0,828.0,791.44446,807.55554,817.85986,833.5636
2017-07-18 16:25:00,2017-07-18 17:20:00,281,519.0,580.0,494.0,494.0,510.1111,569.6667,520.45636,578.8252
2017-07-18 16:30:00,2017-07-18 17:25:00,47,258.0,264.0,260.0,260.0,249.88889,276.44446,257.94052,284.0344
2017-07-18 16:30:00,2017-07-18 17:25:00,178,863.0,735.0,849.0,849.0,759.2222,850.55554,824.2449,901.6362
2017-07-18 16:30:00,2017-07-18 17:25:00,281,422.0,541.0,519.0,519.0,522.3333,548.44446,525.03827,551.2002
2017-07-18 16:35:00,2017-07-18 17:30:00,47,222.0,260.0,258.0,258.0,257.0,255.44444,257.06757,256.72733
2017-07-18 16:35:00,2017-07-18 17:30:00,178,768.0,723.0,863.0,863.0,807.7778,844.2222,844.8296,872.62787
2017-07-18 16:35:00,2017-07-18 17:30:00,281,511.0,573.0,422.0,422.0,512.55554,547.7778,477.587,523.7175
2017-07-18 16:40:00,2017-07-18 17:35:00,47,262.0,284.0,222.0,222.0,275.1111,252.55556,248.86147,234.82822
2017-07-18 16:40:00,2017-07-18 17:35:00,178,720.0,696.0,768.0,768.0,826.44446,809.1111,807.59235,799.7904
2017-07-18 16:40:00,2017-07-18 17:35:00,281,570.0,558.0,511.0,511.0,551.3333,544.44446,510.3816,513.9739
2017-07-18 16:45:00,2017-07-18 17:40:00,47,273.0,260.0,262.0,262.0,256.66666,267.0,254.87962,264.95447
2017-07-18 16:45:00,2017-07-18 17:40:00,178,887.0,765.0,720.0,720.0,769.8889,787.55554,755.17554,782.1969
2017-07-18 16:45:00,2017-07-18 17:40:00,281,606.0,575.0,570.0,570.0,529.8889,556.2222,540.0883,562.0121
2017-07-18 16:50:00,2017-07-18 17:45:00,47,235.0,301.0,273.0,273.0,256.44446,281.44446,265.72858,287.41293
2017-07-18 16:50:00,2017-07-18 17:45:00,178,715.0,756.0,887.0,887.0,711.6667,832.0,796.70056,891.6026
2017-07-18 16:50:00,2017-07-18 17:45:00,281,501.0,602.0,606.0,606.0,514.1111,544.6667,558.79706,574.2306
2017-07-18 16:55:00,2017-07-18 17:50:00,47,252.0,254.0,235.0,235.0,248.22223,271.1111,247.86903,271.56625
2017-07-18 16:55:00,2017-07-18 17:50:00,178,747.0,789.0,715.0,715.0,799.0,777.3333,769.09326,758.5895
2017-07-18 16:55:00,2017-07-18 17:50:00,281,549.0,582.0,501.0,501.0,533.7778,547.1111,533.9854,545.9408
2017-07-18 17:00:00,2017-07-18 17:55:00,47,206.0,248.0,252.0,252.0,250.44444,258.44446,247.83037,255.78653
2017-07-18 17:00:00,2017-07-18 17:55:00,178,886.0,656.0,747.0,747.0,800.8889,835.6667,763.0995,805.43024
2017-07-18 17:00:00,2017-07-18 17:55:00,281,598.0,521.0,549.0,549.0,521.2222,489.8889,530.4102,495.92877
2017-07-18 17:05:00,2017-07-18 18:00:00,47,242.0,248.0,206.0,206.0,252.33333,264.33334,228.85172,247.6407
2017-07-18 17:05:00,2017-07-18 18:00:00,178,826.0,819.0,886.0,886.0,854.1111,766.7778,826.4195,743.5361
2017-07-18 17:05:00,2017-07-18 18:00:00,281,555.0,512.0,598.0,598.0,525.8889,482.55554,552.21204,497.95874
2017-07-18 17:10:00,2017-07-18 18:05:00,47,238.0,238.0,242.0,242.0,256.22223,253.88889,236.86539,239.59268
2017-07-18 17:10:00,2017-07-18 18:05:00,178,774.0,640.0,826.0,826.0,788.0,775.0,806.2963,784.9617
2017-07-18 17:10:00,2017-07-18 18:05:00,281,580.0,533.0,555.0,555.0,563.7778,492.44446,557.5833,485.2342
2017-07-18 17:15:00,2017-07-18 18:10:00,47,258.0,280.0,238.0,238.0,263.1111,252.88889,241.1993,235.4108
2017-07-18 17:15:00,2017-07-18 18:10:00,178,862.0,839.0,774.0,774.0,792.0,794.0,798.2726,798.11865
2017-07-18 17:15:00,2017-07-18 18:10:00,281,615.0,547.0,580.0,580.0,586.6667,519.44446,580.4432,511.5357
2017-07-18 17:20:00,2017-07-18 18:15:00,47,268.0,293.0,258.0,258.0,280.33334,256.66666,257.2067,237.37608
2017-07-18 17:20:00,2017-07-18 18:15:00,178,699.0,791.0,862.0,862.0,807.55554,829.2222,828.9456,838.8293
2017-07-18 17:20:00,2017-07-18 18:15:00,281,580.0,490.0,615.0,615.0,569.6667,516.7778,594.44183,533.67395
2017-07-18 17:25:00,2017-07-18 18:20:00,47,264.0,274.0,268.0,268.0,276.44446,256.8889,263.33798,244.8389
2017-07-18 17:25:00,2017-07-18 18:20:00,178,735.0,891.0,699.0,699.0,850.55554,807.7778,780.0113,757.55035
2017-07-18 17:25:00,2017-07-18 18:20:00,281,541.0,542.0,580.0,580.0,548.44446,506.22223,577.3286,527.5593
2017-07-18 17:30:00,2017-07-18 18:25:00,47,260.0,255.0,264.0,264.0,255.44444,251.22223,258.6464,252.24911
2017-07-18 17:30:00,2017-07-18 18:25:00,178,723.0,933.0,735.0,735.0,844.2222,764.44446,766.2117,709.31146
2017-07-18 17:30:00,2017-07-18 18:25:00,281,573.0,530.0,541.0,541.0,547.7778,474.66666,558.74634,484.2472
2017-07-18 17:35:00,2017-07-18 18:30:00,47,284.0,260.0,260.0,260.0,252.55556,225.33333,253.97263,225.59659
2017-07-18 17:35:00,2017-07-18 18:30:00,178,696.0,871.0,723.0,723.0,809.1111,815.8889,758.42975,776.9244
2017-07-18 17:35:00,2017-07-18 18:30:00,281,558.0,482.0,573.0,573.0,544.44446,490.8889,563.7903,505.4616
2017-07-18 17:40:00,2017-07-18 18:35:00,47,260.0,271.0,284.0,284.0,267.0,220.11111,266.2046,216.9245
2017-07-18 17:40:00,2017-07-18 18:35:00,178,765.0,928.0,696.0,696.0,787.55554,721.7778,718.71893,674.94006
2017-07-18 17:40:00,2017-07-18 18:35:00,281,575.0,534.0,558.0,558.0,556.2222,485.1111,564.63324,493.4912
2017-07-18 17:45:00,2017-07-18 18:40:00,47,301.0,234.0,260.0,260.0,281.44446,204.33333,265.48947,191.78409
2017-07-18 17:45:00,2017-07-18 18:40:00,178,756.0,771.0,765.0,765.0,832.0,763.1111,763.9057,709.17413
2017-07-18 17:45:00,2017-07-18 18:40:00,281,602.0,527.0,575.0,575.0,544.6667,501.55554,567.8432,518.4401
2017-07-18 17:50:00,2017-07-18 18:45:00,47,254.0,197.0,301.0,301.0,271.1111,194.88889,280.3137,200.14061
2017-07-18 17:50:00,2017-07-18 18:45:00,178,789.0,957.0,756.0,756.0,777.3333,723.8889,745.8095,696.4838
2017-07-18 17:50:00,2017-07-18 18:45:00,281,582.0,543.0,602.0,602.0,547.1111,483.0,586.83655,513.4813
2017-07-18 17:55:00,2017-07-18 18:50:00,47,248.0,225.0,254.0,254.0,258.44446,200.0,262.28555,202.34132
2017-07-18 17:55:00,2017-07-18 18:50:00,178,656.0,994.0,789.0,789.0,835.6667,698.2222,781.2096,651.56384
2017-07-18 17:55:00,2017-07-18 18:50:00,281,521.0,434.0,582.0,582.0,489.8889,461.77777,557.9645,514.6041
2017-07-18 18:00:00,2017-07-18 18:55:00,47,248.0,182.0,248.0,248.0,264.33334,199.77777,259.41614,196.14122
2017-07-18 18:00:00,2017-07-18 18:55:00,178,819.0,1030.0,656.0,656.0,766.7778,769.0,713.3372,727.4654
2017-07-18 18:00:00,2017-07-18 18:55:00,281,512.0,469.0,521.0,521.0,482.55554,429.55554,523.69666,464.2552
2017-07-18 18:05:00,2017-07-18 19:00:00,47,238.0,156.0,248.0,248.0,253.88889,184.33333,249.09775,181.04538
2017-07-18 18:05:00,2017-07-18 19:00:00,178,640.0,924.0,819.0,819.0,775.0,752.2222,767.48413,740.637
2017-07-18 18:05:00,2017-07-18 19:00:00,281,533.0,398.0,512.0,512.0,492.44446,426.22223,514.4883,444.86035
2017-07-18 18:10:00,2017-07-18 19:05:00,47,280.0,183.0,238.0,238.0,252.88889,177.11111,242.09015,169.89835
2017-07-18 18:10:00,2017-07-18 19:05:00,178,839.0,858.0,640.0,640.0,794.0,720.8889,706.64685,655.14343
2017-07-18 18:10:00,2017-07-18 19:05:00,281,547.0,425.0,533.0,533.0,519.44446,393.55554,522.43677,397.2426
2017-07-18 18:15:00,2017-07-18 19:10:00,47,293.0,158.0,280.0,280.0,256.66666,174.33333,258.777,174.61499
2017-07-18 18:15:00,2017-07-18 19:10:00,178,791.0,822.0,839.0,839.0,829.2222,765.3333,788.0127,729.1979
2017-07-18 18:15:00,2017-07-18 19:10:00,281,490.0,387.0,547.0,547.0,516.7778,403.66666,528.6086,412.27505
2017-07-18 18:20:00,2017-07-18 19:15:00,47,274.0,200.0,293.0,293.0,256.8889,180.22223,272.97958,190.51613
2017-07-18 18:20:00,2017-07-18 19:15:00,178,891.0,991.0,791.0,791.0,807.7778,753.8889,795.9244,741.47076
2017-07-18 18:20:00,2017-07-18 19:15:00,281,542.0,362.0,490.0,490.0,506.22223,374.0,502.6944,374.0042
2017-07-18 18:25:00,2017-07-18 19:20:00,47,255.0,168.0,274.0,274.0,251.22223,174.11111,271.19437,189.27899
2017-07-18 18:25:00,2017-07-18 19:20:00,178,933.0,1024.0,891.0,891.0,764.44446,821.55554,832.3618,865.07666
2017-07-18 18:25:00,2017-07-18 19:20:00,281,530.0,388.0,542.0,542.0,474.66666,366.8889,503.80334,387.63638
2017-07-18 18:30:00,2017-07-18 19:25:00,47,260.0,184.0,255.0,255.0,225.33333,148.55556,250.6589,168.57155
2017-07-18 18:30:00,2017-07-18 19:25:00,178,871.0,686.0,933.0,933.0,815.8889,771.0,891.1454,825.49854
2017-07-18 18:30:00,2017-07-18 19:25:00,281,482.0,371.0,530.0,530.0,490.8889,346.55554,508.48926,359.50922
2017-07-18 18:35:00,2017-07-18 19:30:00,47,271.0,144.0,260.0,260.0,220.11111,151.11111,249.8533,173.8969
2017-07-18 18:35:00,2017-07-18 19:30:00,178,928.0,939.0,871.0,871.0,721.7778,876.6667,859.1155,974.2274
2017-07-18 18:35:00,2017-07-18 19:30:00,281,534.0,297.0,482.0,482.0,485.1111,359.0,490.065,362.35785
2017-07-18 18:40:00,2017-07-18 19:35:00,47,234.0,150.0,271.0,271.0,204.33333,140.44444,250.7637,176.72235
2017-07-18 18:40:00,2017-07-18 19:35:00,178,771.0,1054.0,928.0,928.0,763.1111,792.7778,885.037,886.9525
2017-07-18 18:40:00,2017-07-18 19:35:00,281,527.0,308.0,534.0,534.0,501.55554,334.44446,508.95093,339.25583
2017-07-18 18:45:00,2017-07-18 19:40:00,47,197.0,137.0,234.0,234.0,194.88889,140.0,232.2359,170.39532
2017-07-18 18:45:00,2017-07-18 19:40:00,178,957.0,997.0,771.0,771.0,723.8889,808.0,819.0459,887.36694
2017-07-18 18:45:00,2017-07-18 19:40:00,281,543.0,327.0,527.0,527.0,483.0,332.77777,506.16925,350.38556
2017-07-18 18:50:00,2017-07-18 19:45:00,47,225.0,159.0,197.0,197.0,200.0,135.88889,213.15118,149.462
2017-07-18 18:50:00,2017-07-18 19:45:00,178,994.0,865.0,957.0,957.0,698.2222,856.44446,869.162,984.5525
2017-07-18 18:50:00,2017-07-18 19:45:00,281,434.0,340.0,543.0,543.0,461.77777,314.33334,511.03268,351.97546
2017-07-18 18:55:00,2017-07-18 19:50:00,47,182.0,144.0,225.0,225.0,199.77777,128.77777,216.30635,143.09862
2017-07-18 18:55:00,2017-07-18 19:50:00,178,1030.0,940.0,994.0,994.0,769.0,799.44446,926.47705,919.08765
2017-07-18 18:55:00,2017-07-18 19:50:00,281,469.0,301.0,434.0,434.0,429.55554,296.66666,458.7893,322.7826
2017-07-18 19:00:00,2017-07-18 19:55:00,47,156.0,131.0,182.0,182.0,184.33333,124.44444,193.99136,134.66983
2017-07-18 19:00:00,2017-07-18 19:55:00,178,924.0,662.0,1030.0,1030.0,752.2222,801.55554,949.04456,949.7849
2017-07-18 19:00:00,2017-07-18 19:55:00,281,398.0,328.0,469.0,469.0,426.22223,293.55554,461.23364,323.3093
2017-07-18 19:05:00,2017-07-18 20:00:00,47,183.0,101.0,156.0,156.0,177.11111,120.77778,173.42311,121.62869
2017-07-18 19:05:00,2017-07-18 20:00:00,178,858.0,710.0,924.0,924.0,720.8889,788.0,904.4278,930.5873
2017-07-18 19:05:00,2017-07-18 20:00:00,281,425.0,289.0,398.0,398.0,393.55554,276.22223,414.74506,297.40964
2017-07-18 19:10:00,2017-07-18 20:05:00,47,158.0,111.0,183.0,183.0,174.33333,117.111115,172.81017,117.1607
2017-07-18 19:10:00,2017-07-18 20:05:00,178,822.0,671.0,858.0,858.0,765.3333,721.6667,866.8241,802.73126
2017-07-18 19:10:00,2017-07-18 20:05:00,281,387.0,289.0,425.0,425.0,403.66666,279.77777,420.4433,295.51474
2017-07-18 19:15:00,2017-07-18 20:10:00,47,200.0,141.0,158.0,158.0,180.22223,118.888885,165.2364,109.22153
2017-07-18 19:15:00,2017-07-18 20:10:00,178,991.0,225.0,822.0,822.0,753.8889,745.44446,832.3517,809.5854
2017-07-18 19:15:00,2017-07-18 20:10:00,281,362.0,265.0,387.0,387.0,374.0,285.0,394.07394,304.29803
2017-07-18 19:20:00,2017-07-18 20:15:00,47,168.0,126.0,200.0,200.0,174.11111,118.0,181.0268,123.01591
2017-07-18 19:20:00,2017-07-18 20:15:00,178,1024.0,790.0,991.0,991.0,821.55554,691.2222,909.483,758.9867
2017-07-18 19:20:00,2017-07-18 20:15:00,281,388.0,228.0,362.0,362.0,366.8889,297.22223,374.1988,306.9786
2017-07-18 19:25:00,2017-07-18 20:20:00,47,184.0,122.0,168.0,168.0,148.55556,113.333336,163.37086,124.89856
2017-07-18 19:25:00,2017-07-18 20:20:00,178,686.0,867.0,1024.0,1024.0,771.0,730.2222,917.78284,834.12305
2017-07-18 19:25:00,2017-07-18 20:20:00,281,371.0,279.0,388.0,388.0,346.55554,300.77777,370.5482,320.51263
2017-07-18 19:30:00,2017-07-18 20:25:00,47,144.0,108.0,184.0,184.0,151.11111,110.0,168.42595,123.39461
2017-07-18 19:30:00,2017-07-18 20:25:00,178,939.0,867.0,686.0,686.0,876.6667,647.44446,820.3928,619.6927
2017-07-18 19:30:00,2017-07-18 20:25:00,281,297.0,232.0,371.0,371.0,359.0,301.8889,372.46063,314.287
2017-07-18 19:35:00,2017-07-18 20:30:00,47,150.0,117.0,144.0,144.0,140.44444,99.55556,148.338,107.05138
2017-07-18 19:35:00,2017-07-18 20:30:00,178,1054.0,930.0,939.0,939.0,792.7778,645.3333,850.3351,685.68787
2017-07-18 19:35:00,2017-07-18 20:30:00,281,308.0,270.0,297.0,297.0,334.44446,285.44446,324.9338,282.87646
2017-07-18 19:40:00,2017-07-18 20:35:00,47,137.0,99.0,150.0,150.0,140.0,98.44444,147.8603,105.3568
2017-07-18 19:40:00,2017-07-18 20:35:00,178,997.0,930.0,1054.0,1054.0,808.0,676.2222,936.65247,764.0133
2017-07-18 19:40:00,2017-07-18 20:35:00,281,327.0,289.0,308.0,308.0,332.77777,278.66666,316.069,269.9923
2017-07-18 19:45:00,2017-07-18 20:40:00,47,159.0,115.0,137.0,137.0,135.88889,97.111115,140.91127,102.59565
2017-07-18 19:45:00,2017-07-18 20:40:00,178,865.0,930.0,997.0,997.0,856.44446,679.7778,960.56714,755.8325
2017-07-18 19:45:00,2017-07-18 20:40:00,281,340.0,254.0,327.0,327.0,314.33334,275.44446,316.11847,278.91263
2017-07-18 19:50:00,2017-07-18 20:45:00,47,144.0,93.0,159.0,159.0,128.77777,100.333336,144.53363,112.794426
2017-07-18 19:50:00,2017-07-18 20:45:00,178,940.0,930.0,865.0,865.0,799.44446,674.55554,881.9397,740.33
2017-07-18 19:50:00,2017-07-18 20:45:00,281,301.0,236.0,340.0,340.0,296.66666,272.55554,320.62906,291.4796
2017-07-18 19:55:00,2017-07-18 20:50:00,47,131.0,107.0,144.0,144.0,124.44444,92.44444,139.4166,104.816696
2017-07-18 19:55:00,2017-07-18 20:50:00,178,662.0,930.0,940.0,940.0,801.55554,766.1111,906.2406,845.883
2017-07-18 19:55:00,2017-07-18 20:50:00,281,328.0,263.0,301.0,301.0,293.55554,283.8889,306.0672,294.7049
2017-07-18 20:00:00,2017-07-18 20:55:00,47,101.0,96.0,131.0,131.0,120.77778,88.77778,131.3957,98.033455
2017-07-18 20:00:00,2017-07-18 20:55:00,178,710.0,930.0,662.0,662.0,788.0,700.8889,793.3723,720.16003
2017-07-18 20:00:00,2017-07-18 20:55:00,281,289.0,245.0,328.0,328.0,276.22223,263.8889,303.9169,285.39038
2017-07-18 20:05:00,2017-07-18 21:00:00,47,111.0,110.0,101.0,101.0,117.111115,93.22222,114.53048,92.69491
2017-07-18 20:05:00,2017-07-18 21:00:00,178,671.0,930.0,710.0,710.0,721.6667,638.6667,738.3654,663.8215
2017-07-18 20:05:00,2017-07-18 21:00:00,281,289.0,227.0,289.0,289.0,279.77777,261.8889,288.6923,269.40744
2017-07-18 20:10:00,2017-07-18 21:05:00,47,141.0,102.0,111.0,111.0,118.888885,93.0,114.49652,90.74078
2017-07-18 20:10:00,2017-07-18 21:05:00,178,225.0,930.0,671.0,671.0,745.44446,686.8889,725.3258,683.4311
2017-07-18 20:10:00,2017-07-18 21:05:00,281,265.0,220.0,289.0,289.0,285.0,248.33333,285.1213,249.16501
2017-07-18 20:15:00,2017-07-18 21:10:00,47,126.0,96.0,141.0,141.0,118.0,85.666664,123.547615,89.73135
2017-07-18 20:15:00,2017-07-18 21:10:00,178,790.0,930.0,225.0,225.0,691.2222,609.0,476.29755,472.90106
2017-07-18 20:15:00,2017-07-18 21:10:00,281,228.0,183.0,265.0,265.0,297.22223,269.44446,280.19025,256.8184
2017-07-18 20:20:00,2017-07-18 21:15:00,47,122.0,105.0,126.0,126.0,113.333336,92.0,121.36958,98.267265
2017-07-18 20:20:00,2017-07-18 21:15:00,178,867.0,930.0,790.0,790.0,730.2222,671.2222,666.6286,619.5437
2017-07-18 20:20:00,2017-07-18 21:15:00,281,279.0,276.0,228.0,228.0,300.77777,249.77777,255.68593,218.77975
2017-07-18 20:25:00,2017-07-18 21:20:00,47,108.0,100.0,122.0,122.0,110.0,97.22222,119.15003,104.33471
2017-07-18 20:25:00,2017-07-18 21:20:00,178,867.0,930.0,867.0,867.0,647.44446,687.0,740.32776,748.5268
2017-07-18 20:25:00,2017-07-18 21:20:00,281,232.0,263.0,279.0,279.0,301.8889,235.55556,268.7921,210.58487
2017-07-18 20:30:00,2017-07-18 21:25:00,47,117.0,101.0,108.0,108.0,99.55556,90.333336,109.91991,99.08475
2017-07-18 20:30:00,2017-07-18 21:25:00,178,930.0,930.0,867.0,867.0,645.3333,704.6667,759.15326,778.17755
2017-07-18 20:30:00,2017-07-18 21:25:00,281,270.0,207.0,232.0,232.0,285.44446,251.0,253.16444,226.85416
2017-07-18 20:35:00,2017-07-18 21:30:00,47,99.0,91.0,117.0,117.0,98.44444,89.666664,111.21236,99.6743
2017-07-18 20:35:00,2017-07-18 21:30:00,178,930.0,930.0,930.0,930.0,676.2222,629.1111,796.3993,710.45496
2017-07-18 20:35:00,2017-07-18 21:30:00,281,289.0,219.0,270.0,270.0,278.66666,232.55556,258.78848,216.79074
2017-07-18 20:40:00,2017-07-18 21:35:00,47,115.0,87.0,99.0,99.0,97.111115,78.77778,101.70677,83.17774
2017-07-18 20:40:00,2017-07-18 21:35:00,178,930.0,930.0,930.0,930.0,679.7778,668.55554,836.9658,777.73
2017-07-18 20:40:00,2017-07-18 21:35:00,281,254.0,243.0,289.0,289.0,275.44446,232.66667,269.3821,225.78952
2017-07-18 20:45:00,2017-07-18 21:40:00,47,93.0,85.0,115.0,115.0,100.333336,76.55556,106.07816,81.27499
2017-07-18 20:45:00,2017-07-18 21:40:00,178,930.0,930.0,930.0,930.0,674.55554,625.8889,848.4084,750.08636
2017-07-18 20:45:00,2017-07-18 21:40:00,281,236.0,193.0,254.0,254.0,272.55554,246.77777,259.59668,235.56554
2017-07-18 20:50:00,2017-07-18 21:45:00,47,107.0,84.0,93.0,93.0,92.44444,70.888885,95.74801,74.89813
2017-07-18 20:50:00,2017-07-18 21:45:00,178,930.0,930.0,930.0,930.0,766.1111,681.44446,904.41455,783.5707
2017-07-18 20:50:00,2017-07-18 21:45:00,281,263.0,204.0,236.0,236.0,283.8889,211.55556,250.5928,186.36197
2017-07-18 20:55:00,2017-07-18 21:50:00,47,96.0,83.0,107.0,107.0,88.77778,66.22222,97.391716,72.66311
2017-07-18 20:55:00,2017-07-18 21:50:00,178,930.0,930.0,930.0,930.0,700.8889,639.8889,892.9833,792.0253
2017-07-18 20:55:00,2017-07-18 21:50:00,281,245.0,178.0,263.0,263.0,263.8889,219.55556,251.623,208.9531
2017-07-18 21:00:00,2017-07-18 21:55:00,47,110.0,68.0,96.0,96.0,93.22222,66.55556,96.26257,68.5604
2017-07-18 21:00:00,2017-07-18 21:55:00,178,930.0,930.0,930.0,930.0,638.6667,660.1111,862.98175,834.72437
2017-07-18 21:00:00,2017-07-18 21:55:00,281,227.0,177.0,245.0,245.0,261.8889,215.55556,249.7171,206.90517
2017-07-18 21:05:00,2017-07-18 22:00:00,47,102.0,66.0,110.0,110.0,93.0,58.77778,99.66174,63.57906
2017-07-18 21:05:00,2017-07-18 22:00:00,178,930.0,930.0,930.0,930.0,686.8889,619.7778,892.5121,782.246
2017-07-18 21:05:00,2017-07-18 22:00:00,281,220.0,188.0,227.0,227.0,248.33333,217.66667,234.05011,206.15544
2017-07-18 21:10:00,2017-07-18 22:05:00,47,96.0,74.0,102.0,102.0,85.666664,63.333332,94.41623,69.3266
2017-07-18 21:10:00,2017-07-18 22:05:00,178,930.0,930.0,930.0,930.0,609.0,653.7778,882.18616,864.188
2017-07-18 21:10:00,2017-07-18 22:05:00,281,183.0,201.0,220.0,220.0,269.44446,204.22223,234.9925,179.35863
2017-07-18 21:15:00,2017-07-18 22:10:00,47,105.0,60.0,96.0,96.0,92.0,64.333336,94.15767,65.8409
2017-07-18 21:15:00,2017-07-18 22:10:00,178,930.0,930.0,930.0,930.0,671.2222,621.6667,875.03406,781.1484
2017-07-18 21:15:00,2017-07-18 22:10:00,281,276.0,203.0,183.0,183.0,249.77777,209.55556,212.2389,182.76874
2017-07-18 21:20:00,2017-07-18 22:15:00,47,100.0,71.0,105.0,105.0,97.22222,62.22222,99.62145,63.599052
2017-07-18 21:20:00,2017-07-18 22:15:00,178,930.0,930.0,930.0,930.0,687.0,623.0,875.1308,768.99976
2017-07-18 21:20:00,2017-07-18 22:15:00,281,263.0,214.0,276.0,276.0,235.55556,213.33333,237.48462,211.25641
2017-07-18 21:25:00,2017-07-18 22:20:00,47,101.0,62.0,100.0,100.0,90.333336,55.11111,95.93443,59.510284
2017-07-18 21:25:00,2017-07-18 22:20:00,178,930.0,930.0,930.0,930.0,704.6667,617.44446,887.9426,761.5947
2017-07-18 21:25:00,2017-07-18 22:20:00,281,207.0,152.0,263.0,263.0,251.0,199.22223,251.2829,198.11578
2017-07-18 21:30:00,2017-07-18 22:25:00,47,91.0,71.0,101.0,101.0,89.666664,47.444443,95.96574,52.503746
2017-07-18 21:30:00,2017-07-18 22:25:00,178,930.0,930.0,930.0,930.0,629.1111,640.8889,859.0808,818.543
2017-07-18 21:30:00,2017-07-18 22:25:00,281,219.0,145.0,207.0,207.0,232.55556,188.66667,221.01971,180.65381
2017-07-18 21:35:00,2017-07-18 22:30:00,47,87.0,44.0,91.0,91.0,78.77778,43.444443,88.94687,51.633514
2017-07-18 21:35:00,2017-07-18 22:30:00,178,930.0,930.0,930.0,930.0,668.55554,658.55554,880.4607,824.35986
2017-07-18 21:35:00,2017-07-18 22:30:00,281,243.0,152.0,219.0,219.0,232.66667,169.11111,214.06155,154.31322
2017-07-18 21:40:00,2017-07-18 22:35:00,47,85.0,38.0,87.0,87.0,76.55556,45.333332,86.025,53.110733
2017-07-18 21:40:00,2017-07-18 22:35:00,178,930.0,930.0,930.0,930.0,625.8889,544.8889,842.8961,716.7525
2017-07-18 21:40:00,2017-07-18 22:35:00,281,193.0,154.0,243.0,243.0,246.77777,175.44444,236.57571,166.05959
2017-07-18 21:45:00,2017-07-18 22:40:00,47,84.0,44.0,85.0,85.0,70.888885,46.444443,83.518105,56.483055
2017-07-18 21:45:00,2017-07-18 22:40:00,178,930.0,930.0,930.0,930.0,681.44446,577.3333,870.6557,724.4017
2017-07-18 21:45:00,2017-07-18 22:40:00,281,204.0,166.0,193.0,193.0,211.55556,177.88889,208.3343,176.14078
2017-07-18 21:50:00,2017-07-18 22:45:00,47,83.0,38.0,84.0,84.0,66.22222,38.88889,78.28734,48.525475
2017-07-18 21:50:00,2017-07-18 22:45:00,178,930.0,930.0,930.0,930.0,639.8889,537.44446,853.89124,704.8689
2017-07-18 21:50:00,2017-07-18 22:45:00,281,178.0,138.0,204.0,204.0,219.55556,172.66667,205.89307,162.55923
2017-07-18 21:55:00,2017-07-18 22:50:00,47,68.0,45.0,83.0,83.0,66.55556,37.444443,77.66702,46.41504
2017-07-18 21:55:00,2017-07-18 22:50:00,178,930.0,930.0,930.0,930.0,660.1111,508.33334,864.63464,667.9834
2017-07-18 21:55:00,2017-07-18 22:50:00,281,177.0,140.0,178.0,178.0,215.55556,158.66667,188.40396,139.35703
2017-07-18 22:00:00,2017-07-18 22:55:00,47,66.0,39.0,68.0,68.0,58.77778,32.88889,66.829956,39.909187
2017-07-18 22:00:00,2017-07-18 22:55:00,178,930.0,930.0,930.0,930.0,619.7778,511.55554,848.3811,688.8424
2017-07-18 22:00:00,2017-07-18 22:55:00,281,188.0,128.0,177.0,177.0,217.66667,142.44444,184.0811,118.259995
2017-07-18 22:05:00,2017-07-18 23:00:00,47,74.0,33.0,66.0,66.0,63.333332,28.0,65.13441,30.040497
2017-07-18 22:05:00,2017-07-18 23:00:00,178,930.0,930.0,930.0,930.0,653.7778,516.44446,862.7742,677.5114
2017-07-18 22:05:00,2017-07-18 23:00:00,281,201.0,122.0,188.0,188.0,204.22223,155.33333,186.08801,140.14337
2017-07-18 22:10:00,2017-07-18 23:05:00,47,60.0,29.0,74.0,74.0,64.333336,33.666668,69.00583,37.165665
2017-07-18 22:10:00,2017-07-18 23:05:00,178,930.0,930.0,930.0,930.0,621.6667,481.0,847.1085,655.73236
2017-07-18 22:10:00,2017-07-18 23:05:00,281,203.0,107.0,201.0,201.0,209.55556,163.0,196.5894,151.63376
2017-07-18 22:15:00,2017-07-18 23:10:00,47,71.0,40.0,60.0,60.0,62.22222,38.88889,63.924168,40.55018
2017-07-18 22:15:00,2017-07-18 23:10:00,178,930.0,930.0,930.0,930.0,623.0,480.1111,850.2343,658.4308
2017-07-18 22:15:00,2017-07-18 23:10:00,281,214.0,114.0,203.0,203.0,213.33333,151.33333,196.24771,137.33728
2017-07-18 22:20:00,2017-07-18 23:15:00,47,62.0,35.0,71.0,71.0,55.11111,32.11111,63.44965,38.73697
2017-07-18 22:20:00,2017-07-18 23:15:00,178,930.0,930.0,930.0,930.0,617.44446,473.44446,848.7153,652.19403
2017-07-18 22:20:00,2017-07-18 23:15:00,281,152.0,109.0,214.0,214.0,199.22223,144.11111,198.03313,141.48856
2017-07-18 22:25:00,2017-07-18 23:20:00,47,71.0,39.0,62.0,62.0,47.444443,29.88889,57.567886,38.227295
2017-07-18 22:25:00,2017-07-18 23:20:00,178,930.0,930.0,930.0,930.0,640.8889,455.0,854.5503,620.7985
2017-07-18 22:25:00,2017-07-18 23:20:00,281,145.0,109.0,152.0,152.0,188.66667,132.88889,174.06447,122.92328
2017-07-18 22:30:00,2017-07-18 23:25:00,47,44.0,32.0,71.0,71.0,43.444443,27.555555,59.441284,39.683876
2017-07-18 22:30:00,2017-07-18 23:25:00,178,930.0,930.0,930.0,930.0,658.55554,446.55554,874.2706,617.8692
2017-07-18 22:30:00,2017-07-18 23:25:00,281,152.0,98.0,145.0,145.0,169.11111,133.55556,155.96954,124.705215
2017-07-18 22:35:00,2017-07-18 23:30:00,47,38.0,23.0,44.0,44.0,45.333332,24.777779,49.94349,29.083893
2017-07-18 22:35:00,2017-07-18 23:30:00,178,930.0,930.0,930.0,930.0,544.8889,413.77777,829.5408,635.41156
2017-07-18 22:35:00,2017-07-18 23:30:00,281,154.0,109.0,152.0,152.0,175.44444,125.0,155.03236,110.55438
2017-07-18 22:40:00,2017-07-18 23:35:00,47,44.0,34.0,38.0,38.0,46.444443,27.11111,45.195953,27.37899
2017-07-18 22:40:00,2017-07-18 23:35:00,178,930.0,930.0,930.0,930.0,577.3333,422.44446,847.238,632.67316
2017-07-18 22:40:00,2017-07-18 23:35:00,281,166.0,112.0,154.0,154.0,177.88889,130.88889,157.80884,115.69844
2017-07-18 22:45:00,2017-07-18 23:40:00,47,38.0,14.0,44.0,44.0,38.88889,19.777779,40.992935,22.123154
2017-07-18 22:45:00,2017-07-18 23:40:00,178,930.0,930.0,930.0,930.0,537.44446,426.55554,840.1888,663.4386
2017-07-18 22:45:00,2017-07-18 23:40:00,281,138.0,108.0,166.0,166.0,172.66667,146.33333,162.38118,137.68646
2017-07-18 22:50:00,2017-07-18 23:45:00,47,45.0,33.0,38.0,38.0,37.444443,19.0,37.451797,19.576218
2017-07-18 22:50:00,2017-07-18 23:45:00,178,930.0,930.0,930.0,930.0,508.33334,403.22223,827.9624,652.7549
2017-07-18 22:50:00,2017-07-18 23:45:00,281,140.0,100.0,138.0,138.0,158.66667,124.666664,146.22345,116.51781
2017-07-18 22:55:00,2017-07-18 23:50:00,47,39.0,14.0,45.0,45.0,32.88889,18.0,38.456146,22.563019
2017-07-18 22:55:00,2017-07-18 23:50:00,178,930.0,930.0,930.0,930.0,511.55554,405.77777,828.7117,652.98804
2017-07-18 22:55:00,2017-07-18 23:50:00,281,128.0,104.0,140.0,140.0,142.44444,122.888885,136.28226,118.00319
2017-07-18 23:00:00,2017-07-18 23:55:00,47,33.0,18.0,39.0,39.0,28.0,17.333334,34.1957,22.0495
2017-07-18 23:00:00,2017-07-18 23:55:00,178,930.0,930.0,930.0,930.0,516.44446,324.0,823.8475,566.92
2017-07-18 23:00:00,2017-07-18 23:55:00,281,122.0,87.0,128.0,128.0,155.33333,121.77778,134.10724,105.32579
2017-07-18 23:05:00,2017-07-19 00:00:00,47,29.0,20.0,33.0,33.0,33.666668,17.11111,32.219055,15.939941
2017-07-18 23:05:00,2017-07-19 00:00:00,178,930.0,930.0,930.0,930.0,481.0,349.33334,818.8263,611.7495
2017-07-18 23:05:00,2017-07-19 00:00:00,281,107.0,76.0,122.0,122.0,163.0,115.666664,132.38034,92.286514
2017-07-18 23:10:00,2017-07-19 00:05:00,47,40.0,20.0,29.0,29.0,38.88889,15.444445,32.01474,10.3106
2017-07-18 23:10:00,2017-07-19 00:05:00,178,930.0,930.0,930.0,930.0,480.1111,435.22223,836.4039,711.3277
2017-07-18 23:10:00,2017-07-19 00:05:00,281,114.0,86.0,107.0,107.0,151.33333,113.111115,119.36264,89.89964
2017-07-18 23:15:00,2017-07-19 00:10:00,47,35.0,14.0,40.0,40.0,32.11111,17.0,33.24257,17.287048
2017-07-18 23:15:00,2017-07-19 00:10:00,178,930.0,930.0,930.0,930.0,473.44446,395.22223,830.7012,674.8729
2017-07-18 23:15:00,2017-07-19 00:10:00,281,109.0,77.0,114.0,114.0,144.11111,116.111115,116.95946,95.56894
2017-07-18 23:20:00,2017-07-19 00:15:00,47,39.0,22.0,35.0,35.0,29.88889,20.0,32.46145,21.923111
2017-07-18 23:20:00,2017-07-19 00:15:00,178,930.0,930.0,930.0,930.0,455.0,431.8889,825.3324,720.94
2017-07-18 23:20:00,2017-07-19 00:15:00,281,109.0,83.0,109.0,109.0,132.88889,115.22222,112.2321,98.82904
2017-07-18 23:25:00,2017-07-19 00:20:00,47,32.0,26.0,39.0,39.0,27.555555,15.111111,32.574623,18.911568
2017-07-18 23:25:00,2017-07-19 00:20:00,178,930.0,930.0,930.0,930.0,446.55554,421.0,822.64685,717.2683
2017-07-18 23:25:00,2017-07-19 00:20:00,281,98.0,72.0,109.0,109.0,133.55556,97.888885,109.89563,80.15469
2017-07-18 23:30:00,2017-07-19 00:25:00,47,23.0,21.0,32.0,32.0,24.777779,13.444445,29.840134,17.241898
2017-07-18 23:30:00,2017-07-19 00:25:00,178,930.0,930.0,930.0,930.0,413.77777,322.22223,799.4533,626.14087
2017-07-18 23:30:00,2017-07-19 00:25:00,281,109.0,75.0,98.0,98.0,125.0,98.333336,101.22728,79.65822
2017-07-18 23:35:00,2017-07-19 00:30:00,47,34.0,18.0,23.0,23.0,27.11111,12.555555,27.039055,12.960197
2017-07-18 23:35:00,2017-07-19 00:30:00,178,930.0,930.0,930.0,930.0,422.44446,288.0,802.6829,588.7081
2017-07-18 23:35:00,2017-07-19 00:30:00,281,112.0,62.0,109.0,109.0,130.88889,97.111115,104.50729,75.34444
2017-07-18 23:40:00,2017-07-19 00:35:00,47,14.0,14.0,34.0,34.0,19.777779,13.333333,27.781128,19.162537
2017-07-18 23:40:00,2017-07-19 00:35:00,178,930.0,930.0,930.0,930.0,426.55554,360.1111,822.88385,668.07477
2017-07-18 23:40:00,2017-07-19 00:35:00,281,108.0,53.0,112.0,112.0,146.33333,87.77778,113.36716,61.564728
2017-07-18 23:45:00,2017-07-19 00:40:00,47,33.0,15.0,14.0,14.0,19.0,12.666667,20.029854,14.173431
2017-07-18 23:45:00,2017-07-19 00:40:00,178,930.0,930.0,930.0,930.0,403.22223,291.1111,805.56995,604.49396
2017-07-18 23:45:00,2017-07-19 00:40:00,281,100.0,49.0,108.0,108.0,124.666664,93.22222,107.54146,78.88466
2017-07-18 23:50:00,2017-07-19 00:45:00,47,14.0,15.0,33.0,33.0,18.0,12.888889,24.219467,17.454308
2017-07-18 23:50:00,2017-07-19 00:45:00,178,930.0,930.0,930.0,930.0,405.77777,286.1111,809.3511,603.50836
2017-07-18 23:50:00,2017-07-19 00:45:00,281,104.0,48.0,100.0,100.0,122.888885,90.888885,102.77185,74.514435
2017-07-18 23:55:00,2017-07-19 00:50:00,47,18.0,15.0,14.0,14.0,17.333334,13.777778,17.729988,14.389221
2017-07-18 23:55:00,2017-07-19 00:50:00,178,930.0,930.0,930.0,930.0,324.0,272.44446,775.19714,624.0585
2017-07-18 23:55:00,2017-07-19 00:50:00,281,87.0,49.0,104.0,104.0,121.77778,84.888885,103.11438,69.71797
2017-07-19 00:00:00,2017-07-19 00:55:00,47,20.0,16.0,18.0,18.0,17.11111,11.111111,17.125572,11.405998
2017-07-19 00:00:00,2017-07-19 00:55:00,178,930.0,930.0,930.0,930.0,349.33334,249.55556,773.3962,577.12384
2017-07-19 00:00:00,2017-07-19 00:55:00,281,76.0,55.0,87.0,87.0,115.666664,83.77778,94.98622,68.0853
2017-07-19 00:05:00,2017-07-19 01:00:00,47,20.0,19.0,20.0,20.0,15.444445,10.666667,16.666283,11.734276
2017-07-19 00:05:00,2017-07-19 01:00:00,178,930.0,930.0,930.0,930.0,435.22223,249.33333,811.9961,546.6616
2017-07-19 00:05:00,2017-07-19 01:00:00,281,86.0,67.0,76.0,76.0,113.111115,82.888885,86.71686,63.245667
2017-07-19 00:10:00,2017-07-19 01:05:00,47,14.0,13.0,20.0,20.0,17.0,7.888889,16.330124,7.4422226
2017-07-19 00:10:00,2017-07-19 01:05:00,178,930.0,930.0,930.0,930.0,395.22223,237.88889,797.0476,552.32074
2017-07-19 00:10:00,2017-07-19 01:05:00,281,77.0,64.0,86.0,86.0,116.111115,76.22222,87.71544,54.63379
2017-07-19 00:15:00,2017-07-19 01:10:00,47,22.0,9.0,14.0,14.0,20.0,8.888889,15.585205,5.7327194
2017-07-19 00:15:00,2017-07-19 01:10:00,178,930.0,930.0,930.0,930.0,431.8889,337.33334,824.5024,640.10223
2017-07-19 00:15:00,2017-07-19 01:10:00,281,83.0,55.0,77.0,77.0,115.22222,85.666664,87.153534,64.7932
2017-07-19 00:20:00,2017-07-19 01:15:00,47,26.0,10.0,22.0,22.0,15.111111,7.6666665,16.308197,8.519569
2017-07-19 00:20:00,2017-07-19 01:15:00,178,930.0,930.0,930.0,930.0,421.0,233.55556,816.0143,549.1593
2017-07-19 00:20:00,2017-07-19 01:15:00,281,72.0,62.0,83.0,83.0,97.888885,76.44444,81.110214,63.63495
2017-07-19 00:25:00,2017-07-19 01:20:00,47,21.0,11.0,26.0,26.0,13.444445,8.777778,18.994583,12.608551
2017-07-19 00:25:00,2017-07-19 01:20:00,178,930.0,930.0,930.0,930.0,322.22223,227.88889,784.7229,591.7963
2017-07-19 00:25:00,2017-07-19 01:20:00,281,75.0,36.0,72.0,72.0,98.333336,74.0,76.46907,57.279816
2017-07-19 00:30:00,2017-07-19 01:25:00,47,18.0,6.0,21.0,21.0,12.555555,9.777778,17.988045,13.802193
2017-07-19 00:30:00,2017-07-19 01:25:00,178,930.0,930.0,930.0,930.0,288.0,223.22223,768.30286,599.07733
2017-07-19 00:30:00,2017-07-19 01:25:00,281,62.0,46.0,75.0,75.0,97.111115,76.55556,76.77347,61.122192
2017-07-19 00:35:00,2017-07-19 01:30:00,47,14.0,13.0,18.0,18.0,13.333333,7.7777777,16.131584,9.994789
2017-07-19 00:35:00,2017-07-19 01:30:00,178,930.0,930.0,930.0,930.0,360.1111,210.44444,803.6199,559.0611
2017-07-19 00:35:00,2017-07-19 01:30:00,281,53.0,47.0,62.0,62.0,87.77778,69.333336,66.59099,53.26364
2017-07-19 00:40:00,2017-07-19 01:35:00,47,15.0,8.0,14.0,14.0,12.666667,6.2222223,14.008835,7.611244
2017-07-19 00:40:00,2017-07-19 01:35:00,178,930.0,930.0,930.0,930.0,291.1111,209.55556,783.81946,596.545
2017-07-19 00:40:00,2017-07-19 01:35:00,281,49.0,36.0,53.0,53.0,93.22222,68.77778,62.70633,45.88095
2017-07-19 00:45:00,2017-07-19 01:40:00,47,15.0,9.0,15.0,15.0,12.888889,7.5555553,13.282089,8.069252
2017-07-19 00:45:00,2017-07-19 01:40:00,178,930.0,930.0,930.0,930.0,286.1111,215.11111,782.1372,604.0094
2017-07-19 00:45:00,2017-07-19 01:40:00,281,48.0,42.0,49.0,49.0,90.888885,72.666664,58.77423,48.716217
2017-07-19 00:50:00,2017-07-19 01:45:00,47,15.0,10.0,15.0,15.0,13.777778,8.333333,14.610619,9.157295
2017-07-19 00:50:00,2017-07-19 01:45:00,178,930.0,930.0,930.0,930.0,272.44446,293.77777,788.5692,694.27515
2017-07-19 00:50:00,2017-07-19 01:45:00,281,49.0,49.0,48.0,48.0,84.888885,71.888885,54.064117,48.439148
2017-07-19 00:55:00,2017-07-19 01:50:00,47,16.0,7.0,15.0,15.0,11.111111,7.2222223,13.001564,8.939377
2017-07-19 00:55:00,2017-07-19 01:50:00,178,930.0,930.0,930.0,930.0,249.55556,204.77777,767.5293,614.92755
2017-07-19 00:55:00,2017-07-19 01:50:00,281,55.0,73.0,49.0,49.0,83.77778,70.888885,53.31314,47.714386
2017-07-19 01:00:00,2017-07-19 01:55:00,47,19.0,6.0,16.0,16.0,10.666667,7.4444447,13.158134,9.522865
2017-07-19 01:00:00,2017-07-19 01:55:00,178,930.0,930.0,930.0,930.0,249.33333,202.77777,768.7413,611.35876
2017-07-19 01:00:00,2017-07-19 01:55:00,281,67.0,36.0,55.0,55.0,82.888885,66.44444,55.404327,45.28409
2017-07-19 01:05:00,2017-07-19 02:00:00,47,13.0,0.0,19.0,19.0,7.888889,7.111111,13.59758,11.298805
2017-07-19 01:05:00,2017-07-19 02:00:00,178,930.0,930.0,930.0,930.0,237.88889,186.55556,755.0948,590.88666
2017-07-19 01:05:00,2017-07-19 02:00:00,281,64.0,37.0,67.0,67.0,76.22222,63.11111,57.427094,47.28711
2017-07-19 01:10:00,2017-07-19 02:05:00,47,9.0,8.0,13.0,13.0,8.888889,7.0,12.422585,9.819099
2017-07-19 01:10:00,2017-07-19 02:05:00,178,930.0,930.0,930.0,930.0,337.33334,264.8889,815.29504,639.12036
2017-07-19 01:10:00,2017-07-19 02:05:00,281,55.0,47.0,64.0,64.0,85.666664,69.55556,64.634,52.37619
2017-07-19 01:15:00,2017-07-19 02:10:00,47,10.0,13.0,9.0,9.0,7.6666665,5.888889,8.985474,7.237274
2017-07-19 01:15:00,2017-07-19 02:10:00,178,930.0,930.0,930.0,930.0,233.55556,190.55556,772.0126,616.067
2017-07-19 01:15:00,2017-07-19 02:10:00,281,62.0,54.0,55.0,55.0,76.44444,67.55556,58.749146,53.45935
2017-07-19 01:20:00,2017-07-19 02:15:00,47,11.0,19.0,10.0,10.0,8.777778,8.333333,8.810654,8.463142
2017-07-19 01:20:00,2017-07-19 02:15:00,178,930.0,930.0,930.0,930.0,227.88889,186.33333,764.5343,607.36554
2017-07-19 01:20:00,2017-07-19 02:15:00,281,36.0,35.0,62.0,62.0,74.0,62.666668,58.976074,50.35315
2017-07-19 01:25:00,2017-07-19 02:20:00,47,6.0,8.0,11.0,11.0,9.777778,7.0,9.4257965,6.95076
2017-07-19 01:25:00,2017-07-19 02:20:00,178,930.0,930.0,930.0,930.0,223.22223,182.77777,762.3888,604.87476
2017-07-19 01:25:00,2017-07-19 02:20:00,281,46.0,37.0,36.0,36.0,76.55556,64.22222,50.10663,44.561707
2017-07-19 01:30:00,2017-07-19 02:25:00,47,13.0,8.0,6.0,6.0,7.7777777,4.5555553,6.396385,3.9357376
2017-07-19 01:30:00,2017-07-19 02:25:00,178,930.0,930.0,930.0,930.0,210.44444,184.33333,762.01636,616.8274
2017-07-19 01:30:00,2017-07-19 02:25:00,281,47.0,50.0,46.0,46.0,69.333336,68.111115,49.308594,52.800507
2017-07-19 01:35:00,2017-07-19 02:30:00,47,8.0,6.0,13.0,13.0,6.2222223,5.6666665,8.082275,7.0148315
2017-07-19 01:35:00,2017-07-19 02:30:00,178,930.0,930.0,930.0,930.0,209.55556,172.44444,763.6945,608.0501
2017-07-19 01:35:00,2017-07-19 02:30:00,281,36.0,29.0,47.0,47.0,68.77778,76.44444,50.520416,62.2657
2017-07-19 01:40:00,2017-07-19 02:35:00,47,9.0,12.0,8.0,8.0,7.5555553,6.5555553,7.2800674,6.34227
2017-07-19 01:40:00,2017-07-19 02:35:00,178,930.0,930.0,930.0,930.0,215.11111,169.22223,755.2616,590.9986
2017-07-19 01:40:00,2017-07-19 02:35:00,281,42.0,51.0,36.0,36.0,72.666664,68.44444,45.749542,48.640045
2017-07-19 01:45:00,2017-07-19 02:40:00,47,10.0,5.0,9.0,9.0,8.333333,5.888889,7.646492,5.3586807
2017-07-19 01:45:00,2017-07-19 02:40:00,178,930.0,930.0,930.0,930.0,293.77777,175.55556,790.4904,565.12756
2017-07-19 01:45:00,2017-07-19 02:40:00,281,49.0,42.0,42.0,42.0,71.888885,70.888885,45.842712,50.64267
2017-07-19 01:50:00,2017-07-19 02:45:00,47,7.0,6.0,10.0,10.0,7.2222223,6.0,7.5256424,6.1379623
2017-07-19 01:50:00,2017-07-19 02:45:00,178,930.0,930.0,930.0,930.0,204.77777,174.11111,761.48236,611.38873
2017-07-19 01:50:00,2017-07-19 02:45:00,281,73.0,38.0,49.0,49.0,70.888885,61.444443,47.808655,43.475464
2017-07-19 01:55:00,2017-07-19 02:50:00,47,6.0,4.0,7.0,7.0,7.4444447,5.5555553,6.215645,4.645859
2017-07-19 01:55:00,2017-07-19 02:50:00,178,930.0,930.0,930.0,930.0,202.77777,165.88889,763.5203,606.7326
2017-07-19 01:55:00,2017-07-19 02:50:00,281,36.0,56.0,73.0,73.0,66.44444,73.666664,60.36737,67.11403
2017-07-19 02:00:00,2017-07-19 02:55:00,47,0.0,0.0,6.0,6.0,7.111111,6.0,5.234024,4.6459885
2017-07-19 02:00:00,2017-07-19 02:55:00,178,930.0,930.0,930.0,930.0,186.55556,158.66667,748.9157,598.0455
2017-07-19 02:00:00,2017-07-19 02:55:00,281,37.0,47.0,36.0,36.0,63.11111,71.0,46.95218,58.594696
2017-07-19 02:05:00,2017-07-19 03:00:00,47,8.0,2.0,0.0,0.0,7.0,6.111111,2.775406,3.272232
2017-07-19 02:05:00,2017-07-19 03:00:00,178,930.0,930.0,930.0,930.0,264.8889,155.88889,783.4328,564.2587
2017-07-19 02:05:00,2017-07-19 03:00:00,281,47.0,44.0,37.0,37.0,69.55556,61.666668,43.78842,41.983246
2017-07-19 02:10:00,2017-07-19 03:05:00,47,13.0,3.0,8.0,8.0,5.888889,5.888889,4.4471283,4.6756516
2017-07-19 02:10:00,2017-07-19 03:05:00,178,930.0,930.0,930.0,930.0,190.55556,281.0,778.1588,738.69934
2017-07-19 02:10:00,2017-07-19 03:05:00,281,54.0,52.0,47.0,47.0,67.55556,66.22222,46.734833,49.75229
2017-07-19 02:15:00,2017-07-19 03:10:00,47,19.0,9.0,13.0,13.0,8.333333,4.5555553,7.98349,4.0049515
2017-07-19 02:15:00,2017-07-19 03:10:00,178,930.0,930.0,930.0,930.0,186.33333,155.88889,758.5142,609.04285
2017-07-19 02:15:00,2017-07-19 03:10:00,281,35.0,43.0,54.0,54.0,62.666668,73.77778,50.483185,63.570633
2017-07-19 02:20:00,2017-07-19 03:15:00,47,8.0,9.0,19.0,19.0,7.0,6.875,11.934731,10.079964
2017-07-19 02:20:00,2017-07-19 03:15:00,178,930.0,930.0,930.0,930.0,182.77777,242.88889,764.8849,697.61194
2017-07-19 02:20:00,2017-07-19 03:15:00,281,37.0,48.0,35.0,35.0,64.22222,72.333336,44.80786,57.537598
2017-07-19 02:25:00,2017-07-19 03:20:00,47,8.0,5.0,8.0,8.0,4.5555553,6.2222223,7.989311,8.798592
2017-07-19 02:25:00,2017-07-19 03:20:00,178,930.0,930.0,930.0,930.0,184.33333,154.66667,755.3915,607.1532
2017-07-19 02:25:00,2017-07-19 03:20:00,281,50.0,46.0,37.0,37.0,68.111115,71.333336,42.03537,51.5437
2017-07-19 02:30:00,2017-07-19 03:25:00,47,6.0,7.0,8.0,8.0,5.6666665,6.0,6.994362,6.9834976
2017-07-19 02:30:00,2017-07-19 03:25:00,178,930.0,930.0,930.0,930.0,172.44444,176.77777,757.26666,634.1146
2017-07-19 02:30:00,2017-07-19 03:25:00,281,29.0,70.0,50.0,50.0,76.44444,73.0,50.4812,52.31714
2017-07-19 02:35:00,2017-07-19 03:30:00,47,12.0,5.0,6.0,6.0,6.5555553,8.555555,6.7245483,8.734726
2017-07-19 02:35:00,2017-07-19 03:30:00,178,930.0,930.0,930.0,930.0,169.22223,158.0,756.6482,621.33765
2017-07-19 02:35:00,2017-07-19 03:30:00,281,51.0,71.0,29.0,29.0,68.44444,72.111115,41.176575,51.122253
2017-07-19 02:40:00,2017-07-19 03:35:00,47,5.0,4.0,12.0,12.0,5.888889,5.3333335,7.9929276,6.9661407
2017-07-19 02:40:00,2017-07-19 03:35:00,178,930.0,930.0,930.0,930.0,175.55556,246.88889,770.35114,710.0979
2017-07-19 02:40:00,2017-07-19 03:35:00,281,42.0,64.0,51.0,51.0,70.888885,92.888885,52.680023,77.926056
2017-07-19 02:45:00,2017-07-19 03:40:00,47,6.0,5.0,5.0,5.0,6.0,7.625,5.8588867,7.7684326
2017-07-19 02:45:00,2017-07-19 03:40:00,178,930.0,930.0,930.0,930.0,174.11111,141.44444,752.147,596.43317
2017-07-19 02:45:00,2017-07-19 03:40:00,281,38.0,74.0,42.0,42.0,61.444443,95.55556,45.986176,83.25458
2017-07-19 02:50:00,2017-07-19 03:45:00,47,4.0,6.0,6.0,6.0,5.5555553,8.333333,5.3392944,8.458946
2017-07-19 02:50:00,2017-07-19 03:45:00,178,930.0,930.0,930.0,930.0,165.88889,156.66667,747.74615,614.26135
2017-07-19 02:50:00,2017-07-19 03:45:00,281,56.0,73.0,38.0,38.0,73.666664,98.0,46.65222,77.10838
2017-07-19 02:55:00,2017-07-19 03:50:00,47,0.0,9.0,4.0,4.0,6.0,8.555555,4.5215073,7.5128784
2017-07-19 02:55:00,2017-07-19 03:50:00,178,930.0,930.0,930.0,930.0,158.66667,170.11111,751.26245,634.2124
2017-07-19 02:55:00,2017-07-19 03:50:00,281,47.0,64.0,56.0,56.0,71.0,98.22222,54.593933,85.14642
2017-07-19 03:00:00,2017-07-19 03:55:00,47,2.0,5.0,0.0,0.0,6.111111,10.111111,2.8365097,7.8485794
2017-07-19 03:00:00,2017-07-19 03:55:00,178,930.0,930.0,930.0,930.0,155.88889,257.66666,752.7428,720.0396
2017-07-19 03:00:00,2017-07-19 03:55:00,281,44.0,62.0,47.0,47.0,61.666668,97.666664,49.77542,88.198654
2017-07-19 03:05:00,2017-07-19 04:00:00,47,3.0,5.0,2.0,2.0,5.888889,8.222222,2.0253067,5.4469147
2017-07-19 03:05:00,2017-07-19 04:00:00,178,930.0,930.0,930.0,930.0,281.0,170.33333,796.40857,581.38525
2017-07-19 03:05:00,2017-07-19 04:00:00,281,52.0,71.0,44.0,44.0,66.22222,90.44444,47.82834,76.41327
2017-07-19 03:10:00,2017-07-19 04:05:00,47,9.0,5.0,3.0,3.0,4.5555553,6.0,0.8210602,3.174286
2017-07-19 03:10:00,2017-07-19 04:05:00,178,930.0,930.0,930.0,930.0,155.88889,155.44444,736.92316,610.2099
2017-07-19 03:10:00,2017-07-19 04:05:00,281,43.0,74.0,52.0,52.0,73.77778,108.666664,55.915894,94.06691
2017-07-19 03:15:00,2017-07-19 04:10:00,47,9.0,4.0,9.0,9.0,6.875,7.7777777,4.481926,5.7086487
2017-07-19 03:15:00,2017-07-19 04:10:00,178,930.0,930.0,930.0,930.0,242.88889,182.77777,779.78033,604.3028
2017-07-19 03:15:00,2017-07-19 04:10:00,281,48.0,84.0,43.0,43.0,72.333336,118.55556,54.446014,104.2162
2017-07-19 03:20:00,2017-07-19 04:15:00,47,5.0,9.0,9.0,9.0,6.2222223,9.222222,6.216484,8.810875
2017-07-19 03:20:00,2017-07-19 04:15:00,178,930.0,930.0,930.0,930.0,154.66667,171.0,751.58704,639.6265
2017-07-19 03:20:00,2017-07-19 04:15:00,281,46.0,102.0,48.0,48.0,71.333336,120.888885,53.517548,106.850784
2017-07-19 03:25:00,2017-07-19 04:20:00,47,7.0,18.0,5.0,5.0,6.0,15.111111,5.4558334,14.284622
2017-07-19 03:25:00,2017-07-19 04:20:00,178,930.0,930.0,930.0,930.0,176.77777,180.77777,765.3258,643.7335
2017-07-19 03:25:00,2017-07-19 04:20:00,281,70.0,101.0,46.0,46.0,73.0,132.55556,53.558533,117.43434
2017-07-19 03:30:00,2017-07-19 04:25:00,47,5.0,12.0,7.0,7.0,8.555555,13.111111,6.587364,11.572853
2017-07-19 03:30:00,2017-07-19 04:25:00,178,930.0,930.0,930.0,930.0,158.0,181.77777,745.5321,640.5207
2017-07-19 03:30:00,2017-07-19 04:25:00,281,71.0,123.0,70.0,70.0,72.111115,140.11111,62.291916,130.97552
2017-07-19 03:35:00,2017-07-19 04:30:00,47,4.0,19.0,5.0,5.0,5.3333335,14.444445,4.2883987,13.519211
2017-07-19 03:35:00,2017-07-19 04:30:00,178,930.0,930.0,930.0,930.0,246.88889,203.55556,786.1261,626.3422
2017-07-19 03:35:00,2017-07-19 04:30:00,281,64.0,122.0,71.0,71.0,92.888885,148.33333,73.83176,132.4252
2017-07-19 03:40:00,2017-07-19 04:35:00,47,5.0,20.0,4.0,4.0,7.625,16.555555,4.875763,14.55574
2017-07-19 03:40:00,2017-07-19 04:35:00,178,930.0,930.0,930.0,930.0,141.44444,210.88889,750.79004,689.9405
2017-07-19 03:40:00,2017-07-19 04:35:00,281,74.0,127.0,64.0,64.0,95.55556,179.0,78.29538,164.68748
2017-07-19 03:45:00,2017-07-19 04:40:00,47,6.0,23.0,5.0,5.0,8.333333,24.555555,6.426491,23.032875
2017-07-19 03:45:00,2017-07-19 04:40:00,178,930.0,930.0,930.0,930.0,156.66667,223.44444,757.8867,695.7406
2017-07-19 03:45:00,2017-07-19 04:40:00,281,73.0,174.0,74.0,74.0,98.0,199.0,85.01921,187.76437
2017-07-19 03:50:00,2017-07-19 04:45:00,47,9.0,27.0,6.0,6.0,8.555555,25.777779,6.9366684,24.62423
2017-07-19 03:50:00,2017-07-19 04:45:00,178,930.0,930.0,930.0,930.0,170.11111,218.55556,751.38385,672.9537
2017-07-19 03:50:00,2017-07-19 04:45:00,281,64.0,177.0,73.0,73.0,98.22222,207.22223,84.877014,196.61096
2017-07-19 03:55:00,2017-07-19 04:50:00,47,5.0,29.0,9.0,9.0,10.111111,29.0,9.141609,28.185623
2017-07-19 03:55:00,2017-07-19 04:50:00,178,930.0,930.0,930.0,930.0,257.66666,248.22223,793.4236,670.626
2017-07-19 03:55:00,2017-07-19 04:50:00,281,62.0,203.0,64.0,64.0,97.666664,206.88889,80.73068,195.08066
2017-07-19 04:00:00,2017-07-19 04:55:00,47,5.0,20.0,5.0,5.0,8.222222,25.444445,6.5618896,24.406448
2017-07-19 04:00:00,2017-07-19 04:55:00,178,930.0,930.0,930.0,930.0,170.33333,244.0,765.46844,712.41223
2017-07-19 04:00:00,2017-07-19 04:55:00,281,71.0,193.0,62.0,62.0,90.44444,194.66667,71.484726,181.0049
2017-07-19 04:05:00,2017-07-19 05:00:00,47,5.0,38.0,5.0,5.0,6.0,24.88889,4.9337616,24.206322
2017-07-19 04:05:00,2017-07-19 05:00:00,178,930.0,930.0,930.0,930.0,155.44444,241.77777,755.8737,713.18854
2017-07-19 04:05:00,2017-07-19 05:00:00,281,74.0,209.0,71.0,71.0,108.666664,205.77777,80.89401,184.2867
2017-07-19 04:10:00,2017-07-19 05:05:00,47,4.0,37.0,5.0,5.0,7.7777777,30.666666,6.0596237,29.34246
2017-07-19 04:10:00,2017-07-19 05:05:00,178,930.0,930.0,930.0,930.0,182.77777,251.55556,766.33203,710.25696
2017-07-19 04:10:00,2017-07-19 05:05:00,281,84.0,236.0,74.0,74.0,118.55556,247.44444,92.871735,226.59315
2017-07-19 04:15:00,2017-07-19 05:10:00,47,9.0,38.0,4.0,4.0,9.222222,36.11111,6.162323,33.57743
2017-07-19 04:15:00,2017-07-19 05:10:00,178,930.0,930.0,930.0,930.0,171.0,267.33334,762.76917,731.4007
2017-07-19 04:15:00,2017-07-19 05:10:00,281,102.0,237.0,84.0,84.0,120.888885,273.44446,99.06613,254.71
2017-07-19 04:20:00,2017-07-19 05:15:00,47,18.0,42.0,9.0,9.0,15.111111,36.555557,9.721008,32.231415
2017-07-19 04:20:00,2017-07-19 05:15:00,178,930.0,930.0,930.0,930.0,180.77777,303.44446,770.3211,765.6373
2017-07-19 04:20:00,2017-07-19 05:15:00,281,101.0,324.0,102.0,102.0,132.55556,310.55554,112.44374,292.58215
2017-07-19 04:25:00,2017-07-19 05:20:00,47,12.0,56.0,18.0,18.0,13.111111,43.555557,13.529488,43.215508
2017-07-19 04:25:00,2017-07-19 05:20:00,178,930.0,930.0,930.0,930.0,181.77777,401.77777,780.1488,869.2728
2017-07-19 04:25:00,2017-07-19 05:20:00,281,123.0,319.0,101.0,101.0,140.11111,332.1111,115.98418,312.2966
2017-07-19 04:30:00,2017-07-19 05:25:00,47,19.0,49.0,12.0,12.0,14.444445,46.666668,13.278091,45.45761
2017-07-19 04:30:00,2017-07-19 05:25:00,178,930.0,930.0,930.0,930.0,203.55556,333.55554,772.61884,783.0193
2017-07-19 04:30:00,2017-07-19 05:25:00,281,122.0,319.0,123.0,123.0,148.33333,367.1111,130.17607,350.4608
2017-07-19 04:35:00,2017-07-19 05:30:00,47,20.0,43.0,19.0,19.0,16.555555,51.444443,16.735687,50.94217
2017-07-19 04:35:00,2017-07-19 05:30:00,178,930.0,930.0,930.0,930.0,210.88889,380.77777,775.30786,824.0516
2017-07-19 04:35:00,2017-07-19 05:30:00,281,127.0,357.0,122.0,122.0,179.0,386.22223,145.38304,359.48975
2017-07-19 04:40:00,2017-07-19 05:35:00,47,23.0,69.0,20.0,20.0,24.555555,65.111115,22.812996,63.15533
2017-07-19 04:40:00,2017-07-19 05:35:00,178,930.0,930.0,930.0,930.0,223.44444,383.8889,781.44806,824.51074
2017-07-19 04:40:00,2017-07-19 05:35:00,281,174.0,440.0,127.0,127.0,199.0,447.77777,162.69534,418.19528
2017-07-19 04:45:00,2017-07-19 05:40:00,47,27.0,71.0,23.0,23.0,25.777779,78.77778,26.379333,78.53787
2017-07-19 04:45:00,2017-07-19 05:40:00,178,930.0,930.0,930.0,930.0,218.55556,401.66666,780.5735,842.40857
2017-07-19 04:45:00,2017-07-19 05:40:00,281,177.0,388.0,174.0,174.0,207.22223,471.66666,188.21385,454.84064
2017-07-19 04:50:00,2017-07-19 05:45:00,47,29.0,92.0,27.0,27.0,29.0,75.44444,28.84082,75.306564
2017-07-19 04:50:00,2017-07-19 05:45:00,178,930.0,930.0,930.0,930.0,248.22223,499.33334,803.62805,935.2696
2017-07-19 04:50:00,2017-07-19 05:45:00,281,203.0,470.0,177.0,177.0,206.88889,474.77777,195.73694,465.48273
2017-07-19 04:55:00,2017-07-19 05:50:00,47,20.0,83.0,29.0,29.0,25.444445,89.44444,30.817848,93.39541
2017-07-19 04:55:00,2017-07-19 05:50:00,178,930.0,930.0,930.0,930.0,244.0,411.0,783.76733,838.4909
2017-07-19 04:55:00,2017-07-19 05:50:00,281,193.0,432.0,203.0,203.0,194.66667,459.22223,200.51945,462.86578
2017-07-19 05:00:00,2017-07-19 05:55:00,47,38.0,73.0,20.0,20.0,24.88889,78.22222,25.145302,79.175674
2017-07-19 05:00:00,2017-07-19 05:55:00,178,930.0,930.0,930.0,930.0,241.77777,410.44446,774.3394,828.14246
2017-07-19 05:00:00,2017-07-19 05:55:00,281,209.0,439.0,193.0,193.0,205.77777,443.33334,198.58266,436.33643
2017-07-19 05:05:00,2017-07-19 06:00:00,47,37.0,90.0,38.0,38.0,30.666666,75.77778,32.704933,76.944
2017-07-19 05:05:00,2017-07-19 06:00:00,178,930.0,930.0,930.0,930.0,251.55556,388.44446,773.2451,801.0645
2017-07-19 05:05:00,2017-07-19 06:00:00,281,236.0,398.0,209.0,209.0,247.44444,445.55554,219.7125,421.6825
2017-07-19 05:10:00,2017-07-19 06:05:00,47,38.0,94.0,37.0,37.0,36.11111,89.888885,38.835846,91.482895
2017-07-19 05:10:00,2017-07-19 06:05:00,178,930.0,930.0,930.0,930.0,267.33334,403.66666,781.0707,804.77576
2017-07-19 05:10:00,2017-07-19 06:05:00,281,237.0,359.0,236.0,236.0,273.44446,447.0,239.36957,416.86444
2017-07-19 05:15:00,2017-07-19 06:10:00,47,42.0,79.0,38.0,38.0,36.555557,95.44444,39.751183,97.08511
2017-07-19 05:15:00,2017-07-19 06:10:00,178,930.0,930.0,930.0,930.0,303.44446,439.1111,788.04486,816.82947
2017-07-19 05:15:00,2017-07-19 06:10:00,281,324.0,415.0,237.0,237.0,310.55554,493.44446,259.30164,448.4466
2017-07-19 05:20:00,2017-07-19 06:15:00,47,56.0,113.0,42.0,42.0,43.555557,128.33333,47.090675,129.55913
2017-07-19 05:20:00,2017-07-19 06:15:00,178,930.0,930.0,930.0,930.0,401.77777,471.1111,827.94305,806.162
2017-07-19 05:20:00,2017-07-19 06:15:00,281,319.0,495.0,324.0,324.0,332.1111,484.77777,297.65594,451.0633
2017-07-19 05:25:00,2017-07-19 06:20:00,47,49.0,108.0,56.0,56.0,46.666668,114.666664,51.288948,118.012596
2017-07-19 05:25:00,2017-07-19 06:20:00,178,930.0,930.0,930.0,930.0,333.55554,574.2222,808.0273,941.17883
2017-07-19 05:25:00,2017-07-19 06:20:00,281,319.0,458.0,319.0,319.0,367.1111,495.77777,319.54642,452.84344
2017-07-19 05:30:00,2017-07-19 06:25:00,47,43.0,113.0,49.0,49.0,51.444443,114.22222,49.41793,111.87512
2017-07-19 05:30:00,2017-07-19 06:25:00,178,930.0,930.0,930.0,930.0,380.77777,504.1111,809.31604,844.8246
2017-07-19 05:30:00,2017-07-19 06:25:00,281,357.0,493.0,319.0,319.0,386.22223,487.44446,326.3803,436.13995
2017-07-19 05:35:00,2017-07-19 06:30:00,47,69.0,120.0,43.0,43.0,65.111115,128.0,52.392014,118.05818
2017-07-19 05:35:00,2017-07-19 06:30:00,178,930.0,930.0,930.0,930.0,383.8889,505.66666,807.53,839.9029
2017-07-19 05:35:00,2017-07-19 06:30:00,281,440.0,514.0,357.0,357.0,447.77777,517.6667,371.1711,451.61963
2017-07-19 05:40:00,2017-07-19 06:35:00,47,71.0,139.0,69.0,69.0,78.77778,143.44444,70.86349,136.11516
2017-07-19 05:40:00,2017-07-19 06:35:00,178,930.0,930.0,930.0,930.0,401.66666,593.55554,818.6045,918.7838
2017-07-19 05:40:00,2017-07-19 06:35:00,281,388.0,530.0,440.0,440.0,471.66666,566.0,431.1825,526.0042
2017-07-19 05:45:00,2017-07-19 06:40:00,47,92.0,140.0,71.0,71.0,75.44444,152.88889,74.01605,150.58876
2017-07-19 05:45:00,2017-07-19 06:40:00,178,930.0,930.0,930.0,930.0,499.33334,541.55554,856.30853,826.21027
2017-07-19 05:45:00,2017-07-19 06:40:00,281,470.0,556.0,388.0,388.0,474.77777,577.8889,430.266,540.22754
2017-07-19 05:50:00,2017-07-19 06:45:00,47,83.0,159.0,92.0,92.0,89.44444,173.22223,91.865036,173.50684
2017-07-19 05:50:00,2017-07-19 06:45:00,178,930.0,930.0,930.0,930.0,411.0,649.3333,838.4407,983.77826
2017-07-19 05:50:00,2017-07-19 06:45:00,281,432.0,571.0,470.0,470.0,459.22223,560.1111,454.51105,551.8022
2017-07-19 05:55:00,2017-07-19 06:50:00,47,73.0,164.0,83.0,83.0,78.22222,170.77777,86.85964,176.53732
2017-07-19 05:55:00,2017-07-19 06:50:00,178,930.0,930.0,930.0,930.0,410.44446,634.7778,832.08075,968.81604
2017-07-19 05:55:00,2017-07-19 06:50:00,281,439.0,562.0,432.0,432.0,443.33334,545.8889,443.71332,544.64746
2017-07-19 06:00:00,2017-07-19 06:55:00,47,90.0,158.0,73.0,73.0,75.77778,178.66667,80.56147,182.39655
2017-07-19 06:00:00,2017-07-19 06:55:00,178,930.0,930.0,930.0,930.0,388.44446,635.44446,815.9188,969.62744
2017-07-19 06:00:00,2017-07-19 06:55:00,281,398.0,500.0,439.0,439.0,445.55554,532.2222,448.94196,533.8724
2017-07-19 06:05:00,2017-07-19 07:00:00,47,94.0,148.0,90.0,90.0,89.888885,175.77777,91.21373,176.8571
2017-07-19 06:05:00,2017-07-19 07:00:00,178,930.0,930.0,930.0,930.0,403.66666,606.55554,811.3588,930.6218
2017-07-19 06:05:00,2017-07-19 07:00:00,281,359.0,453.0,398.0,398.0,447.0,532.7778,430.9076,520.04297
2017-07-19 06:10:00,2017-07-19 07:05:00,47,79.0,156.0,94.0,94.0,95.44444,184.55556,94.79595,182.53323
2017-07-19 06:10:00,2017-07-19 07:05:00,178,930.0,930.0,930.0,930.0,439.1111,619.44446,823.45435,921.49146
2017-07-19 06:10:00,2017-07-19 07:05:00,281,415.0,514.0,359.0,359.0,493.44446,559.1111,426.81308,509.849
2017-07-19 06:15:00,2017-07-19 07:10:00,47,113.0,174.0,79.0,79.0,128.33333,194.88889,102.69318,175.52449
2017-07-19 06:15:00,2017-07-19 07:10:00,178,930.0,930.0,930.0,930.0,471.1111,648.1111,827.991,924.69165
2017-07-19 06:15:00,2017-07-19 07:10:00,281,495.0,559.0,415.0,415.0,484.77777,604.6667,435.76492,564.83246
2017-07-19 06:20:00,2017-07-19 07:15:00,47,108.0,162.0,113.0,113.0,114.666664,201.88889,109.85072,197.04214
2017-07-19 06:20:00,2017-07-19 07:15:00,178,930.0,930.0,930.0,930.0,574.2222,730.2222,879.1317,970.5419
2017-07-19 06:20:00,2017-07-19 07:15:00,281,458.0,594.0,495.0,495.0,495.77777,616.8889,477.03375,598.4602
2017-07-19 06:25:00,2017-07-19 07:20:00,47,113.0,192.0,108.0,108.0,114.22222,228.11111,113.718796,225.83035
2017-07-19 06:25:00,2017-07-19 07:20:00,178,930.0,930.0,930.0,930.0,504.1111,778.2222,856.4759,1053.397
2017-07-19 06:25:00,2017-07-19 07:20:00,281,493.0,581.0,458.0,458.0,487.44446,646.7778,471.2379,631.52637
2017-07-19 06:30:00,2017-07-19 07:25:00,47,120.0,216.0,113.0,113.0,128.0,216.77777,117.628716,208.09053
2017-07-19 06:30:00,2017-07-19 07:25:00,178,930.0,930.0,930.0,930.0,505.66666,764.1111,836.5899,1023.78284
2017-07-19 06:30:00,2017-07-19 07:25:00,281,514.0,601.0,493.0,493.0,517.6667,620.6667,485.7846,593.2532
2017-07-19 06:35:00,2017-07-19 07:30:00,47,139.0,199.0,120.0,120.0,143.44444,206.22223,122.84443,189.29405
2017-07-19 06:35:00,2017-07-19 07:30:00,178,930.0,930.0,930.0,930.0,593.55554,672.7778,855.13586,884.6443
2017-07-19 06:35:00,2017-07-19 07:30:00,281,530.0,611.0,514.0,514.0,566.0,637.6667,518.9617,596.6404
2017-07-19 06:40:00,2017-07-19 07:35:00,47,140.0,210.0,139.0,139.0,152.88889,225.77777,136.917,211.18309
2017-07-19 06:40:00,2017-07-19 07:35:00,178,930.0,930.0,930.0,930.0,541.55554,684.7778,831.31335,911.60645
2017-07-19 06:40:00,2017-07-19 07:35:00,281,556.0,629.0,530.0,530.0,577.8889,628.44446,543.25055,599.1592
2017-07-19 06:45:00,2017-07-19 07:40:00,47,159.0,244.0,140.0,140.0,173.22223,234.88889,150.32129,215.38263
2017-07-19 06:45:00,2017-07-19 07:40:00,178,930.0,930.0,930.0,930.0,649.3333,675.0,875.0691,853.7729
2017-07-19 06:45:00,2017-07-19 07:40:00,281,571.0,591.0,556.0,556.0,560.1111,601.7778,549.5243,590.44855
2017-07-19 06:50:00,2017-07-19 07:45:00,47,164.0,267.0,159.0,159.0,170.77777,255.22223,161.9159,245.69647
2017-07-19 06:50:00,2017-07-19 07:45:00,178,930.0,930.0,930.0,930.0,634.7778,666.55554,869.86414,850.9264
2017-07-19 06:50:00,2017-07-19 07:45:00,281,562.0,581.0,571.0,571.0,545.8889,584.7778,556.96155,590.7907
2017-07-19 06:55:00,2017-07-19 07:50:00,47,158.0,258.0,164.0,164.0,178.66667,266.55554,171.04416,259.05838
2017-07-19 06:55:00,2017-07-19 07:50:00,178,930.0,930.0,930.0,930.0,635.44446,749.2222,878.73596,937.55396
2017-07-19 06:55:00,2017-07-19 07:50:00,281,500.0,564.0,562.0,562.0,532.2222,549.44446,549.1203,561.22253
2017-07-19 07:00:00,2017-07-19 07:55:00,47,148.0,254.0,158.0,158.0,175.77777,249.55556,164.36234,239.83746
2017-07-19 07:00:00,2017-07-19 07:55:00,178,930.0,930.0,930.0,930.0,606.55554,682.44446,850.5552,873.7234
2017-07-19 07:00:00,2017-07-19 07:55:00,281,453.0,518.0,500.0,500.0,532.7778,540.6667,524.427,533.65106
2017-07-19 07:05:00,2017-07-19 08:00:00,47,156.0,224.0,148.0,148.0,184.55556,224.66667,158.7542,205.3211
2017-07-19 07:05:00,2017-07-19 08:00:00,178,930.0,930.0,930.0,930.0,619.44446,665.8889,845.7059,842.8613
2017-07-19 07:05:00,2017-07-19 08:00:00,281,514.0,514.0,453.0,453.0,559.1111,535.1111,500.68643,491.63824
2017-07-19 07:10:00,2017-07-19 08:05:00,47,174.0,226.0,156.0,156.0,194.88889,239.33333,167.99557,218.11157
2017-07-19 07:10:00,2017-07-19 08:05:00,178,930.0,930.0,930.0,930.0,648.1111,772.44446,866.0389,940.75366
2017-07-19 07:10:00,2017-07-19 08:05:00,281,559.0,487.0,514.0,514.0,604.6667,538.8889,525.6552,476.38513
2017-07-19 07:15:00,2017-07-19 08:10:00,47,162.0,246.0,174.0,174.0,201.88889,260.22223,179.35301,240.26572
2017-07-19 07:15:00,2017-07-19 08:10:00,178,930.0,930.0,930.0,930.0,730.2222,748.6667,889.92725,873.0126
2017-07-19 07:15:00,2017-07-19 08:10:00,281,594.0,489.0,559.0,559.0,616.8889,543.6667,546.6917,485.5274
2017-07-19 07:20:00,2017-07-19 08:15:00,47,192.0,295.0,162.0,162.0,228.11111,260.66666,186.41177,227.94446
2017-07-19 07:20:00,2017-07-19 08:15:00,178,930.0,930.0,930.0,930.0,778.2222,731.44446,902.62054,831.0659
2017-07-19 07:20:00,2017-07-19 08:15:00,281,581.0,507.0,594.0,594.0,646.7778,527.55554,582.2621,474.1398
2017-07-19 07:25:00,2017-07-19 08:20:00,47,216.0,295.0,192.0,192.0,216.77777,257.66666,192.00383,237.035
2017-07-19 07:25:00,2017-07-19 08:20:00,178,930.0,930.0,930.0,930.0,764.1111,732.55554,904.5763,847.052
2017-07-19 07:25:00,2017-07-19 08:20:00,281,601.0,543.0,581.0,581.0,620.6667,523.55554,575.6427,484.37256
2017-07-19 07:30:00,2017-07-19 08:25:00,47,199.0,262.0,216.0,216.0,206.22223,235.44444,196.3255,224.95221
2017-07-19 07:30:00,2017-07-19 08:25:00,178,930.0,930.0,930.0,930.0,672.7778,765.8889,877.60846,923.79926
2017-07-19 07:30:00,2017-07-19 08:25:00,281,611.0,520.0,601.0,601.0,637.6667,494.8889,593.539,457.1604
2017-07-19 07:35:00,2017-07-19 08:30:00,47,210.0,220.0,199.0,199.0,225.77777,219.77777,200.25047,198.45374
2017-07-19 07:35:00,2017-07-19 08:30:00,178,930.0,930.0,930.0,930.0,684.7778,743.7778,881.9262,901.21124
2017-07-19 07:35:00,2017-07-19 08:30:00,281,629.0,502.0,611.0,611.0,628.44446,505.33334,608.89716,485.67554
2017-07-19 07:40:00,2017-07-19 08:35:00,47,244.0,211.0,210.0,210.0,234.88889,221.44444,209.91623,199.98068
2017-07-19 07:40:00,2017-07-19 08:35:00,178,930.0,930.0,930.0,930.0,675.0,765.0,882.157,929.07007
2017-07-19 07:40:00,2017-07-19 08:35:00,281,591.0,478.0,629.0,629.0,601.7778,497.33334,614.5653,504.01086
2017-07-19 07:45:00,2017-07-19 08:40:00,47,267.0,227.0,244.0,244.0,255.22223,219.22223,233.05695,198.1871
2017-07-19 07:45:00,2017-07-19 08:40:00,178,930.0,930.0,930.0,930.0,666.55554,739.3333,862.99805,891.1236
2017-07-19 07:45:00,2017-07-19 08:40:00,281,581.0,542.0,591.0,591.0,584.7778,523.2222,603.8961,537.5321
2017-07-19 07:50:00,2017-07-19 08:45:00,47,258.0,231.0,267.0,267.0,266.55554,219.88889,254.8848,206.84128
2017-07-19 07:50:00,2017-07-19 08:45:00,178,930.0,930.0,930.0,930.0,749.2222,709.3333,891.25934,823.12366
2017-07-19 07:50:00,2017-07-19 08:45:00,281,564.0,537.0,581.0,581.0,549.44446,514.1111,583.2652,542.29456
2017-07-19 07:55:00,2017-07-19 08:50:00,47,254.0,240.0,258.0,258.0,249.55556,222.33333,254.9671,224.15768
2017-07-19 07:55:00,2017-07-19 08:50:00,178,930.0,930.0,930.0,930.0,682.44446,683.6667,869.6631,832.6897
2017-07-19 07:55:00,2017-07-19 08:50:00,281,518.0,483.0,564.0,564.0,540.6667,479.55554,568.0251,503.90775
2017-07-19 08:00:00,2017-07-19 08:55:00,47,224.0,208.0,254.0,254.0,224.66667,206.44444,243.61725,219.35245
2017-07-19 08:00:00,2017-07-19 08:55:00,178,930.0,930.0,930.0,930.0,665.8889,701.3333,857.5547,848.09436
2017-07-19 08:00:00,2017-07-19 08:55:00,281,514.0,465.0,518.0,518.0,535.1111,489.55554,545.9143,501.71408
2017-07-19 08:05:00,2017-07-19 09:00:00,47,226.0,198.0,224.0,224.0,239.33333,195.44444,233.67639,191.32034
2017-07-19 08:05:00,2017-07-19 09:00:00,178,930.0,930.0,930.0,930.0,772.44446,690.7778,894.9883,786.3988
2017-07-19 08:05:00,2017-07-19 09:00:00,281,487.0,447.0,514.0,514.0,538.8889,443.55554,527.4846,439.7136
2017-07-19 08:10:00,2017-07-19 09:05:00,47,246.0,175.0,226.0,226.0,260.22223,181.11111,237.056,164.0315
2017-07-19 08:10:00,2017-07-19 09:05:00,178,930.0,930.0,930.0,930.0,748.6667,642.55554,880.45703,747.1481
2017-07-19 08:10:00,2017-07-19 09:05:00,281,489.0,399.0,487.0,487.0,543.6667,472.44446,516.29456,454.5298
2017-07-19 08:15:00,2017-07-19 09:10:00,47,295.0,191.0,246.0,246.0,260.66666,180.33333,245.98375,168.25938
2017-07-19 08:15:00,2017-07-19 09:10:00,178,930.0,930.0,930.0,930.0,731.44446,696.3333,881.63245,811.5305
2017-07-19 08:15:00,2017-07-19 09:10:00,281,507.0,382.0,489.0,489.0,527.55554,456.22223,500.78656,439.18155
2017-07-19 08:20:00,2017-07-19 09:15:00,47,295.0,168.0,295.0,295.0,257.66666,189.55556,270.9139,197.61786
2017-07-19 08:20:00,2017-07-19 09:15:00,178,930.0,930.0,930.0,930.0,732.55554,634.1111,871.59106,743.2455
2017-07-19 08:20:00,2017-07-19 09:15:00,281,543.0,406.0,507.0,507.0,523.55554,463.66666,506.05148,450.2157
2017-07-19 08:25:00,2017-07-19 09:20:00,47,262.0,181.0,295.0,295.0,235.44444,194.55556,274.12546,222.2486
2017-07-19 08:25:00,2017-07-19 09:20:00,178,930.0,930.0,930.0,930.0,765.8889,631.44446,886.7632,726.3144
2017-07-19 08:25:00,2017-07-19 09:20:00,281,520.0,455.0,543.0,543.0,494.8889,423.0,504.11,429.65524
2017-07-19 08:30:00,2017-07-19 09:25:00,47,220.0,196.0,262.0,262.0,219.77777,180.88889,257.50296,209.51172
2017-07-19 08:30:00,2017-07-19 09:25:00,178,930.0,930.0,930.0,930.0,743.7778,726.2222,893.3085,840.81555
2017-07-19 08:30:00,2017-07-19 09:25:00,281,502.0,458.0,520.0,520.0,505.33334,446.55554,508.8838,447.89838
2017-07-19 08:35:00,2017-07-19 09:30:00,47,211.0,211.0,220.0,220.0,221.44444,205.11111,240.54028,220.77383
2017-07-19 08:35:00,2017-07-19 09:30:00,178,930.0,930.0,930.0,930.0,765.0,618.0,888.3519,716.88715
2017-07-19 08:35:00,2017-07-19 09:30:00,281,478.0,436.0,502.0,502.0,497.33334,464.22223,500.4584,465.08246
2017-07-19 08:40:00,2017-07-19 09:35:00,47,227.0,185.0,211.0,211.0,219.22223,199.55556,227.00781,208.20227
2017-07-19 08:40:00,2017-07-19 09:35:00,178,930.0,930.0,930.0,930.0,739.3333,742.8889,898.68835,865.2634
2017-07-19 08:40:00,2017-07-19 09:35:00,281,542.0,410.0,478.0,478.0,523.2222,478.33334,501.37195,462.40576
2017-07-19 08:45:00,2017-07-19 09:40:00,47,231.0,187.0,227.0,227.0,219.88889,214.11111,229.62988,223.3812
2017-07-19 08:45:00,2017-07-19 09:40:00,178,930.0,930.0,930.0,930.0,709.3333,647.2222,879.10583,785.6585
2017-07-19 08:45:00,2017-07-19 09:40:00,281,537.0,486.0,542.0,542.0,514.1111,475.66666,523.0708,482.25903
2017-07-19 08:50:00,2017-07-19 09:45:00,47,240.0,218.0,231.0,231.0,222.33333,215.55556,232.71564,226.40729
2017-07-19 08:50:00,2017-07-19 09:45:00,178,930.0,930.0,930.0,930.0,683.6667,613.3333,863.32776,752.8082
2017-07-19 08:50:00,2017-07-19 09:45:00,281,483.0,429.0,537.0,537.0,479.55554,466.8889,514.0938,493.13733
2017-07-19 08:55:00,2017-07-19 09:50:00,47,208.0,191.0,240.0,240.0,206.44444,211.44444,230.5576,231.49387
2017-07-19 08:55:00,2017-07-19 09:50:00,178,930.0,930.0,930.0,930.0,701.3333,624.44446,875.4897,763.54834
2017-07-19 08:55:00,2017-07-19 09:50:00,281,465.0,391.0,483.0,483.0,489.55554,456.1111,502.87955,470.11456
2017-07-19 09:00:00,2017-07-19 09:55:00,47,198.0,143.0,208.0,208.0,195.44444,185.11111,213.69965,202.22946
2017-07-19 09:00:00,2017-07-19 09:55:00,178,930.0,930.0,930.0,930.0,690.7778,668.2222,887.56714,821.2748
2017-07-19 09:00:00,2017-07-19 09:55:00,281,447.0,460.0,465.0,465.0,443.55554,452.0,470.94745,476.45776
2017-07-19 09:05:00,2017-07-19 10:00:00,47,175.0,171.0,198.0,198.0,181.11111,171.88889,199.48914,188.15671
2017-07-19 09:05:00,2017-07-19 10:00:00,178,930.0,930.0,930.0,930.0,642.55554,690.6667,868.15485,863.9663
2017-07-19 09:05:00,2017-07-19 10:00:00,281,399.0,385.0,447.0,447.0,472.44446,426.55554,467.77438,426.89883
2017-07-19 09:10:00,2017-07-19 10:05:00,47,191.0,173.0,175.0,175.0,180.33333,168.55556,184.34091,173.07903
2017-07-19 09:10:00,2017-07-19 10:05:00,178,930.0,930.0,930.0,930.0,696.3333,712.44446,890.2792,867.4181
2017-07-19 09:10:00,2017-07-19 10:05:00,281,382.0,375.0,399.0,399.0,456.22223,422.55554,432.9943,408.53638
2017-07-19 09:15:00,2017-07-19 10:10:00,47,168.0,206.0,191.0,191.0,189.55556,159.0,184.30934,156.0206
2017-07-19 09:15:00,2017-07-19 10:10:00,178,930.0,930.0,930.0,930.0,634.1111,693.2222,862.9551,872.10126
2017-07-19 09:15:00,2017-07-19 10:10:00,281,406.0,353.0,382.0,382.0,463.66666,428.22223,418.53674,398.3946
2017-07-19 09:20:00,2017-07-19 10:15:00,47,181.0,147.0,168.0,168.0,194.55556,160.77777,176.25616,148.45955
2017-07-19 09:20:00,2017-07-19 10:15:00,178,930.0,930.0,930.0,930.0,631.44446,688.3333,850.8241,859.86646
2017-07-19 09:20:00,2017-07-19 10:15:00,281,455.0,406.0,406.0,406.0,423.0,419.8889,399.42075,403.9268
2017-07-19 09:25:00,2017-07-19 10:20:00,47,196.0,175.0,181.0,181.0,180.88889,173.0,172.27963,165.91847
2017-07-19 09:25:00,2017-07-19 10:20:00,178,930.0,959.0,930.0,930.0,726.2222,786.0,913.9928,935.4536
2017-07-19 09:25:00,2017-07-19 10:20:00,281,458.0,357.0,455.0,455.0,446.55554,430.66666,428.0298,414.90967
2017-07-19 09:30:00,2017-07-19 10:25:00,47,211.0,196.0,196.0,196.0,205.11111,165.77777,188.07825,151.84662
2017-07-19 09:30:00,2017-07-19 10:25:00,178,930.0,921.0,930.0,930.0,618.0,718.55554,856.22266,905.53064
2017-07-19 09:30:00,2017-07-19 10:25:00,281,436.0,383.0,458.0,458.0,464.22223,436.66666,443.84775,417.9773
2017-07-19 09:35:00,2017-07-19 10:30:00,47,185.0,154.0,211.0,211.0,199.55556,165.55556,194.78972,160.16525
2017-07-19 09:35:00,2017-07-19 10:30:00,178,930.0,1023.0,930.0,930.0,742.8889,705.2222,900.9071,832.4841
2017-07-19 09:35:00,2017-07-19 10:30:00,281,410.0,335.0,436.0,436.0,478.33334,421.0,442.12085,391.5193
2017-07-19 09:40:00,2017-07-19 10:35:00,47,187.0,168.0,185.0,185.0,214.11111,161.44444,192.25406,144.21059
2017-07-19 09:40:00,2017-07-19 10:35:00,178,930.0,864.0,930.0,930.0,647.2222,702.8889,869.8742,879.6775
2017-07-19 09:40:00,2017-07-19 10:35:00,281,486.0,372.0,410.0,410.0,475.66666,432.66666,429.7562,397.307
2017-07-19 09:45:00,2017-07-19 10:40:00,47,218.0,164.0,187.0,187.0,215.55556,160.33333,192.33273,141.96024
2017-07-19 09:45:00,2017-07-19 10:40:00,178,930.0,847.0,930.0,930.0,613.3333,769.55554,868.67633,966.86255
2017-07-19 09:45:00,2017-07-19 10:40:00,281,429.0,356.0,486.0,486.0,466.8889,408.1111,455.52148,397.13535
2017-07-19 09:50:00,2017-07-19 10:45:00,47,191.0,183.0,218.0,218.0,211.44444,165.88889,208.32538,162.65033
2017-07-19 09:50:00,2017-07-19 10:45:00,178,930.0,748.0,930.0,930.0,624.44446,696.44446,858.3884,882.3928
2017-07-19 09:50:00,2017-07-19 10:45:00,281,391.0,359.0,429.0,429.0,456.1111,418.1111,443.2268,407.60938
2017-07-19 09:55:00,2017-07-19 10:50:00,47,143.0,181.0,191.0,191.0,185.11111,165.0,196.0022,173.99516
2017-07-19 09:55:00,2017-07-19 10:50:00,178,930.0,835.0,930.0,930.0,668.2222,700.1111,866.83655,856.0618
2017-07-19 09:55:00,2017-07-19 10:50:00,281,460.0,362.0,391.0,391.0,452.0,435.22223,426.37646,418.47318
2017-07-19 10:00:00,2017-07-19 10:55:00,47,171.0,176.0,143.0,143.0,171.88889,166.22223,168.70706,166.17126
2017-07-19 10:00:00,2017-07-19 10:55:00,178,930.0,835.0,930.0,930.0,690.6667,645.0,862.1973,779.1082
2017-07-19 10:00:00,2017-07-19 10:55:00,281,385.0,409.0,460.0,460.0,426.55554,384.55554,432.07053,389.36737
2017-07-19 10:05:00,2017-07-19 11:00:00,47,173.0,172.0,171.0,171.0,168.55556,167.0,171.42395,170.93892
2017-07-19 10:05:00,2017-07-19 11:00:00,178,930.0,579.0,930.0,930.0,712.44446,586.2222,865.76086,707.82275
2017-07-19 10:05:00,2017-07-19 11:00:00,281,375.0,336.0,385.0,385.0,422.55554,394.44446,409.04938,385.83783
2017-07-19 10:10:00,2017-07-19 11:05:00,47,206.0,173.0,173.0,173.0,159.0,178.44444,170.85701,188.32986
2017-07-19 10:10:00,2017-07-19 11:05:00,178,930.0,587.0,930.0,930.0,693.2222,708.2222,883.5995,854.42163
2017-07-19 10:10:00,2017-07-19 11:05:00,281,353.0,359.0,375.0,375.0,428.22223,407.1111,402.20972,389.18106
2017-07-19 10:15:00,2017-07-19 11:10:00,47,147.0,163.0,206.0,206.0,160.77777,186.44444,186.7797,205.45816
2017-07-19 10:15:00,2017-07-19 11:10:00,178,930.0,591.0,930.0,930.0,688.3333,667.8889,866.8333,805.3293
2017-07-19 10:15:00,2017-07-19 11:10:00,281,406.0,402.0,353.0,353.0,419.8889,394.0,379.49414,364.76605
2017-07-19 10:20:00,2017-07-19 11:15:00,47,175.0,170.0,147.0,147.0,173.0,184.0,169.5766,183.33932
2017-07-19 10:20:00,2017-07-19 11:15:00,178,959.0,709.0,930.0,930.0,786.0,626.3333,894.47925,711.7834
2017-07-19 10:20:00,2017-07-19 11:15:00,281,357.0,322.0,406.0,406.0,430.66666,391.66666,394.8967,364.7776
2017-07-19 10:25:00,2017-07-19 11:20:00,47,196.0,166.0,175.0,175.0,165.77777,182.77777,169.8734,186.59483
2017-07-19 10:25:00,2017-07-19 11:20:00,178,921.0,751.0,959.0,959.0,718.55554,601.55554,879.92084,729.0825
2017-07-19 10:25:00,2017-07-19 11:20:00,281,383.0,347.0,357.0,357.0,436.66666,392.0,382.46982,351.56924
2017-07-19 10:30:00,2017-07-19 11:25:00,47,154.0,168.0,196.0,196.0,165.55556,169.66667,179.2254,179.80673
2017-07-19 10:30:00,2017-07-19 11:25:00,178,1023.0,751.0,921.0,921.0,705.2222,714.3333,886.4375,852.1615
2017-07-19 10:30:00,2017-07-19 11:25:00,281,335.0,311.0,383.0,383.0,421.0,392.8889,382.44263,361.49835
2017-07-19 10:35:00,2017-07-19 11:30:00,47,168.0,143.0,154.0,154.0,161.44444,162.77777,165.49606,167.05986
2017-07-19 10:35:00,2017-07-19 11:30:00,178,864.0,751.0,1023.0,1023.0,702.8889,641.0,914.53265,803.8413
2017-07-19 10:35:00,2017-07-19 11:30:00,281,372.0,369.0,335.0,335.0,432.66666,384.8889,369.79807,339.39462
2017-07-19 10:40:00,2017-07-19 11:35:00,47,164.0,170.0,168.0,168.0,160.33333,170.77777,165.81189,175.26123
2017-07-19 10:40:00,2017-07-19 11:35:00,178,847.0,751.0,864.0,864.0,769.55554,682.8889,896.10376,787.8859
2017-07-19 10:40:00,2017-07-19 11:35:00,281,356.0,384.0,372.0,372.0,408.1111,419.8889,372.74915,391.20288
2017-07-19 10:45:00,2017-07-19 11:40:00,47,183.0,155.0,164.0,164.0,165.88889,180.11111,165.57066,180.12393
2017-07-19 10:45:00,2017-07-19 11:40:00,178,748.0,751.0,847.0,847.0,696.44446,716.3333,845.44434,836.28015
2017-07-19 10:45:00,2017-07-19 11:40:00,281,359.0,428.0,356.0,356.0,418.1111,415.1111,371.85095,378.3637
2017-07-19 10:50:00,2017-07-19 11:45:00,47,181.0,186.0,183.0,183.0,165.0,183.22223,173.8754,189.4084
2017-07-19 10:50:00,2017-07-19 11:45:00,178,835.0,1014.0,748.0,748.0,700.1111,713.0,795.131,797.4882
2017-07-19 10:50:00,2017-07-19 11:45:00,281,362.0,397.0,359.0,359.0,435.22223,395.0,378.6837,353.39142
2017-07-19 10:55:00,2017-07-19 11:50:00,47,176.0,154.0,181.0,181.0,166.22223,178.22223,176.0745,185.4363
2017-07-19 10:55:00,2017-07-19 11:50:00,178,835.0,952.0,835.0,835.0,645.0,652.44446,790.172,777.21497
2017-07-19 10:55:00,2017-07-19 11:50:00,281,409.0,362.0,362.0,362.0,384.55554,402.0,359.71118,383.05188
2017-07-19 11:00:00,2017-07-19 11:55:00,47,172.0,170.0,176.0,176.0,167.0,182.22223,172.75642,186.10973
2017-07-19 11:00:00,2017-07-19 11:55:00,178,579.0,883.0,835.0,835.0,586.2222,628.6667,755.516,763.8677
2017-07-19 11:00:00,2017-07-19 11:55:00,281,336.0,378.0,409.0,409.0,394.44446,396.77777,386.6247,388.13525
2017-07-19 11:05:00,2017-07-19 12:00:00,47,173.0,153.0,172.0,172.0,178.44444,178.77777,173.71367,175.45549
2017-07-19 11:05:00,2017-07-19 12:00:00,178,587.0,997.0,579.0,579.0,708.2222,730.3333,705.07513,738.3463
2017-07-19 11:05:00,2017-07-19 12:00:00,281,359.0,377.0,336.0,336.0,407.1111,378.44446,368.78546,350.14383
2017-07-19 11:10:00,2017-07-19 12:05:00,47,163.0,168.0,173.0,173.0,186.44444,183.0,177.70647,176.29626
2017-07-19 11:10:00,2017-07-19 12:05:00,178,591.0,812.0,587.0,587.0,667.8889,730.8889,654.94,734.4735
2017-07-19 11:10:00,2017-07-19 12:05:00,281,402.0,367.0,359.0,359.0,394.0,367.55554,364.7104,345.5832
2017-07-19 11:15:00,2017-07-19 12:10:00,47,170.0,198.0,163.0,163.0,184.0,197.66667,176.90997,192.25952
2017-07-19 11:15:00,2017-07-19 12:10:00,178,709.0,989.0,591.0,591.0,626.3333,656.2222,610.16473,655.60913
2017-07-19 11:15:00,2017-07-19 12:10:00,281,322.0,358.0,402.0,402.0,391.66666,395.0,384.0915,385.36548
2017-07-19 11:20:00,2017-07-19 12:15:00,47,166.0,186.0,170.0,170.0,182.77777,202.44444,176.86606,198.40472
2017-07-19 11:20:00,2017-07-19 12:15:00,178,751.0,1000.0,709.0,709.0,601.55554,742.8889,635.483,765.5378
2017-07-19 11:20:00,2017-07-19 12:15:00,281,347.0,357.0,322.0,322.0,392.0,401.8889,359.90295,378.38293
2017-07-19 11:25:00,2017-07-19 12:20:00,47,168.0,219.0,166.0,166.0,169.66667,195.77777,168.87259,196.26561
2017-07-19 11:25:00,2017-07-19 12:20:00,178,751.0,1000.0,751.0,751.0,714.3333,758.44446,714.6677,757.0741
2017-07-19 11:25:00,2017-07-19 12:20:00,281,311.0,369.0,347.0,347.0,392.8889,387.77777,357.65106,362.0527
2017-07-19 11:30:00,2017-07-19 12:25:00,47,143.0,195.0,168.0,168.0,162.77777,193.11111,166.72717,196.81813
2017-07-19 11:30:00,2017-07-19 12:25:00,178,751.0,1000.0,751.0,751.0,641.0,883.8889,714.9234,935.6376
2017-07-19 11:30:00,2017-07-19 12:25:00,281,369.0,395.0,311.0,311.0,384.8889,417.77777,339.48392,383.20316
2017-07-19 11:35:00,2017-07-19 12:30:00,47,170.0,224.0,143.0,143.0,170.77777,201.55556,158.90718,193.167
2017-07-19 11:35:00,2017-07-19 12:30:00,178,751.0,1000.0,751.0,751.0,682.8889,688.2222,710.37445,713.5573
2017-07-19 11:35:00,2017-07-19 12:30:00,281,384.0,374.0,369.0,369.0,419.8889,405.77777,367.55505,364.90494
2017-07-19 11:40:00,2017-07-19 12:35:00,47,155.0,215.0,170.0,170.0,180.11111,216.11111,171.6767,209.13809
2017-07-19 11:40:00,2017-07-19 12:35:00,178,751.0,1004.0,751.0,751.0,716.3333,861.55554,749.49585,876.63257
2017-07-19 11:40:00,2017-07-19 12:35:00,281,428.0,413.0,384.0,384.0,415.1111,400.1111,382.0646,373.51126
2017-07-19 11:45:00,2017-07-19 12:40:00,47,186.0,249.0,155.0,155.0,183.22223,210.55556,167.05087,198.93057
2017-07-19 11:45:00,2017-07-19 12:40:00,178,1014.0,1013.0,751.0,751.0,713.0,883.2222,768.2249,926.19116
2017-07-19 11:45:00,2017-07-19 12:40:00,281,397.0,414.0,428.0,428.0,395.0,404.66666,400.08087,405.44553
2017-07-19 11:50:00,2017-07-19 12:45:00,47,154.0,263.0,186.0,186.0,178.22223,214.44444,175.66351,211.30563
2017-07-19 11:50:00,2017-07-19 12:45:00,178,952.0,479.0,1014.0,1014.0,652.44446,867.55554,857.91797,1018.8435
2017-07-19 11:50:00,2017-07-19 12:45:00,281,362.0,377.0,397.0,397.0,402.0,411.8889,400.3108,407.92523
2017-07-19 11:55:00,2017-07-19 12:50:00,47,170.0,215.0,154.0,154.0,182.22223,201.33333,165.59561,189.26491
2017-07-19 11:55:00,2017-07-19 12:50:00,178,883.0,479.0,952.0,952.0,628.6667,846.2222,851.5769,1014.38025
2017-07-19 11:55:00,2017-07-19 12:50:00,281,378.0,351.0,362.0,362.0,396.77777,398.8889,383.18323,388.8459
2017-07-19 12:00:00,2017-07-19 12:55:00,47,153.0,179.0,170.0,170.0,178.77777,191.0,167.00793,181.91112
2017-07-19 12:00:00,2017-07-19 12:55:00,178,997.0,944.0,883.0,883.0,730.3333,886.7778,878.7035,998.2726
2017-07-19 12:00:00,2017-07-19 12:55:00,281,377.0,368.0,378.0,378.0,378.44446,393.22223,381.72687,396.10687
2017-07-19 12:05:00,2017-07-19 13:00:00,47,168.0,199.0,153.0,153.0,183.0,180.55556,160.78786,163.68787
2017-07-19 12:05:00,2017-07-19 13:00:00,178,812.0,959.0,997.0,997.0,730.8889,854.1111,930.11646,1002.9573
2017-07-19 12:05:00,2017-07-19 13:00:00,281,367.0,345.0,377.0,377.0,367.55554,380.22223,371.1457,382.84213
2017-07-19 12:10:00,2017-07-19 13:05:00,47,198.0,198.0,168.0,168.0,197.66667,185.33333,171.0437,163.6548
2017-07-19 12:10:00,2017-07-19 13:05:00,178,989.0,1013.0,812.0,812.0,656.2222,878.44446,841.3989,1027.9059
2017-07-19 12:10:00,2017-07-19 13:05:00,281,358.0,365.0,367.0,367.0,395.0,402.55554,376.66583,388.5521
2017-07-19 12:15:00,2017-07-19 13:10:00,47,186.0,211.0,198.0,198.0,202.44444,199.44444,188.95131,186.3981
2017-07-19 12:15:00,2017-07-19 13:10:00,178,1000.0,996.0,989.0,989.0,742.8889,841.2222,910.31415,968.652
2017-07-19 12:15:00,2017-07-19 13:10:00,281,357.0,402.0,358.0,358.0,401.8889,403.1111,377.7817,386.39636
2017-07-19 12:20:00,2017-07-19 13:15:00,47,219.0,214.0,186.0,186.0,195.77777,199.22223,186.65831,191.05052
2017-07-19 12:20:00,2017-07-19 13:15:00,178,1000.0,964.0,1000.0,1000.0,758.44446,765.55554,905.5177,874.83813
2017-07-19 12:20:00,2017-07-19 13:15:00,281,369.0,385.0,357.0,357.0,387.77777,404.0,365.26086,386.51575
2017-07-19 12:25:00,2017-07-19 13:20:00,47,195.0,182.0,219.0,219.0,193.11111,202.0,199.44748,204.04602
2017-07-19 12:25:00,2017-07-19 13:20:00,178,1000.0,970.0,1000.0,1000.0,883.8889,967.8889,1008.8518,1063.5905
2017-07-19 12:25:00,2017-07-19 13:20:00,281,395.0,400.0,369.0,369.0,417.77777,404.0,380.75302,375.15085
2017-07-19 12:30:00,2017-07-19 13:25:00,47,224.0,193.0,195.0,195.0,201.55556,193.88889,196.67506,188.94568
2017-07-19 12:30:00,2017-07-19 13:25:00,178,1000.0,950.0,1000.0,1000.0,688.2222,911.8889,926.033,1093.1277
2017-07-19 12:30:00,2017-07-19 13:25:00,281,374.0,440.0,395.0,395.0,405.77777,415.33334,389.32205,400.66614
2017-07-19 12:35:00,2017-07-19 13:30:00,47,215.0,216.0,224.0,224.0,216.11111,174.33333,211.76523,169.63118
2017-07-19 12:35:00,2017-07-19 13:30:00,178,1004.0,1036.0,1000.0,1000.0,861.55554,827.8889,968.5846,909.44403
2017-07-19 12:35:00,2017-07-19 13:30:00,281,413.0,362.0,374.0,374.0,400.1111,412.33334,382.11243,398.23694
2017-07-19 12:40:00,2017-07-19 13:35:00,47,249.0,202.0,215.0,215.0,210.55556,191.88889,215.08795,193.89171
2017-07-19 12:40:00,2017-07-19 13:35:00,178,1013.0,1003.0,1004.0,1004.0,883.2222,898.8889,985.9394,978.37524
2017-07-19 12:40:00,2017-07-19 13:35:00,281,414.0,392.0,413.0,413.0,404.66666,431.55554,399.68112,425.54028
2017-07-19 12:45:00,2017-07-19 13:40:00,47,263.0,211.0,249.0,249.0,214.44444,201.11111,234.74054,214.7268
2017-07-19 12:45:00,2017-07-19 13:40:00,178,479.0,974.0,1013.0,1013.0,867.55554,885.2222,981.85803,972.98596
2017-07-19 12:45:00,2017-07-19 13:40:00,281,377.0,413.0,414.0,414.0,411.8889,428.44446,411.36847,426.3481
2017-07-19 12:50:00,2017-07-19 13:45:00,47,215.0,220.0,263.0,263.0,201.33333,205.22223,244.52713,236.27983
2017-07-19 12:50:00,2017-07-19 13:45:00,178,479.0,918.0,479.0,479.0,846.2222,886.8889,749.5725,836.4774
2017-07-19 12:50:00,2017-07-19 13:45:00,281,351.0,355.0,377.0,377.0,398.8889,451.1111,398.7708,450.83054
2017-07-19 12:55:00,2017-07-19 13:50:00,47,179.0,223.0,215.0,215.0,191.0,204.55556,224.95972,231.90164
2017-07-19 12:55:00,2017-07-19 13:50:00,178,944.0,917.0,479.0,479.0,886.7778,925.2222,679.02704,791.5658
2017-07-19 12:55:00,2017-07-19 13:50:00,281,368.0,332.0,351.0,351.0,393.22223,449.1111,380.8249,442.32898
2017-07-19 13:00:00,2017-07-19 13:55:00,47,199.0,213.0,179.0,179.0,180.55556,196.33333,198.9382,213.07451
2017-07-19 13:00:00,2017-07-19 13:55:00,178,959.0,987.0,944.0,944.0,854.1111,853.55554,801.1719,808.3966
2017-07-19 13:00:00,2017-07-19 13:55:00,281,345.0,393.0,368.0,368.0,380.22223,424.77777,370.41766,419.07828
2017-07-19 13:05:00,2017-07-19 14:00:00,47,198.0,191.0,199.0,199.0,185.33333,197.77777,199.50621,210.24712
2017-07-19 13:05:00,2017-07-19 14:00:00,178,1013.0,1025.0,959.0,959.0,878.44446,943.2222,890.00464,945.81946
2017-07-19 13:05:00,2017-07-19 14:00:00,281,365.0,421.0,345.0,345.0,402.55554,430.44446,368.52264,406.44458
2017-07-19 13:10:00,2017-07-19 14:05:00,47,211.0,238.0,198.0,198.0,199.44444,211.44444,205.32379,217.75754
2017-07-19 13:10:00,2017-07-19 14:05:00,178,996.0,946.0,1013.0,1013.0,841.2222,814.55554,909.974,866.6094
2017-07-19 13:10:00,2017-07-19 14:05:00,281,402.0,352.0,365.0,365.0,403.1111,420.8889,372.22314,398.1558
2017-07-19 13:15:00,2017-07-19 14:10:00,47,214.0,204.0,211.0,211.0,199.22223,216.11111,209.64359,224.80493
2017-07-19 13:15:00,2017-07-19 14:10:00,178,964.0,961.0,996.0,996.0,765.55554,826.7778,880.25726,898.12476
2017-07-19 13:15:00,2017-07-19 14:10:00,281,385.0,429.0,402.0,402.0,404.0,453.66666,393.88754,443.14523
2017-07-19 13:20:00,2017-07-19 14:15:00,47,182.0,233.0,214.0,214.0,202.0,235.77777,213.31915,244.41171
2017-07-19 13:20:00,2017-07-19 14:15:00,178,970.0,968.0,964.0,964.0,967.8889,866.0,967.6987,856.8016
2017-07-19 13:20:00,2017-07-19 14:15:00,281,400.0,401.0,385.0,385.0,404.0,443.66666,388.98492,431.41736
2017-07-19 13:25:00,2017-07-19 14:20:00,47,193.0,258.0,182.0,182.0,193.88889,255.88889,202.49449,264.09824
2017-07-19 13:25:00,2017-07-19 14:20:00,178,950.0,906.0,970.0,970.0,911.8889,900.1111,976.2478,941.4206
2017-07-19 13:25:00,2017-07-19 14:20:00,281,440.0,361.0,400.0,400.0,415.33334,454.22223,398.69403,438.55267
2017-07-19 13:30:00,2017-07-19 14:25:00,47,216.0,215.0,193.0,193.0,174.33333,245.66667,191.20432,259.38037
2017-07-19 13:30:00,2017-07-19 14:25:00,178,1036.0,959.0,950.0,950.0,827.8889,852.8889,920.95056,923.9662
2017-07-19 13:30:00,2017-07-19 14:25:00,281,362.0,396.0,440.0,440.0,412.33334,460.77777,416.74603,460.23053
2017-07-19 13:35:00,2017-07-19 14:30:00,47,202.0,220.0,216.0,216.0,191.88889,241.88889,204.82706,251.82526
2017-07-19 13:35:00,2017-07-19 14:30:00,178,1003.0,983.0,1036.0,1036.0,898.8889,893.6667,973.46893,953.53217
2017-07-19 13:35:00,2017-07-19 14:30:00,281,392.0,331.0,362.0,362.0,431.55554,473.0,399.45462,449.0512
2017-07-19 13:40:00,2017-07-19 14:35:00,47,211.0,268.0,202.0,202.0,201.11111,233.55556,202.21875,235.5256
2017-07-19 13:40:00,2017-07-19 14:35:00,178,974.0,995.0,1003.0,1003.0,885.2222,807.44446,961.98785,869.791
2017-07-19 13:40:00,2017-07-19 14:35:00,281,413.0,392.0,392.0,392.0,428.44446,477.44446,401.32614,456.31348
2017-07-19 13:45:00,2017-07-19 14:40:00,47,220.0,266.0,211.0,211.0,205.22223,262.8889,210.99084,266.64374
2017-07-19 13:45:00,2017-07-19 14:40:00,178,918.0,996.0,974.0,974.0,886.8889,850.3333,983.7093,924.5575
2017-07-19 13:45:00,2017-07-19 14:40:00,281,355.0,449.0,413.0,413.0,451.1111,512.1111,424.83444,490.53125
2017-07-19 13:50:00,2017-07-19 14:45:00,47,223.0,254.0,220.0,220.0,204.55556,258.44446,218.38834,269.24335
2017-07-19 13:50:00,2017-07-19 14:45:00,178,917.0,1001.0,918.0,918.0,925.2222,859.1111,979.88965,906.6785
2017-07-19 13:50:00,2017-07-19 14:45:00,281,332.0,395.0,355.0,355.0,449.1111,525.6667,407.1107,495.76685
2017-07-19 13:55:00,2017-07-19 14:50:00,47,213.0,229.0,223.0,223.0,196.33333,257.22223,218.16568,273.4272
2017-07-19 13:55:00,2017-07-19 14:50:00,178,987.0,1005.0,917.0,917.0,853.55554,794.1111,903.62805,834.0919
2017-07-19 13:55:00,2017-07-19 14:50:00,281,393.0,400.0,332.0,332.0,424.77777,561.0,381.99426,530.688
2017-07-19 14:00:00,2017-07-19 14:55:00,47,191.0,218.0,213.0,213.0,197.77777,246.22223,210.21693,255.63214
2017-07-19 14:00:00,2017-07-19 14:55:00,178,1025.0,976.0,987.0,987.0,943.2222,879.7778,979.01495,907.6404
2017-07-19 14:00:00,2017-07-19 14:55:00,281,421.0,391.0,393.0,393.0,430.44446,476.44446,389.85226,448.5159
2017-07-19 14:05:00,2017-07-19 15:00:00,47,238.0,217.0,191.0,191.0,211.44444,232.77777,201.78714,226.547
2017-07-19 14:05:00,2017-07-19 15:00:00,178,946.0,984.0,1025.0,1025.0,814.55554,925.55554,963.12854,1038.6449
2017-07-19 14:05:00,2017-07-19 15:00:00,281,352.0,351.0,421.0,421.0,420.8889,484.33334,400.75824,466.51672
2017-07-19 14:10:00,2017-07-19 15:05:00,47,204.0,233.0,238.0,238.0,216.11111,234.44444,218.64212,235.18234
2017-07-19 14:10:00,2017-07-19 15:05:00,178,961.0,946.0,946.0,946.0,826.7778,868.7778,930.04865,950.95294
2017-07-19 14:10:00,2017-07-19 15:05:00,281,429.0,364.0,352.0,352.0,453.66666,474.22223,391.23727,427.46338
2017-07-19 14:15:00,2017-07-19 15:10:00,47,233.0,236.0,204.0,204.0,235.77777,262.44446,219.8884,249.27682
2017-07-19 14:15:00,2017-07-19 15:10:00,178,968.0,959.0,961.0,961.0,866.0,792.7778,926.1389,844.336
2017-07-19 14:15:00,2017-07-19 15:10:00,281,401.0,436.0,429.0,429.0,443.66666,497.55554,417.05313,472.3038
2017-07-19 14:20:00,2017-07-19 15:15:00,47,258.0,239.0,233.0,233.0,255.88889,294.55554,241.84814,281.4423
2017-07-19 14:20:00,2017-07-19 15:15:00,178,906.0,991.0,968.0,968.0,900.1111,880.3333,962.0095,926.21277
2017-07-19 14:20:00,2017-07-19 15:15:00,281,361.0,463.0,401.0,401.0,454.22223,491.22223,413.91772,458.42706
2017-07-19 14:25:00,2017-07-19 15:20:00,47,215.0,274.0,258.0,258.0,245.66667,285.66666,248.00888,285.9449
2017-07-19 14:25:00,2017-07-19 15:20:00,178,959.0,949.0,906.0,906.0,852.8889,907.55554,926.4728,965.4056
2017-07-19 14:25:00,2017-07-19 15:20:00,281,396.0,460.0,361.0,361.0,460.77777,480.1111,391.11908,425.61264
2017-07-19 14:30:00,2017-07-19 15:25:00,47,220.0,230.0,215.0,215.0,241.88889,268.33334,230.09189,260.61966
2017-07-19 14:30:00,2017-07-19 15:25:00,178,983.0,854.0,959.0,959.0,893.6667,831.55554,945.24664,878.7528
2017-07-19 14:30:00,2017-07-19 15:25:00,281,331.0,420.0,396.0,396.0,473.0,522.2222,409.89276,469.79932
2017-07-19 14:35:00,2017-07-19 15:30:00,47,268.0,238.0,220.0,220.0,233.55556,273.55554,224.34969,266.22757
2017-07-19 14:35:00,2017-07-19 15:30:00,178,995.0,956.0,983.0,983.0,807.44446,910.7778,930.69434,1004.1437
2017-07-19 14:35:00,2017-07-19 15:30:00,281,392.0,415.0,331.0,331.0,477.44446,520.0,381.84027,448.8192
2017-07-19 14:40:00,2017-07-19 15:35:00,47,266.0,260.0,268.0,268.0,262.8889,269.8889,256.48367,263.52408
2017-07-19 14:40:00,2017-07-19 15:35:00,178,996.0,941.0,995.0,995.0,850.3333,899.55554,952.50946,976.79193
2017-07-19 14:40:00,2017-07-19 15:35:00,281,449.0,476.0,392.0,392.0,512.1111,534.3333,411.29163,455.42188
2017-07-19 14:45:00,2017-07-19 15:40:00,47,254.0,233.0,266.0,266.0,258.44446,278.0,264.1035,281.16046
2017-07-19 14:45:00,2017-07-19 15:40:00,178,1001.0,940.0,996.0,996.0,859.1111,955.8889,981.1205,1049.7504
2017-07-19 14:45:00,2017-07-19 15:40:00,281,395.0,503.0,449.0,449.0,525.6667,570.6667,449.14,506.25763
2017-07-19 14:50:00,2017-07-19 15:45:00,47,229.0,283.0,254.0,254.0,257.22223,252.55556,257.38916,252.8717
2017-07-19 14:50:00,2017-07-19 15:45:00,178,1005.0,920.0,1001.0,1001.0,794.1111,889.0,947.07214,1010.478
2017-07-19 14:50:00,2017-07-19 15:45:00,281,400.0,564.0,395.0,395.0,561.0,577.7778,459.097,499.24084
2017-07-19 14:55:00,2017-07-19 15:50:00,47,218.0,260.0,229.0,229.0,246.22223,259.33334,243.03622,256.66086
2017-07-19 14:55:00,2017-07-19 15:50:00,178,976.0,960.0,1005.0,1005.0,879.7778,895.44446,969.7385,962.1424
2017-07-19 14:55:00,2017-07-19 15:50:00,281,391.0,503.0,400.0,400.0,476.44446,564.55554,422.6698,523.2544
2017-07-19 15:00:00,2017-07-19 15:55:00,47,217.0,297.0,218.0,218.0,232.77777,264.1111,231.13583,264.0376
2017-07-19 15:00:00,2017-07-19 15:55:00,178,984.0,939.0,976.0,976.0,925.55554,906.55554,982.3965,952.5436
2017-07-19 15:00:00,2017-07-19 15:55:00,281,351.0,506.0,391.0,391.0,484.33334,531.7778,417.3648,481.57147
2017-07-19 15:05:00,2017-07-19 16:00:00,47,233.0,257.0,217.0,217.0,234.44444,254.77777,222.97684,246.66129
2017-07-19 15:05:00,2017-07-19 16:00:00,178,946.0,953.0,984.0,984.0,868.7778,914.0,977.8081,1002.9574
2017-07-19 15:05:00,2017-07-19 16:00:00,281,364.0,512.0,351.0,351.0,474.22223,536.8889,396.6994,477.50885
2017-07-19 15:10:00,2017-07-19 16:05:00,47,236.0,267.0,233.0,233.0,262.44446,253.88889,234.00577,231.33472
2017-07-19 15:10:00,2017-07-19 16:05:00,178,959.0,914.0,946.0,946.0,792.7778,918.1111,924.5526,1022.1193
2017-07-19 15:10:00,2017-07-19 16:05:00,281,436.0,514.0,364.0,364.0,497.55554,544.55554,401.8971,471.607
2017-07-19 15:15:00,2017-07-19 16:10:00,47,239.0,243.0,236.0,236.0,294.55554,270.0,247.8067,233.40143
2017-07-19 15:15:00,2017-07-19 16:10:00,178,991.0,949.0,959.0,959.0,880.3333,856.8889,936.3493,903.77045
2017-07-19 15:15:00,2017-07-19 16:10:00,281,463.0,538.0,436.0,436.0,491.22223,585.44446,436.0752,539.55634
2017-07-19 15:20:00,2017-07-19 16:15:00,47,274.0,240.0,239.0,239.0,285.66666,262.1111,247.61763,232.38339
2017-07-19 15:20:00,2017-07-19 16:15:00,178,949.0,929.0,991.0,991.0,907.55554,839.6667,964.70166,885.20825
2017-07-19 15:20:00,2017-07-19 16:15:00,281,460.0,556.0,463.0,463.0,480.1111,576.1111,446.4948,545.62286
2017-07-19 15:25:00,2017-07-19 16:20:00,47,230.0,238.0,274.0,274.0,268.33334,271.66666,261.4046,263.79605
2017-07-19 15:25:00,2017-07-19 16:20:00,178,854.0,847.0,949.0,949.0,831.55554,913.8889,929.2378,988.50476
2017-07-19 15:25:00,2017-07-19 16:20:00,281,420.0,508.0,460.0,460.0,522.2222,553.2222,461.88,502.78247
2017-07-19 15:30:00,2017-07-19 16:25:00,47,238.0,294.0,230.0,230.0,273.55554,259.0,249.48233,240.48122
2017-07-19 15:30:00,2017-07-19 16:25:00,178,956.0,696.0,854.0,854.0,910.7778,851.2222,903.92163,853.0487
2017-07-19 15:30:00,2017-07-19 16:25:00,281,415.0,490.0,420.0,420.0,520.0,576.8889,453.7215,522.8382
2017-07-19 15:35:00,2017-07-19 16:30:00,47,260.0,243.0,238.0,238.0,269.8889,244.44444,242.43152,222.73328
2017-07-19 15:35:00,2017-07-19 16:30:00,178,941.0,824.0,956.0,956.0,899.55554,920.3333,925.126,936.8775
2017-07-19 15:35:00,2017-07-19 16:30:00,281,476.0,503.0,415.0,415.0,534.3333,616.7778,455.31073,553.224
2017-07-19 15:40:00,2017-07-19 16:35:00,47,233.0,231.0,260.0,260.0,278.0,253.33333,259.1853,238.29843
2017-07-19 15:40:00,2017-07-19 16:35:00,178,940.0,885.0,941.0,941.0,955.8889,813.1111,935.49915,802.1904
2017-07-19 15:40:00,2017-07-19 16:35:00,281,503.0,511.0,476.0,476.0,570.6667,597.8889,487.61804,531.1157
2017-07-19 15:45:00,2017-07-19 16:40:00,47,283.0,241.0,233.0,233.0,252.55556,257.33334,244.25142,251.19818
2017-07-19 15:45:00,2017-07-19 16:40:00,178,920.0,797.0,940.0,940.0,889.0,876.1111,921.4164,898.4773
2017-07-19 15:45:00,2017-07-19 16:40:00,281,564.0,597.0,503.0,503.0,577.7778,604.3333,511.45068,550.2744
2017-07-19 15:50:00,2017-07-19 16:45:00,47,260.0,253.0,283.0,283.0,259.33334,251.88889,264.1712,253.61246
2017-07-19 15:50:00,2017-07-19 16:45:00,178,960.0,845.0,920.0,920.0,895.44446,864.8889,917.1054,884.4851
2017-07-19 15:50:00,2017-07-19 16:45:00,281,503.0,573.0,564.0,564.0,564.55554,632.6667,546.193,613.1383
2017-07-19 15:55:00,2017-07-19 16:50:00,47,297.0,235.0,260.0,260.0,264.1111,246.55556,262.48062,245.07166
2017-07-19 15:55:00,2017-07-19 16:50:00,178,939.0,776.0,960.0,960.0,906.55554,906.1111,942.9969,931.5458
2017-07-19 15:55:00,2017-07-19 16:50:00,281,506.0,588.0,503.0,503.0,531.7778,581.0,517.436,569.31396
2017-07-19 16:00:00,2017-07-19 16:55:00,47,257.0,227.0,297.0,297.0,254.77777,259.33334,276.8802,273.7964
2017-07-19 16:00:00,2017-07-19 16:55:00,178,953.0,801.0,939.0,939.0,914.0,887.3333,937.5562,905.2999
2017-07-19 16:00:00,2017-07-19 16:55:00,281,512.0,571.0,506.0,506.0,536.8889,578.2222,520.82355,564.8402
2017-07-19 16:05:00,2017-07-19 17:00:00,47,267.0,263.0,257.0,257.0,253.88889,247.33333,262.89127,253.97662
2017-07-19 16:05:00,2017-07-19 17:00:00,178,914.0,824.0,953.0,953.0,918.1111,831.2222,940.4277,851.03815
2017-07-19 16:05:00,2017-07-19 17:00:00,281,514.0,566.0,512.0,512.0,544.55554,558.1111,519.6394,536.5141
2017-07-19 16:10:00,2017-07-19 17:05:00,47,243.0,247.0,267.0,267.0,270.0,246.0,270.3554,246.4628
2017-07-19 16:10:00,2017-07-19 17:05:00,178,949.0,697.0,914.0,914.0,856.8889,858.0,910.5045,900.64514
2017-07-19 16:10:00,2017-07-19 17:05:00,281,538.0,579.0,514.0,514.0,585.44446,580.0,536.2195,538.94525
2017-07-19 16:15:00,2017-07-19 17:10:00,47,240.0,256.0,243.0,243.0,262.1111,264.44446,258.5996,262.14676
2017-07-19 16:15:00,2017-07-19 17:10:00,178,929.0,713.0,949.0,949.0,839.6667,907.8889,916.76685,966.8263
2017-07-19 16:15:00,2017-07-19 17:10:00,281,556.0,620.0,538.0,538.0,576.1111,614.0,548.9612,591.86145
2017-07-19 16:20:00,2017-07-19 17:15:00,47,238.0,285.0,240.0,240.0,271.66666,268.1111,257.0474,258.17896
2017-07-19 16:20:00,2017-07-19 17:15:00,178,847.0,643.0,929.0,929.0,913.8889,871.44446,942.8369,896.29425
2017-07-19 16:20:00,2017-07-19 17:15:00,281,508.0,615.0,556.0,556.0,553.2222,609.8889,547.8032,603.5007
2017-07-19 16:25:00,2017-07-19 17:20:00,47,294.0,295.0,238.0,238.0,259.0,275.33334,252.65811,272.28003
2017-07-19 16:25:00,2017-07-19 17:20:00,178,696.0,905.0,847.0,847.0,851.2222,888.1111,876.9585,911.3069
2017-07-19 16:25:00,2017-07-19 17:20:00,281,490.0,525.0,508.0,508.0,576.8889,582.7778,531.1779,546.8133
2017-07-19 16:30:00,2017-07-19 17:25:00,47,243.0,274.0,294.0,294.0,244.44444,275.22223,267.50928,292.3145
2017-07-19 16:30:00,2017-07-19 17:25:00,178,824.0,825.0,696.0,696.0,920.3333,911.6667,827.06665,851.91125
2017-07-19 16:30:00,2017-07-19 17:25:00,281,503.0,608.0,490.0,490.0,616.7778,594.8889,536.0976,533.8591
2017-07-19 16:35:00,2017-07-19 17:30:00,47,231.0,250.0,243.0,243.0,253.33333,280.1111,256.38922,282.8327
2017-07-19 16:35:00,2017-07-19 17:30:00,178,885.0,629.0,824.0,824.0,813.1111,897.44446,805.1954,894.8788
2017-07-19 16:35:00,2017-07-19 17:30:00,281,511.0,573.0,503.0,503.0,597.8889,574.3333,528.01697,520.79193
2017-07-19 16:40:00,2017-07-19 17:35:00,47,241.0,267.0,231.0,231.0,257.33334,264.0,247.37079,258.49487
2017-07-19 16:40:00,2017-07-19 17:35:00,178,797.0,840.0,885.0,885.0,876.1111,924.44446,864.5152,917.0808
2017-07-19 16:40:00,2017-07-19 17:35:00,281,597.0,630.0,511.0,511.0,604.3333,584.3333,531.4597,527.3989
2017-07-19 16:45:00,2017-07-19 17:40:00,47,253.0,309.0,241.0,241.0,251.88889,273.44446,246.43964,269.74805
2017-07-19 16:45:00,2017-07-19 17:40:00,178,845.0,728.0,797.0,797.0,864.8889,908.8889,826.6642,882.3187
2017-07-19 16:45:00,2017-07-19 17:40:00,281,573.0,611.0,597.0,597.0,632.6667,589.2222,582.0407,547.1432
2017-07-19 16:50:00,2017-07-19 17:45:00,47,235.0,273.0,253.0,253.0,246.55556,283.33334,250.62192,285.89178
2017-07-19 16:50:00,2017-07-19 17:45:00,178,776.0,623.0,845.0,845.0,906.1111,917.6667,848.9121,871.8092
2017-07-19 16:50:00,2017-07-19 17:45:00,281,588.0,549.0,573.0,573.0,581.0,590.7778,569.78094,578.2897
2017-07-19 16:55:00,2017-07-19 17:50:00,47,227.0,279.0,235.0,235.0,259.33334,297.22223,249.6817,290.27765
2017-07-19 16:55:00,2017-07-19 17:50:00,178,801.0,718.0,776.0,776.0,887.3333,856.44446,816.06396,806.87103
2017-07-19 16:55:00,2017-07-19 17:50:00,281,571.0,534.0,588.0,588.0,578.2222,548.7778,573.83093,543.799
2017-07-19 17:00:00,2017-07-19 17:55:00,47,263.0,278.0,227.0,227.0,247.33333,271.22223,235.52283,264.32556
2017-07-19 17:00:00,2017-07-19 17:55:00,178,824.0,815.0,801.0,801.0,831.2222,901.7778,805.27136,879.55115
2017-07-19 17:00:00,2017-07-19 17:55:00,281,566.0,557.0,571.0,571.0,558.1111,538.6667,562.6625,539.86365
2017-07-19 17:05:00,2017-07-19 18:00:00,47,247.0,262.0,263.0,263.0,246.0,262.22223,243.22076,259.32242
2017-07-19 17:05:00,2017-07-19 18:00:00,178,697.0,864.0,824.0,824.0,858.0,858.44446,814.2335,822.7126
2017-07-19 17:05:00,2017-07-19 18:00:00,281,579.0,507.0,566.0,566.0,580.0,503.22223,562.6651,488.0188
2017-07-19 17:10:00,2017-07-19 18:05:00,47,256.0,256.0,247.0,247.0,264.44446,275.8889,252.11523,265.35132
2017-07-19 17:10:00,2017-07-19 18:05:00,178,713.0,676.0,697.0,697.0,907.8889,869.1111,779.9525,775.46484
2017-07-19 17:10:00,2017-07-19 18:05:00,281,620.0,557.0,579.0,579.0,614.0,519.44446,582.6415,493.01685
2017-07-19 17:15:00,2017-07-19 18:10:00,47,285.0,273.0,256.0,256.0,268.1111,273.8889,257.93173,264.84177
2017-07-19 17:15:00,2017-07-19 18:10:00,178,643.0,846.0,713.0,713.0,871.44446,872.3333,752.37683,784.18146
2017-07-19 17:15:00,2017-07-19 18:10:00,281,615.0,598.0,620.0,620.0,609.8889,535.8889,606.45294,530.67773
2017-07-19 17:20:00,2017-07-19 18:15:00,47,295.0,265.0,285.0,285.0,275.33334,262.0,271.3416,257.25745
2017-07-19 17:20:00,2017-07-19 18:15:00,178,905.0,795.0,643.0,643.0,888.1111,802.2222,713.2539,672.1855
2017-07-19 17:20:00,2017-07-19 18:15:00,281,525.0,584.0,615.0,615.0,582.7778,562.1111,605.66626,576.2771
2017-07-19 17:25:00,2017-07-19 18:20:00,47,274.0,234.0,295.0,295.0,275.22223,257.55554,276.94168,256.53848
2017-07-19 17:25:00,2017-07-19 18:20:00,178,825.0,931.0,905.0,905.0,911.6667,845.6667,832.69055,775.31506
2017-07-19 17:25:00,2017-07-19 18:20:00,281,608.0,518.0,525.0,525.0,594.8889,529.0,570.29614,513.6039
2017-07-19 17:30:00,2017-07-19 18:25:00,47,250.0,262.0,274.0,274.0,280.1111,263.66666,279.4665,261.62076
2017-07-19 17:30:00,2017-07-19 18:25:00,178,629.0,827.0,825.0,825.0,897.44446,795.3333,816.6019,729.13245
2017-07-19 17:30:00,2017-07-19 18:25:00,281,573.0,523.0,608.0,608.0,574.3333,534.1111,584.90894,540.9689
2017-07-19 17:35:00,2017-07-19 18:30:00,47,267.0,272.0,250.0,250.0,264.0,244.55556,260.66693,242.90904
2017-07-19 17:35:00,2017-07-19 18:30:00,178,840.0,731.0,629.0,629.0,924.44446,882.55554,757.8435,753.85394
2017-07-19 17:35:00,2017-07-19 18:30:00,281,630.0,580.0,573.0,573.0,584.3333,514.1111,580.6122,512.3628
2017-07-19 17:40:00,2017-07-19 18:35:00,47,309.0,227.0,267.0,267.0,273.44446,224.33333,263.06882,216.86652
2017-07-19 17:40:00,2017-07-19 18:35:00,178,728.0,758.0,840.0,840.0,908.8889,847.44446,809.7442,766.39594
2017-07-19 17:40:00,2017-07-19 18:35:00,281,611.0,531.0,630.0,630.0,589.2222,522.3333,605.2639,533.06085
2017-07-19 17:45:00,2017-07-19 18:40:00,47,273.0,180.0,309.0,309.0,283.33334,227.88889,284.68533,226.19443
2017-07-19 17:45:00,2017-07-19 18:40:00,178,623.0,757.0,728.0,728.0,917.6667,815.44446,787.6314,715.3657
2017-07-19 17:45:00,2017-07-19 18:40:00,281,549.0,540.0,611.0,611.0,590.7778,517.7778,611.3469,534.06433
2017-07-19 17:50:00,2017-07-19 18:45:00,47,279.0,230.0,273.0,273.0,297.22223,223.44444,285.22296,213.99928
2017-07-19 17:50:00,2017-07-19 18:45:00,178,718.0,845.0,623.0,623.0,856.44446,914.2222,725.0051,814.7211
2017-07-19 17:50:00,2017-07-19 18:45:00,281,534.0,572.0,549.0,549.0,548.7778,519.8889,570.6787,538.86707
2017-07-19 17:55:00,2017-07-19 18:50:00,47,278.0,216.0,279.0,279.0,271.22223,205.33333,275.0923,208.72461
2017-07-19 17:55:00,2017-07-19 18:50:00,178,815.0,903.0,718.0,718.0,901.7778,894.2222,757.9769,786.58
2017-07-19 17:55:00,2017-07-19 18:50:00,281,557.0,477.0,534.0,534.0,538.6667,494.44446,551.1326,507.68768
2017-07-19 18:00:00,2017-07-19 18:55:00,47,262.0,209.0,278.0,278.0,262.22223,201.375,268.63547,205.61922
2017-07-19 18:00:00,2017-07-19 18:55:00,178,864.0,884.0,815.0,815.0,858.44446,811.5,776.1596,747.0874
2017-07-19 18:00:00,2017-07-19 18:55:00,281,507.0,423.0,557.0,557.0,503.22223,461.0,536.31714,488.75537
2017-07-19 18:05:00,2017-07-19 19:00:00,47,256.0,221.0,262.0,262.0,275.8889,189.75,267.01373,182.69057
2017-07-19 18:05:00,2017-07-19 19:00:00,178,676.0,753.0,864.0,864.0,869.1111,834.375,827.9325,797.228
2017-07-19 18:05:00,2017-07-19 19:00:00,281,557.0,420.0,507.0,507.0,519.44446,492.125,523.5467,497.54297
2017-07-19 18:10:00,2017-07-19 19:05:00,47,273.0,182.0,256.0,256.0,273.8889,168.0,259.93393,158.22186
2017-07-19 18:10:00,2017-07-19 19:05:00,178,846.0,745.0,676.0,676.0,872.3333,854.0,779.89325,781.6947
2017-07-19 18:10:00,2017-07-19 19:05:00,281,598.0,467.0,557.0,557.0,535.8889,427.625,528.7117,424.08282
2017-07-19 18:15:00,2017-07-19 19:10:00,47,265.0,213.0,273.0,273.0,262.0,187.375,263.84277,188.51822
2017-07-19 18:15:00,2017-07-19 19:10:00,178,795.0,948.0,846.0,846.0,802.2222,820.625,798.50885,812.2296
2017-07-19 18:15:00,2017-07-19 19:10:00,281,584.0,471.0,598.0,598.0,562.1111,432.625,564.534,432.14548
2017-07-19 18:20:00,2017-07-19 19:15:00,47,234.0,207.0,265.0,265.0,257.55554,182.5,259.86752,184.18787
2017-07-19 18:20:00,2017-07-19 19:15:00,178,931.0,963.0,795.0,795.0,845.6667,819.5,805.32117,788.68964
2017-07-19 18:20:00,2017-07-19 19:15:00,281,518.0,417.0,584.0,584.0,529.0,408.5,557.1682,428.67636
2017-07-19 18:25:00,2017-07-19 19:20:00,47,262.0,187.0,234.0,234.0,263.66666,173.625,249.83722,164.43831
2017-07-19 18:25:00,2017-07-19 19:20:00,178,827.0,711.0,931.0,931.0,795.3333,742.125,831.06946,759.5556
2017-07-19 18:25:00,2017-07-19 19:20:00,281,523.0,382.0,518.0,518.0,534.1111,413.25,534.3313,412.60107
2017-07-19 18:30:00,2017-07-19 19:25:00,47,272.0,151.0,262.0,262.0,244.55556,167.25,252.19565,173.90582
2017-07-19 18:30:00,2017-07-19 19:25:00,178,731.0,987.0,827.0,827.0,882.55554,810.125,856.4872,785.186
2017-07-19 18:30:00,2017-07-19 19:25:00,281,580.0,401.0,523.0,523.0,514.1111,406.875,521.06714,413.07486
2017-07-19 18:35:00,2017-07-19 19:30:00,47,227.0,138.0,272.0,272.0,224.33333,153.25,249.53552,172.28993
2017-07-19 18:35:00,2017-07-19 19:30:00,178,758.0,692.0,731.0,731.0,847.44446,857.375,804.55194,829.6758
2017-07-19 18:35:00,2017-07-19 19:30:00,281,531.0,372.0,580.0,580.0,522.3333,377.25,539.44867,389.917
2017-07-19 18:40:00,2017-07-19 19:35:00,47,180.0,126.0,227.0,227.0,227.88889,145.375,233.92453,151.7253
2017-07-19 18:40:00,2017-07-19 19:35:00,178,757.0,1062.0,758.0,758.0,815.44446,776.0,771.73846,743.1313
2017-07-19 18:40:00,2017-07-19 19:35:00,281,540.0,384.0,531.0,531.0,517.7778,368.875,525.282,374.8038
2017-07-19 18:45:00,2017-07-19 19:40:00,47,230.0,142.0,180.0,180.0,223.44444,143.0,210.10767,136.78487
2017-07-19 18:45:00,2017-07-19 19:40:00,178,845.0,1002.0,757.0,757.0,914.2222,791.125,804.8621,707.45575
2017-07-19 18:45:00,2017-07-19 19:40:00,281,572.0,350.0,540.0,540.0,519.8889,365.625,531.3019,376.0182
2017-07-19 18:50:00,2017-07-19 19:45:00,47,216.0,128.0,230.0,230.0,205.33333,133.125,213.41742,140.10944
2017-07-19 18:50:00,2017-07-19 19:45:00,178,903.0,1017.0,845.0,845.0,894.2222,877.375,849.09576,840.182
2017-07-19 18:50:00,2017-07-19 19:45:00,281,477.0,332.0,572.0,572.0,494.44446,343.75,539.5732,378.7425
2017-07-19 18:55:00,2017-07-19 19:50:00,47,209.0,113.0,216.0,216.0,201.375,132.25,210.37106,140.28079
2017-07-19 18:55:00,2017-07-19 19:50:00,178,884.0,1062.0,903.0,903.0,811.5,780.75,840.6091,801.2951
2017-07-19 18:55:00,2017-07-19 19:50:00,281,423.0,273.0,477.0,477.0,461.0,342.5,491.24072,368.1106
2017-07-19 19:00:00,2017-07-19 19:55:00,47,221.0,148.0,209.0,209.0,189.75,134.75,205.65454,148.50266
2017-07-19 19:00:00,2017-07-19 19:55:00,178,753.0,988.0,884.0,884.0,834.375,765.75,852.2064,777.7918
2017-07-19 19:00:00,2017-07-19 19:55:00,281,420.0,283.0,423.0,423.0,492.125,328.75,472.52216,319.64682
2017-07-19 19:05:00,2017-07-19 20:00:00,47,182.0,132.0,221.0,221.0,168.0,117.625,196.79778,139.97464
2017-07-19 19:05:00,2017-07-19 20:00:00,178,745.0,990.0,753.0,753.0,854.0,793.125,824.0707,770.855
2017-07-19 19:05:00,2017-07-19 20:00:00,281,467.0,305.0,420.0,420.0,427.625,317.375,428.72842,322.86472
2017-07-19 19:10:00,2017-07-19 20:05:00,47,213.0,142.0,182.0,182.0,187.375,128.5,190.02942,132.06377
2017-07-19 19:10:00,2017-07-19 20:05:00,178,948.0,1200.0,745.0,745.0,820.625,710.125,775.2028,676.1726
2017-07-19 19:10:00,2017-07-19 20:05:00,281,471.0,316.0,467.0,467.0,432.625,320.5,444.172,332.85815
2017-07-19 19:15:00,2017-07-19 20:10:00,47,207.0,108.0,213.0,213.0,182.5,116.75,197.65115,128.67142
2017-07-19 19:15:00,2017-07-19 20:10:00,178,963.0,984.0,948.0,948.0,819.5,698.125,861.2866,728.3326
2017-07-19 19:15:00,2017-07-19 20:10:00,281,417.0,267.0,471.0,471.0,408.5,324.25,443.24396,351.93533
2017-07-19 19:20:00,2017-07-19 20:15:00,47,187.0,119.0,207.0,207.0,173.625,116.5,196.73567,134.12746
2017-07-19 19:20:00,2017-07-19 20:15:00,178,711.0,926.0,963.0,963.0,742.125,827.75,877.9916,922.9861
2017-07-19 19:20:00,2017-07-19 20:15:00,281,382.0,284.0,417.0,417.0,413.25,307.0,423.88565,317.93594
2017-07-19 19:25:00,2017-07-19 20:20:00,47,151.0,132.0,187.0,187.0,167.25,116.125,185.87811,132.53862
2017-07-19 19:25:00,2017-07-19 20:20:00,178,987.0,933.0,711.0,711.0,810.125,756.875,794.7068,749.04224
2017-07-19 19:25:00,2017-07-19 20:20:00,281,401.0,250.0,382.0,382.0,406.875,310.625,401.35284,310.42828
2017-07-19 19:30:00,2017-07-19 20:25:00,47,138.0,133.0,151.0,151.0,153.25,113.75,162.62132,123.936935
2017-07-19 19:30:00,2017-07-19 20:25:00,178,692.0,956.0,987.0,987.0,857.375,728.875,898.5724,758.3316
2017-07-19 19:30:00,2017-07-19 20:25:00,281,372.0,278.0,401.0,401.0,377.25,308.5,391.15106,320.91254
2017-07-19 19:35:00,2017-07-19 20:30:00,47,126.0,101.0,138.0,138.0,145.375,108.25,148.88332,113.93987
2017-07-19 19:35:00,2017-07-19 20:30:00,178,1062.0,959.0,692.0,692.0,776.0,721.75,777.34406,730.4948
2017-07-19 19:35:00,2017-07-19 20:30:00,281,384.0,279.0,372.0,372.0,368.875,306.25,377.80682,315.5918
2017-07-19 19:40:00,2017-07-19 20:35:00,47,142.0,117.0,126.0,126.0,143.0,100.75,138.51479,100.9329
2017-07-19 19:40:00,2017-07-19 20:35:00,178,1002.0,945.0,1062.0,1062.0,791.125,702.5,900.36285,773.8162
2017-07-19 19:40:00,2017-07-19 20:35:00,281,350.0,255.0,384.0,384.0,365.625,302.25,375.51718,313.18463
2017-07-19 19:45:00,2017-07-19 20:40:00,47,128.0,110.0,142.0,142.0,133.125,102.75,135.2037,105.88295
2017-07-19 19:45:00,2017-07-19 20:40:00,178,1017.0,970.0,1002.0,1002.0,877.375,786.125,970.96704,853.24695
2017-07-19 19:45:00,2017-07-19 20:40:00,281,332.0,253.0,350.0,350.0,343.75,281.0,347.3251,287.72247
2017-07-19 19:50:00,2017-07-19 20:45:00,47,113.0,92.0,128.0,128.0,132.25,101.125,128.51323,99.96352
2017-07-19 19:50:00,2017-07-19 20:45:00,178,1062.0,1008.0,1017.0,1017.0,780.75,698.125,942.5459,824.0601
2017-07-19 19:50:00,2017-07-19 20:45:00,281,273.0,216.0,332.0,332.0,342.5,282.375,339.4275,283.15448
2017-07-19 19:55:00,2017-07-19 20:50:00,47,148.0,100.0,113.0,113.0,134.75,99.75,121.807396,91.95348
2017-07-19 19:55:00,2017-07-19 20:50:00,178,988.0,977.0,1062.0,1062.0,765.75,686.875,958.5685,826.26587
2017-07-19 19:55:00,2017-07-19 20:50:00,281,283.0,230.0,273.0,273.0,328.75,288.25,309.5259,277.99573
2017-07-19 20:00:00,2017-07-19 20:55:00,47,132.0,117.0,148.0,148.0,117.625,91.75,124.97344,96.691574
2017-07-19 20:00:00,2017-07-19 20:55:00,178,990.0,898.0,988.0,988.0,793.125,679.375,967.8951,815.2105
2017-07-19 20:00:00,2017-07-19 20:55:00,281,305.0,262.0,283.0,283.0,317.375,273.25,294.08292,258.6807
2017-07-19 20:05:00,2017-07-19 21:00:00,47,142.0,97.0,132.0,132.0,128.5,90.0,128.74968,90.02887
2017-07-19 20:05:00,2017-07-19 21:00:00,178,1200.0,904.0,990.0,990.0,710.125,665.125,940.4027,844.11084
2017-07-19 20:05:00,2017-07-19 21:00:00,281,316.0,221.0,305.0,305.0,320.5,276.625,295.73032,259.02682
2017-07-19 20:10:00,2017-07-19 21:05:00,47,108.0,91.0,142.0,142.0,116.75,98.5,128.8752,107.063774
2017-07-19 20:10:00,2017-07-19 21:05:00,178,984.0,903.0,1200.0,1200.0,698.125,678.25,1006.38696,907.59485
2017-07-19 20:10:00,2017-07-19 21:05:00,281,267.0,247.0,316.0,316.0,324.25,286.0,305.35965,271.95444
2017-07-19 20:15:00,2017-07-19 21:10:00,47,119.0,112.0,108.0,108.0,116.5,102.5,116.71036,103.66141
2017-07-19 20:15:00,2017-07-19 21:10:00,178,926.0,903.0,984.0,984.0,827.75,657.125,995.97284,793.078
2017-07-19 20:15:00,2017-07-19 21:10:00,281,284.0,242.0,267.0,267.0,307.0,280.125,281.94604,262.35944
2017-07-19 20:20:00,2017-07-19 21:15:00,47,132.0,90.0,119.0,119.0,116.125,112.0,118.66396,114.50892
2017-07-19 20:20:00,2017-07-19 21:15:00,178,933.0,980.0,926.0,926.0,756.875,774.375,951.6431,928.85284
2017-07-19 20:20:00,2017-07-19 21:15:00,281,250.0,274.0,284.0,284.0,310.625,289.0,286.2961,270.85117
2017-07-19 20:25:00,2017-07-19 21:20:00,47,133.0,97.0,132.0,132.0,113.75,97.875,122.596695,105.3396
2017-07-19 20:25:00,2017-07-19 21:20:00,178,956.0,928.0,933.0,933.0,728.875,684.0,906.4677,831.19604
2017-07-19 20:25:00,2017-07-19 21:20:00,281,278.0,253.0,250.0,250.0,308.5,287.875,270.82547,260.26617
2017-07-19 20:30:00,2017-07-19 21:25:00,47,101.0,96.0,133.0,133.0,108.25,94.625,123.8293,107.000114
2017-07-19 20:30:00,2017-07-19 21:25:00,178,959.0,839.0,956.0,956.0,721.75,705.875,920.65955,865.8995
2017-07-19 20:30:00,2017-07-19 21:25:00,281,279.0,228.0,278.0,278.0,306.25,295.5,278.53442,273.91327
2017-07-19 20:35:00,2017-07-19 21:30:00,47,117.0,94.0,101.0,101.0,100.75,85.0,107.803185,92.42926
2017-07-19 20:35:00,2017-07-19 21:30:00,178,945.0,887.0,959.0,959.0,702.5,669.375,886.1461,816.6628
2017-07-19 20:35:00,2017-07-19 21:30:00,281,255.0,235.0,279.0,279.0,302.25,263.375,275.99554,245.03781
2017-07-19 20:40:00,2017-07-19 21:35:00,47,110.0,71.0,117.0,117.0,102.75,81.75,110.63955,88.4774
2017-07-19 20:40:00,2017-07-19 21:35:00,178,970.0,874.0,945.0,945.0,786.125,618.0,912.66876,722.53796
2017-07-19 20:40:00,2017-07-19 21:35:00,281,253.0,205.0,255.0,255.0,281.0,277.0,262.17545,263.5234
2017-07-19 20:45:00,2017-07-19 21:40:00,47,92.0,73.0,110.0,110.0,101.125,79.125,108.84711,85.44662
2017-07-19 20:45:00,2017-07-19 21:40:00,178,1008.0,970.0,970.0,970.0,698.125,595.625,890.8483,748.85394
2017-07-19 20:45:00,2017-07-19 21:40:00,281,216.0,245.0,253.0,253.0,282.375,279.25,260.0394,262.40915
2017-07-19 20:50:00,2017-07-19 21:45:00,47,100.0,64.0,92.0,92.0,99.75,77.0,99.92743,78.259384
2017-07-19 20:50:00,2017-07-19 21:45:00,178,977.0,858.0,1008.0,1008.0,686.875,671.5,920.9617,849.21234
2017-07-19 20:50:00,2017-07-19 21:45:00,281,230.0,204.0,216.0,216.0,288.25,268.625,247.09811,238.99362
2017-07-19 20:55:00,2017-07-19 21:50:00,47,117.0,100.0,100.0,100.0,91.75,77.125,94.74637,79.80858
2017-07-19 20:55:00,2017-07-19 21:50:00,178,898.0,870.0,977.0,977.0,679.375,659.25,916.18884,839.68506
2017-07-19 20:55:00,2017-07-19 21:50:00,281,262.0,196.0,230.0,230.0,273.25,254.25,236.74594,227.47241
2017-07-19 21:00:00,2017-07-19 21:55:00,47,97.0,70.0,117.0,117.0,90.0,70.75,99.42038,77.91643
2017-07-19 21:00:00,2017-07-19 21:55:00,178,904.0,937.0,898.0,898.0,665.125,640.875,862.8279,799.97797
2017-07-19 21:00:00,2017-07-19 21:55:00,281,221.0,211.0,262.0,262.0,276.625,273.75,249.97607,251.49243
2017-07-19 21:05:00,2017-07-19 22:00:00,47,91.0,83.0,97.0,97.0,98.5,62.875,95.44484,60.90622
2017-07-19 21:05:00,2017-07-19 22:00:00,178,903.0,926.0,904.0,904.0,678.25,707.625,858.7661,851.848
2017-07-19 21:05:00,2017-07-19 22:00:00,281,247.0,195.0,221.0,221.0,286.0,244.625,236.99481,208.11111
2017-07-19 21:10:00,2017-07-19 22:05:00,47,112.0,85.0,91.0,91.0,102.5,65.5,93.6297,58.593964
2017-07-19 21:10:00,2017-07-19 22:05:00,178,903.0,927.0,903.0,903.0,657.125,649.125,837.1229,792.0503
2017-07-19 21:10:00,2017-07-19 22:05:00,281,242.0,173.0,247.0,247.0,280.125,239.25,241.72208,209.19879
2017-07-19 21:15:00,2017-07-19 22:10:00,47,90.0,60.0,112.0,112.0,112.0,65.875,105.59767,60.383797
2017-07-19 21:15:00,2017-07-19 22:10:00,178,980.0,888.0,903.0,903.0,774.375,649.125,888.00024,744.47266
2017-07-19 21:15:00,2017-07-19 22:10:00,281,274.0,195.0,242.0,242.0,289.0,260.375,248.85794,227.56122
2017-07-19 21:20:00,2017-07-19 22:15:00,47,97.0,67.0,90.0,90.0,97.875,58.25,93.12546,55.228256
2017-07-19 21:20:00,2017-07-19 22:15:00,178,928.0,902.0,980.0,980.0,684.0,632.875,885.05237,790.57056
2017-07-19 21:20:00,2017-07-19 22:15:00,281,253.0,165.0,274.0,274.0,287.875,243.25,261.31882,219.8258
2017-07-19 21:25:00,2017-07-19 22:20:00,47,96.0,69.0,97.0,97.0,94.625,58.125,93.693756,57.646614
2017-07-19 21:25:00,2017-07-19 22:20:00,178,839.0,933.0,928.0,928.0,705.875,610.125,881.6056,747.52466
2017-07-19 21:25:00,2017-07-19 22:20:00,281,228.0,147.0,253.0,253.0,295.5,226.75,260.14804,199.38805
2017-07-19 21:30:00,2017-07-19 22:25:00,47,94.0,55.0,96.0,96.0,85.0,51.375,90.570435,55.910553
2017-07-19 21:30:00,2017-07-19 22:25:00,178,887.0,897.0,839.0,839.0,669.375,696.0,846.9292,837.9712
2017-07-19 21:30:00,2017-07-19 22:25:00,281,235.0,140.0,228.0,228.0,263.375,230.5,237.10248,210.45512
2017-07-19 21:35:00,2017-07-19 22:30:00,47,71.0,57.0,94.0,94.0,81.75,42.25,87.41992,47.193222
2017-07-19 21:35:00,2017-07-19 22:30:00,178,874.0,853.0,887.0,887.0,618.0,591.375,821.87555,755.9885
2017-07-19 21:35:00,2017-07-19 22:30:00,281,205.0,165.0,235.0,235.0,277.0,206.25,238.67424,176.45137
2017-07-19 21:40:00,2017-07-19 22:35:00,47,73.0,57.0,71.0,71.0,79.125,41.0,77.69471,41.096413
2017-07-19 21:40:00,2017-07-19 22:35:00,178,970.0,868.0,874.0,874.0,595.625,540.25,788.1558,691.0624
2017-07-19 21:40:00,2017-07-19 22:35:00,281,245.0,161.0,205.0,205.0,279.25,211.0,229.77838,174.20966
2017-07-19 21:45:00,2017-07-19 22:40:00,47,64.0,87.0,73.0,73.0,77.0,41.875,74.95064,40.818665
2017-07-19 21:45:00,2017-07-19 22:40:00,178,858.0,839.0,970.0,970.0,671.5,537.375,853.1864,678.4295
2017-07-19 21:45:00,2017-07-19 22:40:00,281,204.0,144.0,245.0,245.0,268.625,203.0,240.58617,181.34189
2017-07-19 21:50:00,2017-07-19 22:45:00,47,100.0,51.0,64.0,64.0,77.125,42.375,69.52077,37.53739
2017-07-19 21:50:00,2017-07-19 22:45:00,178,870.0,759.0,858.0,858.0,659.25,531.625,825.18036,662.41437
2017-07-19 21:50:00,2017-07-19 22:45:00,281,196.0,133.0,204.0,204.0,254.25,187.25,215.71002,157.56932
2017-07-19 21:55:00,2017-07-19 22:50:00,47,70.0,41.0,100.0,100.0,70.75,38.75,80.09756,45.66211
2017-07-19 21:55:00,2017-07-19 22:50:00,178,937.0,832.0,870.0,870.0,640.875,495.25,806.3257,625.14526
2017-07-19 21:55:00,2017-07-19 22:50:00,281,211.0,175.0,196.0,196.0,273.75,194.25,216.6409,151.57315
2017-07-19 22:00:00,2017-07-19 22:55:00,47,83.0,35.0,70.0,70.0,62.875,35.875,69.50032,41.313766
2017-07-19 22:00:00,2017-07-19 22:55:00,178,926.0,773.0,937.0,937.0,707.625,508.625,861.7357,626.76917
2017-07-19 22:00:00,2017-07-19 22:55:00,281,195.0,141.0,211.0,211.0,244.625,181.0,211.20248,155.39746
2017-07-19 22:05:00,2017-07-19 23:00:00,47,85.0,46.0,83.0,83.0,65.5,35.125,73.33562,41.043373
2017-07-19 22:05:00,2017-07-19 23:00:00,178,927.0,827.0,926.0,926.0,649.125,496.125,845.8497,644.85944
2017-07-19 22:05:00,2017-07-19 23:00:00,281,173.0,115.0,195.0,195.0,239.25,170.5,199.62524,139.34677
2017-07-19 22:10:00,2017-07-19 23:05:00,47,60.0,38.0,85.0,85.0,65.875,32.75,76.177635,40.528534
2017-07-19 22:10:00,2017-07-19 23:05:00,178,888.0,767.0,927.0,927.0,649.125,470.375,846.87,624.71344
2017-07-19 22:10:00,2017-07-19 23:05:00,281,195.0,121.0,173.0,173.0,260.375,170.0,196.83694,122.38289
2017-07-19 22:15:00,2017-07-19 23:10:00,47,67.0,34.0,60.0,60.0,58.25,36.75,66.11287,43.482544
2017-07-19 22:15:00,2017-07-19 23:10:00,178,902.0,794.0,888.0,888.0,632.875,491.75,832.9165,650.41364
2017-07-19 22:15:00,2017-07-19 23:10:00,281,165.0,113.0,195.0,195.0,243.25,174.125,197.32379,138.2839
2017-07-19 22:20:00,2017-07-19 23:15:00,47,69.0,41.0,67.0,67.0,58.125,32.125,64.77632,37.99659
2017-07-19 22:20:00,2017-07-19 23:15:00,178,933.0,813.0,902.0,902.0,610.125,469.0,820.24805,631.7104
2017-07-19 22:20:00,2017-07-19 23:15:00,281,147.0,114.0,165.0,165.0,226.75,176.875,181.76169,142.71521
2017-07-19 22:25:00,2017-07-19 23:20:00,47,55.0,33.0,69.0,69.0,51.375,31.75,63.12313,41.579536
2017-07-19 22:25:00,2017-07-19 23:20:00,178,897.0,744.0,933.0,933.0,696.0,491.75,882.4382,637.36115
2017-07-19 22:25:00,2017-07-19 23:20:00,281,140.0,107.0,147.0,147.0,230.5,155.375,171.23419,112.36694
2017-07-19 22:30:00,2017-07-19 23:25:00,47,57.0,32.0,55.0,55.0,42.25,30.0,54.17373,40.59336
2017-07-19 22:30:00,2017-07-19 23:25:00,178,853.0,737.0,897.0,897.0,591.375,486.375,840.9608,684.50684
2017-07-19 22:30:00,2017-07-19 23:25:00,281,165.0,96.0,140.0,140.0,206.25,150.625,153.33578,110.70917
2017-07-19 22:35:00,2017-07-19 23:30:00,47,57.0,25.0,57.0,57.0,41.0,28.125,52.994217,38.21218
2017-07-19 22:35:00,2017-07-19 23:30:00,178,868.0,798.0,853.0,853.0,540.25,420.375,790.0909,621.07404
2017-07-19 22:35:00,2017-07-19 23:30:00,281,161.0,85.0,165.0,165.0,211.0,146.875,163.97993,110.75012
2017-07-19 22:40:00,2017-07-19 23:35:00,47,87.0,20.0,57.0,57.0,41.875,22.5,51.806053,30.773834
2017-07-19 22:40:00,2017-07-19 23:35:00,178,839.0,613.0,868.0,868.0,537.375,392.0,780.9508,586.15295
2017-07-19 22:40:00,2017-07-19 23:35:00,281,144.0,118.0,161.0,161.0,203.0,134.25,162.03294,102.87076
2017-07-19 22:45:00,2017-07-19 23:40:00,47,51.0,30.0,87.0,87.0,42.375,22.125,64.94196,38.73713
2017-07-19 22:45:00,2017-07-19 23:40:00,178,759.0,411.0,839.0,839.0,531.625,412.875,781.58325,611.4308
2017-07-19 22:45:00,2017-07-19 23:40:00,281,133.0,83.0,144.0,144.0,187.25,140.25,151.9765,112.62076
2017-07-19 22:50:00,2017-07-19 23:45:00,47,41.0,28.0,51.0,51.0,38.75,21.5,52.435753,32.500336
2017-07-19 22:50:00,2017-07-19 23:45:00,178,832.0,653.0,759.0,759.0,495.25,394.125,726.5835,580.34247
2017-07-19 22:50:00,2017-07-19 23:45:00,281,175.0,95.0,133.0,133.0,194.25,137.0,147.46779,101.14047
2017-07-19 22:55:00,2017-07-19 23:50:00,47,35.0,21.0,41.0,41.0,35.875,22.25,44.668762,30.006493
2017-07-19 22:55:00,2017-07-19 23:50:00,178,773.0,722.0,832.0,832.0,508.625,379.25,739.362,562.56134
2017-07-19 22:55:00,2017-07-19 23:50:00,281,141.0,91.0,175.0,175.0,181.0,118.5,156.1843,97.915405
2017-07-19 23:00:00,2017-07-19 23:55:00,47,46.0,21.0,35.0,35.0,35.125,18.375,37.44622,21.544342
2017-07-19 23:00:00,2017-07-19 23:55:00,178,827.0,331.0,773.0,773.0,496.125,357.0,711.22986,529.8277
2017-07-19 23:00:00,2017-07-19 23:55:00,281,115.0,93.0,141.0,141.0,170.5,112.625,144.83278,92.83151
2017-07-19 23:05:00,2017-07-20 00:00:00,47,38.0,15.0,46.0,46.0,32.75,17.875,38.52294,22.829544
2017-07-19 23:05:00,2017-07-20 00:00:00,178,767.0,767.0,827.0,827.0,470.375,388.875,720.77905,582.5522
2017-07-19 23:05:00,2017-07-20 00:00:00,281,121.0,62.0,115.0,115.0,170.0,115.375,132.02354,86.78969
2017-07-19 23:10:00,2017-07-20 00:05:00,47,34.0,31.0,38.0,38.0,36.75,16.75,38.120987,18.67855
2017-07-19 23:10:00,2017-07-20 00:05:00,178,794.0,762.0,767.0,767.0,491.75,394.125,715.5486,572.22156
2017-07-19 23:10:00,2017-07-20 00:05:00,281,113.0,69.0,121.0,121.0,174.125,100.25,127.68179,65.02916
2017-07-19 23:15:00,2017-07-20 00:10:00,47,41.0,13.0,34.0,34.0,32.125,18.625,33.265587,20.387062
2017-07-19 23:15:00,2017-07-20 00:10:00,178,813.0,778.0,794.0,794.0,469.0,339.625,701.8671,524.1804
2017-07-19 23:15:00,2017-07-20 00:10:00,281,114.0,72.0,113.0,113.0,176.875,98.125,127.55861,61.33542
2017-07-19 23:20:00,2017-07-20 00:15:00,47,33.0,19.0,41.0,41.0,31.75,21.125,35.45867,24.212265
2017-07-19 23:20:00,2017-07-20 00:15:00,178,744.0,767.0,813.0,813.0,491.75,380.5,723.66315,559.91705
2017-07-19 23:20:00,2017-07-20 00:15:00,281,107.0,65.0,114.0,114.0,155.375,97.75,120.03122,70.55556
2017-07-19 23:25:00,2017-07-20 00:20:00,47,32.0,17.0,33.0,33.0,30.0,18.875,32.78817,21.344894
2017-07-19 23:25:00,2017-07-20 00:20:00,178,737.0,762.0,744.0,744.0,486.375,275.0,692.22595,442.9044
2017-07-19 23:25:00,2017-07-20 00:20:00,281,96.0,54.0,107.0,107.0,150.625,95.625,114.123566,67.53572
2017-07-19 23:30:00,2017-07-20 00:25:00,47,25.0,19.0,32.0,32.0,28.125,15.5,30.677895,17.766312
2017-07-19 23:30:00,2017-07-20 00:25:00,178,798.0,736.0,737.0,737.0,420.375,297.5,666.9618,493.08765
2017-07-19 23:30:00,2017-07-20 00:25:00,281,85.0,50.0,96.0,96.0,146.875,97.875,107.203,68.426285
2017-07-19 23:35:00,2017-07-20 00:30:00,47,20.0,19.0,25.0,25.0,22.5,15.625,24.620575,17.957214
2017-07-19 23:35:00,2017-07-20 00:30:00,178,613.0,755.0,798.0,798.0,392.0,297.0,678.75946,521.4068
2017-07-19 23:35:00,2017-07-20 00:30:00,281,118.0,66.0,85.0,85.0,134.25,87.5,94.43744,57.64804
2017-07-19 23:40:00,2017-07-20 00:35:00,47,30.0,21.0,20.0,20.0,22.125,15.375,20.078949,14.658791
2017-07-19 23:40:00,2017-07-20 00:35:00,178,411.0,742.0,613.0,613.0,412.875,290.75,617.04407,456.7995
2017-07-19 23:40:00,2017-07-20 00:35:00,281,83.0,49.0,118.0,118.0,140.25,87.125,109.07112,61.572388
2017-07-19 23:45:00,2017-07-20 00:40:00,47,28.0,17.0,30.0,30.0,21.5,14.375,24.0923,16.56887
2017-07-19 23:45:00,2017-07-20 00:40:00,178,653.0,733.0,411.0,411.0,394.125,283.625,495.43594,380.50967
2017-07-19 23:45:00,2017-07-20 00:40:00,281,95.0,65.0,83.0,83.0,137.0,82.875,98.87193,54.531586
2017-07-19 23:50:00,2017-07-20 00:45:00,47,21.0,11.0,28.0,28.0,22.25,14.125,25.023132,16.40944
2017-07-19 23:50:00,2017-07-20 00:45:00,178,722.0,729.0,653.0,653.0,379.25,278.375,542.81586,411.14648
2017-07-19 23:50:00,2017-07-20 00:45:00,281,91.0,52.0,95.0,95.0,118.5,75.625,92.29834,55.66794
2017-07-19 23:55:00,2017-07-20 00:50:00,47,21.0,11.0,21.0,21.0,18.375,14.125,20.572212,16.104897
2017-07-19 23:55:00,2017-07-20 00:50:00,178,331.0,721.0,722.0,722.0,357.0,262.625,580.30084,434.549
2017-07-19 23:55:00,2017-07-20 00:50:00,281,93.0,50.0,91.0,91.0,112.625,77.0,90.63045,59.636566
2017-07-20 00:00:00,2017-07-20 00:55:00,47,15.0,15.0,21.0,21.0,17.875,12.375,18.695503,13.298927
2017-07-20 00:00:00,2017-07-20 00:55:00,178,767.0,714.0,331.0,331.0,388.875,243.625,437.64163,299.24915
2017-07-20 00:00:00,2017-07-20 00:55:00,281,62.0,70.0,93.0,93.0,115.375,85.75,96.173355,70.61377
2017-07-20 00:05:00,2017-07-20 01:00:00,47,31.0,10.0,15.0,15.0,16.75,13.0,15.653748,12.442131
2017-07-20 00:05:00,2017-07-20 01:00:00,178,762.0,714.0,767.0,767.0,394.125,249.375,577.67816,386.34402
2017-07-20 00:05:00,2017-07-20 01:00:00,281,69.0,41.0,62.0,62.0,100.25,79.0,76.55159,61.63147
2017-07-20 00:10:00,2017-07-20 01:05:00,47,13.0,11.0,31.0,31.0,18.625,9.0,21.295418,10.654572
2017-07-20 00:10:00,2017-07-20 01:05:00,178,778.0,706.0,762.0,762.0,339.625,224.875,598.3898,417.0927
2017-07-20 00:10:00,2017-07-20 01:05:00,281,72.0,48.0,69.0,69.0,98.125,73.0,72.38875,54.032684
2017-07-20 00:15:00,2017-07-20 01:10:00,47,19.0,12.0,13.0,13.0,21.125,11.25,16.721863,8.092278
2017-07-20 00:15:00,2017-07-20 01:10:00,178,767.0,706.0,778.0,778.0,380.5,230.125,657.27637,439.2091
2017-07-20 00:15:00,2017-07-20 01:10:00,281,65.0,43.0,72.0,72.0,97.75,75.125,72.794174,56.140015
2017-07-20 00:20:00,2017-07-20 01:15:00,47,17.0,12.0,19.0,19.0,18.875,10.5,16.995033,9.252335
2017-07-20 00:20:00,2017-07-20 01:15:00,178,762.0,697.0,767.0,767.0,275.0,178.875,623.67114,443.43317
2017-07-20 00:20:00,2017-07-20 01:15:00,281,54.0,29.0,65.0,65.0,95.625,76.375,70.015396,56.746124
2017-07-20 00:25:00,2017-07-20 01:20:00,47,19.0,15.0,17.0,17.0,15.5,8.875,14.921783,8.459328
2017-07-20 00:25:00,2017-07-20 01:20:00,178,736.0,710.0,762.0,762.0,297.5,230.5,642.2385,494.11905
2017-07-20 00:25:00,2017-07-20 01:20:00,281,50.0,34.0,54.0,54.0,97.875,69.875,65.64848,45.92166
2017-07-20 00:30:00,2017-07-20 01:25:00,47,19.0,11.0,19.0,19.0,15.625,9.875,16.184357,10.179459
2017-07-20 00:30:00,2017-07-20 01:25:00,178,755.0,688.0,736.0,736.0,297.0,206.25,636.1069,471.3932
2017-07-20 00:30:00,2017-07-20 01:25:00,281,66.0,40.0,50.0,50.0,87.5,71.25,57.70871,48.779327
2017-07-20 00:35:00,2017-07-20 01:30:00,47,21.0,8.0,19.0,19.0,15.375,11.125,16.64592,11.925102
2017-07-20 00:35:00,2017-07-20 01:30:00,178,742.0,685.0,755.0,755.0,290.75,197.0,651.7134,477.33868
2017-07-20 00:35:00,2017-07-20 01:30:00,281,49.0,48.0,66.0,66.0,87.125,67.625,61.321533,47.067535
2017-07-20 00:40:00,2017-07-20 01:35:00,47,17.0,11.0,21.0,21.0,14.375,9.625,16.587112,11.189537
2017-07-20 00:40:00,2017-07-20 01:35:00,178,733.0,689.0,742.0,742.0,283.625,257.375,657.4589,549.937
2017-07-20 00:40:00,2017-07-20 01:35:00,281,65.0,37.0,49.0,49.0,82.875,73.25,57.561493,53.64096
2017-07-20 00:45:00,2017-07-20 01:40:00,47,11.0,11.0,17.0,17.0,14.125,10.125,15.37899,11.156303
2017-07-20 00:45:00,2017-07-20 01:40:00,178,729.0,695.0,733.0,733.0,278.375,197.25,630.723,478.91464
2017-07-20 00:45:00,2017-07-20 01:40:00,281,52.0,44.0,65.0,65.0,75.625,66.125,58.282806,52.358917
2017-07-20 00:50:00,2017-07-20 01:45:00,47,11.0,12.0,11.0,11.0,14.125,9.875,12.928581,9.195572
2017-07-20 00:50:00,2017-07-20 01:45:00,178,721.0,675.0,729.0,729.0,262.625,144.5,619.6704,426.7838
2017-07-20 00:50:00,2017-07-20 01:45:00,281,50.0,44.0,52.0,52.0,77.0,73.25,54.710938,55.35318
2017-07-20 00:55:00,2017-07-20 01:50:00,47,15.0,11.0,11.0,11.0,12.375,7.125,10.750015,6.063034
2017-07-20 00:55:00,2017-07-20 01:50:00,178,714.0,668.0,721.0,721.0,243.625,139.375,622.78705,438.18048
2017-07-20 00:55:00,2017-07-20 01:50:00,281,70.0,29.0,50.0,50.0,85.75,67.375,55.746674,44.24539
2017-07-20 01:00:00,2017-07-20 01:55:00,47,10.0,6.0,15.0,15.0,13.0,9.5,12.921875,9.568939
2017-07-20 01:00:00,2017-07-20 01:55:00,178,714.0,675.0,714.0,714.0,249.375,173.5,612.6434,456.83093
2017-07-20 01:00:00,2017-07-20 01:55:00,281,41.0,45.0,70.0,70.0,79.0,63.75,62.696777,50.15268
2017-07-20 01:05:00,2017-07-20 02:00:00,47,11.0,7.0,10.0,10.0,9.0,8.5,8.881317,8.579803
2017-07-20 01:05:00,2017-07-20 02:00:00,178,706.0,683.0,714.0,714.0,224.875,178.375,603.3633,475.2204
2017-07-20 01:05:00,2017-07-20 02:00:00,281,48.0,34.0,41.0,41.0,73.0,64.0,50.89792,47.18036
2017-07-20 01:10:00,2017-07-20 02:05:00,47,12.0,6.0,11.0,11.0,11.25,9.625,10.087555,8.723465
2017-07-20 01:10:00,2017-07-20 02:05:00,178,706.0,671.0,706.0,706.0,230.125,125.375,593.9764,414.4767
2017-07-20 01:10:00,2017-07-20 02:05:00,281,43.0,44.0,48.0,48.0,75.125,63.0,50.76419,44.076324
2017-07-20 01:15:00,2017-07-20 02:10:00,47,12.0,5.0,12.0,12.0,10.5,7.75,9.669289,7.176346
2017-07-20 01:15:00,2017-07-20 02:10:00,178,697.0,673.0,706.0,706.0,178.875,167.0,571.9175,471.83463
2017-07-20 01:15:00,2017-07-20 02:10:00,281,29.0,33.0,43.0,43.0,76.375,70.0,50.756927,50.03366
2017-07-20 01:20:00,2017-07-20 02:15:00,47,15.0,12.0,12.0,12.0,8.875,8.375,9.333481,8.527168
2017-07-20 01:20:00,2017-07-20 02:15:00,178,710.0,674.0,697.0,697.0,230.5,223.5,598.18054,511.53967
2017-07-20 01:20:00,2017-07-20 02:15:00,281,34.0,39.0,29.0,29.0,69.875,63.75,40.752777,42.08548
2017-07-20 01:25:00,2017-07-20 02:20:00,47,11.0,7.0,15.0,15.0,9.875,7.125,10.734077,7.486397
2017-07-20 01:25:00,2017-07-20 02:20:00,178,688.0,665.0,710.0,710.0,206.25,171.0,591.6341,475.93036
2017-07-20 01:25:00,2017-07-20 02:20:00,281,40.0,39.0,34.0,34.0,71.25,63.375,40.10898,39.455475
2017-07-20 01:30:00,2017-07-20 02:25:00,47,8.0,5.0,11.0,11.0,11.125,7.5,10.19883,6.743332
2017-07-20 01:30:00,2017-07-20 02:25:00,178,685.0,661.0,688.0,688.0,197.0,116.25,563.53125,405.97543
2017-07-20 01:30:00,2017-07-20 02:25:00,281,48.0,28.0,40.0,40.0,67.625,68.625,40.363556,47.095306
2017-07-20 01:35:00,2017-07-20 02:30:00,47,11.0,6.0,8.0,8.0,9.625,5.25,7.56958,3.774086
2017-07-20 01:35:00,2017-07-20 02:30:00,178,689.0,666.0,685.0,685.0,257.375,154.0,591.396,416.71033
2017-07-20 01:35:00,2017-07-20 02:30:00,281,37.0,52.0,48.0,48.0,73.25,69.125,48.07071,49.085815
2017-07-20 01:40:00,2017-07-20 02:35:00,47,11.0,7.0,11.0,11.0,10.125,6.75,8.796974,5.5573425
2017-07-20 01:40:00,2017-07-20 02:35:00,178,695.0,653.0,689.0,689.0,197.25,104.625,574.3645,402.37277
2017-07-20 01:40:00,2017-07-20 02:35:00,281,44.0,30.0,37.0,37.0,66.125,66.375,40.94098,46.441986
2017-07-20 01:45:00,2017-07-20 02:40:00,47,12.0,6.0,11.0,11.0,9.875,8.5,9.774086,8.305244
2017-07-20 01:45:00,2017-07-20 02:40:00,178,675.0,665.0,695.0,695.0,144.5,168.0,571.2268,501.84955
2017-07-20 01:45:00,2017-07-20 02:40:00,281,44.0,38.0,44.0,44.0,73.25,70.375,46.803497,49.128876
2017-07-20 01:50:00,2017-07-20 02:45:00,47,11.0,6.0,12.0,12.0,7.125,6.75,8.692413,7.8473434
2017-07-20 01:50:00,2017-07-20 02:45:00,178,668.0,660.0,675.0,675.0,139.375,102.375,546.93774,423.64462
2017-07-20 01:50:00,2017-07-20 02:45:00,281,29.0,38.0,44.0,44.0,67.375,68.5,45.61914,50.955444
2017-07-20 01:55:00,2017-07-20 02:50:00,47,6.0,12.0,11.0,11.0,9.5,8.625,9.360817,8.398666
2017-07-20 01:55:00,2017-07-20 02:50:00,178,675.0,668.0,668.0,668.0,173.5,257.625,568.82245,561.6253
2017-07-20 01:55:00,2017-07-20 02:50:00,281,45.0,48.0,29.0,29.0,63.75,66.25,37.62857,46.219147
2017-07-20 02:00:00,2017-07-20 02:55:00,47,7.0,7.0,6.0,6.0,8.5,6.875,6.6688004,5.6016617
2017-07-20 02:00:00,2017-07-20 02:55:00,178,683.0,659.0,675.0,675.0,178.375,148.375,561.13855,454.9459
2017-07-20 02:00:00,2017-07-20 02:55:00,281,34.0,48.0,45.0,45.0,64.0,69.0,43.814423,52.844025
2017-07-20 02:05:00,2017-07-20 03:00:00,47,6.0,7.0,7.0,7.0,9.625,5.625,6.712631,3.439621
2017-07-20 02:05:00,2017-07-20 03:00:00,178,671.0,663.0,683.0,683.0,125.375,134.375,539.5045,459.3847
2017-07-20 02:05:00,2017-07-20 03:00:00,281,44.0,43.0,34.0,34.0,63.0,66.75,38.73114,47.696564
2017-07-20 02:10:00,2017-07-20 03:05:00,47,5.0,6.0,6.0,6.0,7.75,5.125,5.363991,3.3824081
2017-07-20 02:10:00,2017-07-20 03:05:00,178,673.0,660.0,671.0,671.0,167.0,143.25,547.5418,441.8001
2017-07-20 02:10:00,2017-07-20 03:05:00,281,33.0,40.0,44.0,44.0,70.0,73.875,46.123627,54.72821
2017-07-20 02:15:00,2017-07-20 03:10:00,47,12.0,7.0,5.0,5.0,8.375,7.25,5.2144547,4.8250732
2017-07-20 02:15:00,2017-07-20 03:10:00,178,674.0,665.0,673.0,673.0,223.5,137.375,574.7078,413.62753
2017-07-20 02:15:00,2017-07-20 03:10:00,281,39.0,40.0,33.0,33.0,63.75,79.125,41.710083,61.82547
2017-07-20 02:20:00,2017-07-20 03:15:00,47,7.0,5.0,12.0,12.0,7.125,5.125,6.8876877,4.6802216
2017-07-20 02:20:00,2017-07-20 03:15:00,178,665.0,661.0,674.0,674.0,171.0,135.0,564.8227,445.08356
2017-07-20 02:20:00,2017-07-20 03:15:00,281,39.0,53.0,39.0,39.0,63.375,71.25,40.484802,53.131073
2017-07-20 02:25:00,2017-07-20 03:20:00,47,5.0,6.0,7.0,7.0,7.5,5.375,6.225525,4.340477
2017-07-20 02:25:00,2017-07-20 03:20:00,178,661.0,658.0,665.0,665.0,116.25,134.5,536.193,464.2654
2017-07-20 02:25:00,2017-07-20 03:20:00,281,28.0,54.0,39.0,39.0,68.625,74.375,42.37683,53.569824
2017-07-20 02:30:00,2017-07-20 03:25:00,47,6.0,11.0,5.0,5.0,5.25,6.625,4.388565,5.826294
2017-07-20 02:30:00,2017-07-20 03:25:00,178,666.0,654.0,661.0,661.0,154.0,129.5,546.688,436.01004
2017-07-20 02:30:00,2017-07-20 03:25:00,281,52.0,50.0,28.0,28.0,69.125,73.25,38.302063,49.568756
2017-07-20 02:35:00,2017-07-20 03:30:00,47,7.0,10.0,6.0,6.0,6.75,7.375,4.7092514,5.582535
2017-07-20 02:35:00,2017-07-20 03:30:00,178,653.0,659.0,666.0,666.0,104.625,128.875,522.8863,456.4694
2017-07-20 02:35:00,2017-07-20 03:30:00,281,30.0,39.0,52.0,52.0,66.375,83.75,47.55725,67.65111
2017-07-20 02:40:00,2017-07-20 03:35:00,47,6.0,7.0,7.0,7.0,8.5,7.25,5.9063263,5.2002563
2017-07-20 02:40:00,2017-07-20 03:35:00,178,665.0,657.0,653.0,653.0,168.0,134.375,549.8318,436.7329
2017-07-20 02:40:00,2017-07-20 03:35:00,281,38.0,57.0,30.0,30.0,70.375,84.5,42.47116,63.05388
2017-07-20 02:45:00,2017-07-20 03:40:00,47,6.0,4.0,6.0,6.0,6.75,7.0,4.629776,5.2960587
2017-07-20 02:45:00,2017-07-20 03:40:00,178,660.0,646.0,665.0,665.0,102.375,118.875,513.56244,437.59888
2017-07-20 02:45:00,2017-07-20 03:40:00,281,38.0,67.0,38.0,38.0,68.5,93.0,43.814484,73.23901
2017-07-20 02:50:00,2017-07-20 03:45:00,47,12.0,12.0,6.0,6.0,8.625,8.625,5.528595,6.1152725
2017-07-20 02:50:00,2017-07-20 03:45:00,178,668.0,658.0,660.0,660.0,257.625,135.75,578.4269,389.3321
2017-07-20 02:50:00,2017-07-20 03:45:00,281,48.0,64.0,38.0,38.0,66.25,107.375,44.87036,89.99089
2017-07-20 02:55:00,2017-07-20 03:50:00,47,7.0,9.0,12.0,12.0,6.875,8.5,7.818329,8.96904
2017-07-20 02:55:00,2017-07-20 03:50:00,178,659.0,656.0,668.0,668.0,148.375,133.625,546.3545,445.8789
2017-07-20 02:55:00,2017-07-20 03:50:00,281,48.0,71.0,48.0,48.0,69.0,108.5,49.79077,93.18228
2017-07-20 03:00:00,2017-07-20 03:55:00,47,7.0,9.0,7.0,7.0,5.625,7.625,6.2382965,8.040199
2017-07-20 03:00:00,2017-07-20 03:55:00,178,663.0,653.0,659.0,659.0,134.375,134.875,537.8684,450.8971
2017-07-20 03:00:00,2017-07-20 03:55:00,281,43.0,56.0,48.0,48.0,66.75,101.875,48.965424,87.74771
2017-07-20 03:05:00,2017-07-20 04:00:00,47,6.0,8.0,7.0,7.0,5.125,7.25,5.439125,7.318779
2017-07-20 03:05:00,2017-07-20 04:00:00,178,660.0,664.0,663.0,663.0,143.25,140.875,543.4231,454.87756
2017-07-20 03:05:00,2017-07-20 04:00:00,281,40.0,71.0,43.0,43.0,73.875,88.125,46.88208,67.34206
2017-07-20 03:10:00,2017-07-20 04:05:00,47,7.0,6.0,6.0,6.0,7.25,10.125,6.124405,9.14518
2017-07-20 03:10:00,2017-07-20 04:05:00,178,665.0,652.0,660.0,660.0,137.375,126.625,538.4578,441.65546
2017-07-20 03:10:00,2017-07-20 04:05:00,281,40.0,100.0,40.0,40.0,79.125,110.75,51.927734,88.8737
2017-07-20 03:15:00,2017-07-20 04:10:00,47,5.0,9.0,7.0,7.0,5.125,8.75,5.167473,8.784035
2017-07-20 03:15:00,2017-07-20 04:10:00,178,661.0,662.0,665.0,665.0,135.0,132.5,540.6229,450.28296
2017-07-20 03:15:00,2017-07-20 04:10:00,281,53.0,59.0,40.0,40.0,71.25,117.75,49.739136,100.70154
2017-07-20 03:20:00,2017-07-20 04:15:00,47,6.0,9.0,5.0,5.0,5.375,9.125,4.445915,8.407608
2017-07-20 03:20:00,2017-07-20 04:15:00,178,658.0,661.0,661.0,661.0,134.5,141.5,542.23584,461.54517
2017-07-20 03:20:00,2017-07-20 04:15:00,281,54.0,104.0,53.0,53.0,74.375,114.5,54.521454,98.38228
2017-07-20 03:25:00,2017-07-20 04:20:00,47,11.0,13.0,6.0,6.0,6.625,9.875,4.8899384,8.45768
2017-07-20 03:25:00,2017-07-20 04:20:00,178,654.0,675.0,658.0,658.0,129.5,157.125,541.1929,479.5426
2017-07-20 03:25:00,2017-07-20 04:20:00,281,50.0,112.0,54.0,54.0,73.25,136.25,56.44516,121.7785
2017-07-20 03:30:00,2017-07-20 04:25:00,47,10.0,16.0,11.0,11.0,7.375,13.0,7.662117,12.833374
2017-07-20 03:30:00,2017-07-20 04:25:00,178,659.0,666.0,654.0,654.0,128.875,158.25,536.8341,478.64157
2017-07-20 03:30:00,2017-07-20 04:25:00,281,39.0,125.0,50.0,50.0,83.75,142.625,58.39102,122.28801
2017-07-20 03:35:00,2017-07-20 04:30:00,47,7.0,20.0,10.0,10.0,7.25,14.125,8.280083,14.699867
2017-07-20 03:35:00,2017-07-20 04:30:00,178,657.0,683.0,659.0,659.0,134.375,189.0,544.9528,510.92456
2017-07-20 03:35:00,2017-07-20 04:30:00,281,57.0,121.0,39.0,39.0,84.5,157.75,55.984375,135.43187
2017-07-20 03:40:00,2017-07-20 04:35:00,47,4.0,15.0,7.0,7.0,7.0,16.75,7.2451096,16.764145
2017-07-20 03:40:00,2017-07-20 04:35:00,178,646.0,681.0,657.0,657.0,118.875,179.0,534.7908,505.6408
2017-07-20 03:40:00,2017-07-20 04:35:00,281,67.0,157.0,57.0,57.0,93.0,163.375,63.583725,140.24913
2017-07-20 03:45:00,2017-07-20 04:40:00,47,12.0,20.0,4.0,4.0,8.625,24.0,6.860016,22.528366
2017-07-20 03:45:00,2017-07-20 04:40:00,178,658.0,692.0,646.0,646.0,135.75,191.375,536.8512,507.17145
2017-07-20 03:45:00,2017-07-20 04:40:00,281,64.0,172.0,67.0,67.0,107.375,184.0,76.57599,158.42412
2017-07-20 03:50:00,2017-07-20 04:45:00,47,9.0,35.0,12.0,12.0,8.5,22.625,9.096199,23.000801
2017-07-20 03:50:00,2017-07-20 04:45:00,178,656.0,689.0,658.0,658.0,133.625,203.875,540.72906,523.7846
2017-07-20 03:50:00,2017-07-20 04:45:00,281,71.0,167.0,64.0,64.0,108.5,213.625,81.55504,191.78882
2017-07-20 03:55:00,2017-07-20 04:50:00,47,9.0,29.0,9.0,9.0,7.625,26.125,9.047485,27.207222
2017-07-20 03:55:00,2017-07-20 04:50:00,178,653.0,681.0,656.0,656.0,134.875,212.25,541.6995,531.32025
2017-07-20 03:55:00,2017-07-20 04:50:00,281,56.0,187.0,71.0,71.0,101.875,218.75,83.83002,204.95773
2017-07-20 04:00:00,2017-07-20 04:55:00,47,8.0,33.0,9.0,9.0,7.25,30.625,8.9876175,31.926498
2017-07-20 04:00:00,2017-07-20 04:55:00,178,664.0,686.0,653.0,653.0,140.875,199.875,540.9091,515.11
2017-07-20 04:00:00,2017-07-20 04:55:00,281,71.0,168.0,56.0,56.0,88.125,189.375,66.0383,173.14355
2017-07-20 04:05:00,2017-07-20 05:00:00,47,6.0,24.0,8.0,8.0,10.125,29.625,9.310204,29.110428
2017-07-20 04:05:00,2017-07-20 05:00:00,178,652.0,696.0,664.0,664.0,126.625,217.375,540.6849,541.7278
2017-07-20 04:05:00,2017-07-20 05:00:00,281,100.0,175.0,71.0,71.0,110.75,212.0,80.0251,187.23274
2017-07-20 04:10:00,2017-07-20 05:05:00,47,9.0,22.0,6.0,6.0,8.75,31.75,7.8773117,31.275085
2017-07-20 04:10:00,2017-07-20 05:05:00,178,662.0,699.0,652.0,652.0,132.5,230.125,539.17914,548.72546
2017-07-20 04:10:00,2017-07-20 05:05:00,281,59.0,208.0,100.0,100.0,117.75,225.125,99.78743,209.18503
2017-07-20 04:15:00,2017-07-20 05:10:00,47,9.0,43.0,9.0,9.0,9.125,35.0,9.111549,34.91584
2017-07-20 04:15:00,2017-07-20 05:10:00,178,661.0,720.0,662.0,662.0,141.5,237.375,543.86005,552.6154
2017-07-20 04:15:00,2017-07-20 05:10:00,281,104.0,243.0,59.0,59.0,114.5,263.75,88.703476,242.70447
2017-07-20 04:20:00,2017-07-20 05:15:00,47,13.0,48.0,9.0,9.0,9.875,42.125,9.8472595,41.73416
2017-07-20 04:20:00,2017-07-20 05:15:00,178,675.0,704.0,661.0,661.0,157.125,260.375,551.6423,569.55817
2017-07-20 04:20:00,2017-07-20 05:15:00,281,112.0,280.0,104.0,104.0,136.25,315.875,114.42673,296.4282
2017-07-20 04:25:00,2017-07-20 05:20:00,47,16.0,52.0,13.0,13.0,13.0,44.0,12.148262,43.23591
2017-07-20 04:25:00,2017-07-20 05:20:00,178,666.0,725.0,675.0,675.0,158.25,290.25,557.42804,601.3842
2017-07-20 04:25:00,2017-07-20 05:20:00,281,125.0,329.0,112.0,112.0,142.625,314.75,119.512024,294.63712
2017-07-20 04:30:00,2017-07-20 05:25:00,47,20.0,55.0,16.0,16.0,14.125,41.0,13.344315,40.17507
2017-07-20 04:30:00,2017-07-20 05:25:00,178,683.0,752.0,666.0,666.0,189.0,311.875,568.62006,609.69073
2017-07-20 04:30:00,2017-07-20 05:25:00,281,121.0,322.0,125.0,125.0,157.75,350.625,135.95918,331.49292
2017-07-20 04:35:00,2017-07-20 05:30:00,47,15.0,61.0,20.0,20.0,16.75,53.5,17.676643,53.20716
2017-07-20 04:35:00,2017-07-20 05:30:00,178,681.0,752.0,683.0,683.0,179.0,348.125,574.68134,657.7846
2017-07-20 04:35:00,2017-07-20 05:30:00,281,157.0,330.0,121.0,121.0,163.375,347.25,136.80011,326.75082
2017-07-20 04:40:00,2017-07-20 05:35:00,47,20.0,68.0,15.0,15.0,24.0,66.25,21.151855,63.6071
2017-07-20 04:40:00,2017-07-20 05:35:00,178,692.0,757.0,681.0,681.0,191.375,364.875,580.232,669.7473
2017-07-20 04:40:00,2017-07-20 05:35:00,281,172.0,453.0,157.0,157.0,184.0,423.0,168.35326,406.41156
2017-07-20 04:45:00,2017-07-20 05:40:00,47,35.0,86.0,20.0,20.0,22.625,74.75,22.626488,74.29933
2017-07-20 04:45:00,2017-07-20 05:40:00,178,689.0,781.0,692.0,692.0,203.875,378.125,588.4063,679.61395
2017-07-20 04:45:00,2017-07-20 05:40:00,281,167.0,474.0,172.0,172.0,213.625,469.125,196.74463,453.60123
2017-07-20 04:50:00,2017-07-20 05:45:00,47,29.0,72.0,35.0,35.0,26.125,81.625,30.448647,84.16484
2017-07-20 04:50:00,2017-07-20 05:45:00,178,681.0,773.0,689.0,689.0,212.25,376.875,591.9727,676.26483
2017-07-20 04:50:00,2017-07-20 05:45:00,281,187.0,454.0,167.0,167.0,218.75,456.625,198.36452,440.98904
2017-07-20 04:55:00,2017-07-20 05:50:00,47,33.0,77.0,29.0,29.0,30.625,86.25,32.046127,87.053345
2017-07-20 04:55:00,2017-07-20 05:50:00,178,686.0,773.0,681.0,681.0,199.875,392.625,584.13153,694.56415
2017-07-20 04:55:00,2017-07-20 05:50:00,281,168.0,390.0,187.0,187.0,189.375,429.0,187.11646,426.83276
2017-07-20 05:00:00,2017-07-20 05:55:00,47,24.0,98.0,33.0,33.0,29.625,74.125,31.585052,75.80965
2017-07-20 05:00:00,2017-07-20 05:55:00,178,696.0,773.0,686.0,686.0,217.375,387.875,587.35175,678.8636
2017-07-20 05:00:00,2017-07-20 05:55:00,281,175.0,375.0,168.0,168.0,212.0,407.5,184.50208,387.2785
2017-07-20 05:05:00,2017-07-20 06:00:00,47,22.0,68.0,24.0,24.0,31.75,82.625,30.522964,81.868835
2017-07-20 05:05:00,2017-07-20 06:00:00,178,699.0,744.0,696.0,696.0,230.125,378.125,592.3279,662.6519
2017-07-20 05:05:00,2017-07-20 06:00:00,281,208.0,381.0,175.0,175.0,225.125,406.0,189.3813,376.91278
2017-07-20 05:10:00,2017-07-20 06:05:00,47,43.0,79.0,22.0,22.0,35.0,83.875,29.377678,79.663795
2017-07-20 05:10:00,2017-07-20 06:05:00,178,720.0,764.0,699.0,699.0,237.375,400.75,595.91754,680.612
2017-07-20 05:10:00,2017-07-20 06:05:00,281,243.0,299.0,208.0,208.0,263.75,393.75,212.5166,351.36652
2017-07-20 05:15:00,2017-07-20 06:10:00,47,48.0,87.0,43.0,43.0,42.125,102.75,41.639114,100.91306
2017-07-20 05:15:00,2017-07-20 06:10:00,178,704.0,794.0,720.0,720.0,260.375,484.5,620.80286,762.83044
2017-07-20 05:15:00,2017-07-20 06:10:00,281,280.0,487.0,243.0,243.0,315.875,470.625,256.68475,417.6914
2017-07-20 05:20:00,2017-07-20 06:15:00,47,52.0,106.0,48.0,48.0,44.0,116.25,48.086533,118.4813
2017-07-20 05:20:00,2017-07-20 06:15:00,178,725.0,793.0,704.0,704.0,290.25,444.25,616.998,701.1292
2017-07-20 05:20:00,2017-07-20 06:15:00,281,329.0,483.0,280.0,280.0,314.75,459.5,269.69128,417.68106
2017-07-20 05:25:00,2017-07-20 06:20:00,47,55.0,126.0,52.0,52.0,41.0,118.75,47.923836,123.02106
2017-07-20 05:25:00,2017-07-20 06:20:00,178,752.0,786.0,725.0,725.0,311.875,481.25,629.64014,728.4416
2017-07-20 05:25:00,2017-07-20 06:20:00,281,322.0,458.0,329.0,329.0,350.625,450.5,307.9242,410.4952
2017-07-20 05:30:00,2017-07-20 06:25:00,47,61.0,98.0,55.0,55.0,53.5,126.875,53.84105,125.97888
2017-07-20 05:30:00,2017-07-20 06:25:00,178,752.0,798.0,752.0,752.0,348.125,464.75,651.0303,701.19073
2017-07-20 05:30:00,2017-07-20 06:25:00,281,330.0,578.0,322.0,322.0,347.25,480.625,314.84003,448.40503
2017-07-20 05:35:00,2017-07-20 06:30:00,47,68.0,140.0,61.0,61.0,66.25,136.375,63.264996,133.08524
2017-07-20 05:35:00,2017-07-20 06:30:00,178,757.0,803.0,752.0,752.0,364.875,457.375,661.77734,688.4933
2017-07-20 05:35:00,2017-07-20 06:30:00,281,453.0,495.0,330.0,330.0,423.0,498.875,349.9414,435.79044
2017-07-20 05:40:00,2017-07-20 06:35:00,47,86.0,132.0,68.0,68.0,74.75,145.375,71.73294,141.84103
2017-07-20 05:40:00,2017-07-20 06:35:00,178,781.0,812.0,757.0,757.0,378.125,485.875,677.2351,719.8861
2017-07-20 05:40:00,2017-07-20 06:35:00,281,474.0,497.0,453.0,453.0,469.125,550.25,434.0567,513.43176
2017-07-20 05:45:00,2017-07-20 06:40:00,47,72.0,150.0,86.0,86.0,81.625,153.75,83.36146,153.72583
2017-07-20 05:45:00,2017-07-20 06:40:00,178,773.0,819.0,781.0,781.0,376.875,515.75,691.5604,759.1403
2017-07-20 05:45:00,2017-07-20 06:40:00,281,454.0,504.0,474.0,474.0,456.625,565.75,466.41565,567.1627
2017-07-20 05:50:00,2017-07-20 06:45:00,47,77.0,179.0,72.0,72.0,86.25,167.625,84.99821,166.30586
2017-07-20 05:50:00,2017-07-20 06:45:00,178,773.0,854.0,773.0,773.0,392.625,548.5,700.4993,786.7301
2017-07-20 05:50:00,2017-07-20 06:45:00,281,390.0,536.0,454.0,454.0,429.0,560.0,460.11987,579.6611
2017-07-20 05:55:00,2017-07-20 06:50:00,47,98.0,181.0,77.0,77.0,74.125,176.25,81.525764,181.44014
2017-07-20 05:55:00,2017-07-20 06:50:00,178,773.0,821.0,773.0,773.0,387.875,522.375,692.9221,763.18146
2017-07-20 05:55:00,2017-07-20 06:50:00,281,375.0,528.0,390.0,390.0,407.5,533.375,424.89526,548.47974
2017-07-20 06:00:00,2017-07-20 06:55:00,47,68.0,155.0,98.0,98.0,82.625,185.75,94.91592,194.25333
2017-07-20 06:00:00,2017-07-20 06:55:00,178,744.0,827.0,773.0,773.0,378.125,535.25,687.2395,776.82434
2017-07-20 06:00:00,2017-07-20 06:55:00,281,381.0,496.0,375.0,375.0,406.0,519.75,411.83752,527.7627
2017-07-20 06:05:00,2017-07-20 07:00:00,47,79.0,156.0,68.0,68.0,83.875,174.875,81.95784,174.17145
2017-07-20 06:05:00,2017-07-20 07:00:00,178,764.0,838.0,744.0,744.0,400.75,577.875,680.41504,796.5638
2017-07-20 06:05:00,2017-07-20 07:00:00,281,299.0,487.0,381.0,381.0,393.75,501.375,394.73618,502.85892
2017-07-20 06:10:00,2017-07-20 07:05:00,47,87.0,159.0,79.0,79.0,102.75,176.125,86.600914,163.5654
2017-07-20 06:10:00,2017-07-20 07:05:00,178,794.0,869.0,764.0,764.0,484.5,603.0,720.86816,790.1892
2017-07-20 06:10:00,2017-07-20 07:05:00,281,487.0,486.0,299.0,299.0,470.625,538.375,385.99976,477.2597
2017-07-20 06:15:00,2017-07-20 07:10:00,47,106.0,199.0,87.0,87.0,116.25,194.5,96.90186,178.80255
2017-07-20 06:15:00,2017-07-20 07:10:00,178,793.0,850.0,794.0,794.0,444.25,626.75,718.20667,840.1297
2017-07-20 06:15:00,2017-07-20 07:10:00,281,483.0,531.0,487.0,487.0,459.5,547.25,442.69925,530.2749
2017-07-20 06:20:00,2017-07-20 07:15:00,47,126.0,198.0,106.0,106.0,118.75,191.5,105.71762,180.21822
2017-07-20 06:20:00,2017-07-20 07:15:00,178,786.0,895.0,793.0,793.0,481.25,712.375,742.8335,915.68195
2017-07-20 06:20:00,2017-07-20 07:15:00,281,458.0,576.0,483.0,483.0,450.5,601.875,460.0952,602.37933
2017-07-20 06:25:00,2017-07-20 07:20:00,47,98.0,190.0,126.0,126.0,126.875,202.875,119.83083,194.82153
2017-07-20 06:25:00,2017-07-20 07:20:00,178,798.0,854.0,786.0,786.0,464.75,655.25,724.1504,860.9641
2017-07-20 06:25:00,2017-07-20 07:20:00,281,578.0,664.0,458.0,458.0,480.625,585.625,464.87842,570.19214
2017-07-20 06:30:00,2017-07-20 07:25:00,47,140.0,206.0,98.0,98.0,136.375,206.125,113.872734,187.80266
2017-07-20 06:30:00,2017-07-20 07:25:00,178,803.0,891.0,798.0,798.0,457.375,677.25,724.6012,886.8297
2017-07-20 06:30:00,2017-07-20 07:25:00,281,495.0,580.0,578.0,578.0,498.875,612.0,520.6267,618.2134
2017-07-20 06:35:00,2017-07-20 07:30:00,47,132.0,181.0,140.0,140.0,145.375,216.5,132.39624,203.53241
2017-07-20 06:35:00,2017-07-20 07:30:00,178,812.0,852.0,803.0,803.0,485.875,658.25,733.92236,853.93066
2017-07-20 06:35:00,2017-07-20 07:30:00,281,497.0,554.0,495.0,495.0,550.25,601.75,519.2167,574.99225
2017-07-20 06:40:00,2017-07-20 07:35:00,47,150.0,168.0,132.0,132.0,153.75,207.75,135.44327,192.24826
2017-07-20 06:40:00,2017-07-20 07:35:00,178,819.0,891.0,812.0,812.0,515.75,648.125,744.45496,825.5742
2017-07-20 06:40:00,2017-07-20 07:35:00,281,504.0,616.0,497.0,497.0,565.75,592.125,523.19836,558.3089
2017-07-20 06:45:00,2017-07-20 07:40:00,47,179.0,209.0,150.0,150.0,167.625,228.875,152.37224,214.49467
2017-07-20 06:45:00,2017-07-20 07:40:00,178,854.0,877.0,819.0,819.0,548.5,653.125,763.6122,822.22516
2017-07-20 06:45:00,2017-07-20 07:40:00,281,536.0,636.0,504.0,504.0,560.0,540.5,520.6028,511.3073
2017-07-20 06:50:00,2017-07-20 07:45:00,47,181.0,254.0,179.0,179.0,176.25,248.625,172.50473,242.16043
2017-07-20 06:50:00,2017-07-20 07:45:00,178,821.0,889.0,854.0,854.0,522.375,606.0,761.1298,791.66974
2017-07-20 06:50:00,2017-07-20 07:45:00,281,528.0,620.0,536.0,536.0,533.375,536.0,528.85767,531.8667
2017-07-20 06:55:00,2017-07-20 07:50:00,47,155.0,278.0,181.0,181.0,185.75,264.5,185.41641,262.04697
2017-07-20 06:55:00,2017-07-20 07:50:00,178,827.0,881.0,821.0,821.0,535.25,701.0,765.1662,874.97424
2017-07-20 06:55:00,2017-07-20 07:50:00,281,496.0,481.0,528.0,528.0,519.75,501.25,525.00146,505.25232
2017-07-20 07:00:00,2017-07-20 07:55:00,47,156.0,263.0,155.0,155.0,174.875,251.375,172.31699,249.70398
2017-07-20 07:00:00,2017-07-20 07:55:00,178,838.0,879.0,827.0,827.0,577.875,659.0,771.979,811.5771
2017-07-20 07:00:00,2017-07-20 07:55:00,281,487.0,510.0,496.0,496.0,501.375,490.0,501.93295,489.2198
2017-07-20 07:05:00,2017-07-20 08:00:00,47,159.0,222.0,156.0,156.0,176.125,237.75,165.25092,229.40204
2017-07-20 07:05:00,2017-07-20 08:00:00,178,869.0,889.0,838.0,838.0,603.0,653.125,778.83356,789.06445
2017-07-20 07:05:00,2017-07-20 08:00:00,281,486.0,554.0,487.0,487.0,538.375,460.875,502.24326,432.8305
2017-07-20 07:10:00,2017-07-20 08:05:00,47,199.0,229.0,159.0,159.0,194.5,236.75,172.45544,219.91058
2017-07-20 07:10:00,2017-07-20 08:05:00,178,850.0,869.0,869.0,869.0,626.75,677.0,794.6483,805.0745
2017-07-20 07:10:00,2017-07-20 08:05:00,281,531.0,500.0,486.0,486.0,547.25,505.5,494.28217,460.5878
2017-07-20 07:15:00,2017-07-20 08:10:00,47,198.0,235.0,199.0,199.0,191.5,255.5,190.74234,252.99191
2017-07-20 07:15:00,2017-07-20 08:10:00,178,895.0,894.0,850.0,850.0,712.375,709.625,834.3503,804.29944
2017-07-20 07:15:00,2017-07-20 08:10:00,281,576.0,571.0,531.0,531.0,601.875,499.5,533.15125,443.21536
2017-07-20 07:20:00,2017-07-20 08:15:00,47,190.0,288.0,198.0,198.0,202.875,260.375,200.15637,256.49478
2017-07-20 07:20:00,2017-07-20 08:15:00,178,854.0,894.0,895.0,895.0,655.25,672.25,828.1967,806.33813
2017-07-20 07:20:00,2017-07-20 08:15:00,281,664.0,501.0,576.0,576.0,585.625,498.5,549.65344,466.001
2017-07-20 07:25:00,2017-07-20 08:20:00,47,206.0,258.0,190.0,190.0,206.125,246.875,195.41385,237.53876
2017-07-20 07:25:00,2017-07-20 08:20:00,178,891.0,893.0,854.0,854.0,677.25,721.25,832.79114,843.4729
2017-07-20 07:25:00,2017-07-20 08:20:00,281,580.0,530.0,664.0,664.0,612.0,476.625,601.4418,461.71716
2017-07-20 07:30:00,2017-07-20 08:25:00,47,181.0,220.0,206.0,206.0,216.5,228.375,201.01758,215.035
2017-07-20 07:30:00,2017-07-20 08:25:00,178,852.0,911.0,891.0,891.0,658.25,712.5,838.3929,851.44946
2017-07-20 07:30:00,2017-07-20 08:25:00,281,554.0,511.0,580.0,580.0,601.75,478.375,590.75653,466.2468
2017-07-20 07:35:00,2017-07-20 08:30:00,47,168.0,186.0,181.0,181.0,207.75,219.75,189.02307,204.38863
2017-07-20 07:35:00,2017-07-20 08:30:00,178,891.0,901.0,852.0,852.0,648.125,762.0,828.0399,902.24243
2017-07-20 07:35:00,2017-07-20 08:30:00,281,616.0,456.0,554.0,554.0,592.125,472.625,582.7867,465.52673
2017-07-20 07:40:00,2017-07-20 08:35:00,47,209.0,208.0,168.0,168.0,228.875,208.625,185.8887,175.51353
2017-07-20 07:40:00,2017-07-20 08:35:00,178,877.0,906.0,891.0,891.0,653.125,752.875,845.16504,906.15
2017-07-20 07:40:00,2017-07-20 08:35:00,281,636.0,470.0,616.0,616.0,540.5,460.375,587.7361,494.89874
2017-07-20 07:45:00,2017-07-20 08:40:00,47,254.0,175.0,209.0,209.0,248.625,227.625,207.1582,193.06049
2017-07-20 07:45:00,2017-07-20 08:40:00,178,889.0,906.0,877.0,877.0,606.0,713.0,807.70123,870.138
2017-07-20 07:45:00,2017-07-20 08:40:00,281,620.0,528.0,636.0,636.0,536.0,460.25,605.373,511.97308
2017-07-20 07:50:00,2017-07-20 08:45:00,47,278.0,228.0,254.0,254.0,264.5,218.375,236.42268,193.25873
2017-07-20 07:50:00,2017-07-20 08:45:00,178,881.0,894.0,889.0,889.0,701.0,677.125,844.3308,791.4005
2017-07-20 07:50:00,2017-07-20 08:45:00,281,481.0,506.0,620.0,620.0,501.25,473.75,595.7352,546.226
2017-07-20 07:55:00,2017-07-20 08:50:00,47,263.0,209.0,278.0,278.0,251.375,209.25,252.30113,205.67087
2017-07-20 07:55:00,2017-07-20 08:50:00,178,879.0,888.0,881.0,881.0,659.0,685.625,833.24817,822.3853
2017-07-20 07:55:00,2017-07-20 08:50:00,281,510.0,596.0,481.0,481.0,490.0,466.375,535.3797,508.78247
2017-07-20 08:00:00,2017-07-20 08:55:00,47,222.0,207.0,263.0,263.0,237.75,206.25,250.71716,213.12036
2017-07-20 08:00:00,2017-07-20 08:55:00,178,889.0,854.0,879.0,879.0,653.125,689.75,830.6778,827.2516
2017-07-20 08:00:00,2017-07-20 08:55:00,281,554.0,499.0,510.0,510.0,460.875,439.75,507.17572,480.47412
2017-07-20 08:05:00,2017-07-20 09:00:00,47,229.0,197.0,222.0,222.0,236.75,187.5,232.55911,183.4169
2017-07-20 08:05:00,2017-07-20 09:00:00,178,869.0,872.0,889.0,889.0,677.0,634.375,828.22845,752.5115
2017-07-20 08:05:00,2017-07-20 09:00:00,281,500.0,404.0,554.0,554.0,505.5,419.5,534.4679,443.7967
2017-07-20 08:10:00,2017-07-20 09:05:00,47,235.0,191.0,229.0,229.0,255.5,182.5,236.6268,167.27206
2017-07-20 08:10:00,2017-07-20 09:05:00,178,894.0,871.0,869.0,869.0,709.625,681.25,839.8209,781.9429
2017-07-20 08:10:00,2017-07-20 09:05:00,281,571.0,394.0,500.0,500.0,499.5,405.25,510.6039,417.07562
2017-07-20 08:15:00,2017-07-20 09:10:00,47,288.0,170.0,235.0,235.0,260.375,186.375,243.36493,173.15172
2017-07-20 08:15:00,2017-07-20 09:10:00,178,894.0,916.0,894.0,894.0,672.25,697.75,830.709,818.5391
2017-07-20 08:15:00,2017-07-20 09:10:00,281,501.0,409.0,571.0,571.0,498.5,415.625,533.6798,442.73245
2017-07-20 08:20:00,2017-07-20 09:15:00,47,258.0,191.0,288.0,288.0,246.875,203.75,265.76447,215.87334
2017-07-20 08:20:00,2017-07-20 09:15:00,178,893.0,908.0,894.0,894.0,721.25,750.125,860.9816,857.5462
2017-07-20 08:20:00,2017-07-20 09:15:00,281,530.0,394.0,501.0,501.0,476.625,427.0,503.26154,449.05963
2017-07-20 08:25:00,2017-07-20 09:20:00,47,220.0,188.0,258.0,258.0,228.375,194.25,253.15486,213.72174
2017-07-20 08:25:00,2017-07-20 09:20:00,178,911.0,906.0,893.0,893.0,712.5,650.0,838.0569,751.02264
2017-07-20 08:25:00,2017-07-20 09:20:00,281,511.0,471.0,530.0,530.0,478.375,414.25,511.29706,439.10675
2017-07-20 08:30:00,2017-07-20 09:25:00,47,186.0,185.0,220.0,220.0,219.75,188.75,234.30148,201.9129
2017-07-20 08:30:00,2017-07-20 09:25:00,178,901.0,884.0,911.0,911.0,762.0,688.0,869.2982,769.616
2017-07-20 08:30:00,2017-07-20 09:25:00,281,456.0,414.0,511.0,511.0,472.625,405.125,502.61688,428.36298
2017-07-20 08:35:00,2017-07-20 09:30:00,47,208.0,168.0,186.0,186.0,208.625,192.875,209.61276,195.48883
2017-07-20 08:35:00,2017-07-20 09:30:00,178,906.0,884.0,901.0,901.0,752.875,660.625,869.14136,752.909
2017-07-20 08:35:00,2017-07-20 09:30:00,281,470.0,412.0,456.0,456.0,460.375,420.5,472.11066,432.7076
2017-07-20 08:40:00,2017-07-20 09:35:00,47,175.0,220.0,208.0,208.0,227.625,186.5,216.86162,179.93967
2017-07-20 08:40:00,2017-07-20 09:35:00,178,906.0,880.0,906.0,906.0,713.0,684.5,870.0604,807.2366
2017-07-20 08:40:00,2017-07-20 09:35:00,281,528.0,468.0,470.0,470.0,460.25,402.0,463.6614,408.11328
2017-07-20 08:45:00,2017-07-20 09:40:00,47,228.0,199.0,175.0,175.0,218.375,205.625,200.78137,194.86443
2017-07-20 08:45:00,2017-07-20 09:40:00,178,894.0,878.0,906.0,906.0,677.125,784.625,872.03125,934.3806
2017-07-20 08:45:00,2017-07-20 09:40:00,281,506.0,427.0,528.0,528.0,473.75,411.125,495.44714,427.6668
2017-07-20 08:50:00,2017-07-20 09:45:00,47,209.0,215.0,228.0,228.0,209.25,191.625,209.57138,192.99075
2017-07-20 08:50:00,2017-07-20 09:45:00,178,888.0,886.0,894.0,894.0,685.625,678.875,848.8734,809.3997
2017-07-20 08:50:00,2017-07-20 09:45:00,281,596.0,386.0,506.0,506.0,466.375,411.875,500.39285,438.7779
2017-07-20 08:55:00,2017-07-20 09:50:00,47,207.0,171.0,209.0,209.0,206.25,204.625,208.92038,206.97261
2017-07-20 08:55:00,2017-07-20 09:50:00,178,854.0,871.0,888.0,888.0,689.75,667.0,844.4856,790.2983
2017-07-20 08:55:00,2017-07-20 09:50:00,281,499.0,416.0,596.0,596.0,439.75,412.375,530.01404,478.1772
